,57,51,55,122,123,124,125,127,129,145,130,53,126,29,67,149,72,81,84,86,172,87,88,89,70,71,80,82,85,225,140,143,12,227,226,14,15,16,11,138,150,13,131,19,20,21,22,32,38,39,210,25,26,43,47,139,49,50,151,61,62,66,68,97,107,99,101,104,106,18,44,46,30,37,40,48,54,60,65,92,98,100,105,169,111,170,232,112,113,119,218,171,73,77,78,176,167,178,187,174,154,184,194,165,155,156,179,153,173,163,164,198,180,182,183,161,158,181,159,188,189,190,191,192,193,200,201,205,214,199,209,211,212,213,215,216,206,208,207,152,157,8,9,17,31,132,34,186,177,168,195,185,160,142,42,75,45,58,56,52,137,63,74,83,141,117,79,91,93,94,96,103,109,115,116,5,59,28,114,36,33,110,64,144,76,135,90,102,120,134,121,95,133,136,219,24,217,147,230,221,231,148,166,202,203,196,233,108,128,118,69,23,27,10,229,228,35,41,222,223,224,175,162,204,197,220,234,235,236,237,238,239,240,241,262,242,243,244,245,246,247,248,249,250,251,252,253,254,255,256,257,258,259,260,261,263,264,265,146
57,0.0,1143.0,2496.5,1822.3,782.0,1507.2,827.9,370.1,4130.9,6382.8,2270.1,438.6,531.2,442.1,4556.6,6984.4,4405.9,2143.7,1047.3,3482.3,3396.4,5426.6,7220.3,720.4,7774.2,11706.8,4424.9,1624.0,1156.8,5305.7,1796.5,764.0,2127.9,7130.6,10020.9,1046.4,565.7,1841.8,2477.8,913.5,1397.8,739.4,394.7,731.4,475.6,637.7,2104.8,10098.1,1881.7,1853.2,8321.5,1712.6,1452.4,466.1,469.0,942.7,427.5,478.3,3187.2,1697.2,2798.7,1406.9,2310.9,433.1,557.4,385.4,253.7,2307.5,1848.2,1091.5,408.7,605.3,528.0,76.9,2456.9,421.8,2488.8,1824.5,1371.2,1169.5,684.9,405.1,5978.4,10312.0,1040.7,10312.0,4039.9,444.9,9955.5,1278.1,5833.7,1645.4,1089.8,10270.3,460.4,9599.8,10065.6,3411.8,10688.9,6493.1,11275.9,5020.9,9153.3,7788.9,3187.2,3654.7,3411.8,11275.9,6493.1,10047.1,7989.5,4381.1,3411.8,6158.1,5020.9,1505.2,3438.3,6158.1,7957.5,10673.4,10682.0,10637.8,841.7,6495.4,1708.5,700.4,1454.8,3284.2,12087.7,752.5,8321.5,8321.5,7743.3,9020.9,8074.9,8074.9,3339.3,3415.6,7740.5,11381.5,3438.3,2580.2,1136.0,2439.0,1150.4,1240.3,8138.0,5426.4,3411.8,10312.0,9153.3,1117.5,1350.6,863.9,454.4,829.9,533.9,919.3,1601.3,1240.1,331.7,1402.1,4108.6,1744.6,705.5,643.8,1433.8,3389.1,1956.3,573.5,736.9,374.5,493.0,733.0,449.5,337.4,946.7,764.0,757.2,107.8,9290.8,1013.3,1412.5,337.4,1691.9,370.1,4734.6,945.2,1015.1,394.7,1263.7,10635.8,1137.0,654.8,8678.7,1739.6,8825.1,3654.7,3205.7,4931.1,7898.1,6984.4,7788.9,7698.1,3179.9,11746.4,10614.9,29991.0,2646.4,1015.0,8164.1,1498.1,913.5,3591.6,9974.0,864.7,8221.3,326.3,7806.8,5529.9,1298.5,9599.8,11034.6,3215.9,4381.1,6750.1,9337.7,11378.2,9126.8,9406.8,13057.0,9572.3,11874.5,5133.6,7360.3,4915.6,5880.6,7016.5,13434.8,15813.0,10646.0,12448.2,9282.8,12240.5,8325.4,1175.6,8641.8,589.9,6485.5,7527.6,9401.1,6949.5,1484.6,5165.2,3415.6,4648.5,7770.2,5449.5,6382.8
51,1143.0,0.0,1749.4,1189.2,1083.8,1005.4,1030.5,781.8,3145.1,5397.0,1523.0,1558.8,1378.3,1489.1,3670.7,5998.5,4401.9,1779.4,982.6,2735.2,3848.6,4679.5,6500.9,510.5,6788.4,10721.0,3439.1,1696.1,77.8,4419.8,1147.9,691.2,3182.4,5880.6,9393.9,103.4,709.7,2771.3,1730.7,433.2,1185.2,1786.3,1441.7,477.1,755.3,1204.7,1147.1,9112.3,2883.2,2795.7,7335.7,702.2,1904.6,1329.1,1332.0,276.9,1064.7,661.2,2352.8,2709.7,1816.1,1124.5,1563.8,1106.1,1604.4,1432.3,916.6,1164.5,2902.7,936.1,1279.6,1452.4,1575.0,1095.7,3467.9,1136.9,1741.7,2835.5,1130.1,196.2,1121.2,1095.2,4992.6,9326.1,432.2,9326.1,3038.6,1315.7,8969.7,2332.6,5114.3,502.4,1109.7,9284.5,1150.6,8614.0,9079.7,2426.0,10062.0,5507.2,10290.1,4035.0,8332.5,6803.0,2352.8,4036.1,2426.0,10290.1,5507.2,9061.3,7168.7,3395.3,2426.0,6610.3,4035.0,1957.4,2452.5,6610.3,7210.4,10046.4,10055.0,10010.8,1373.1,5509.5,587.9,1183.6,1715.8,3679.4,11101.9,1125.3,7335.7,7335.7,6757.5,8200.0,7089.1,7089.1,3734.5,3810.8,6754.6,10395.7,2452.5,1833.1,978.7,1424.7,919.1,1689.5,7390.9,4440.6,2426.0,9326.1,8332.5,358.9,1179.0,1005.0,1169.6,1049.9,1390.9,301.4,2655.8,97.1,889.3,1180.9,3361.5,1125.3,1752.5,813.2,1694.8,2403.2,1450.0,1329.1,592.9,845.8,1362.7,566.2,1496.5,1384.4,281.6,690.2,1168.6,1115.1,8304.9,1498.0,1240.2,1384.4,2101.2,781.8,3748.8,860.8,963.5,1441.7,1796.1,9649.9,979.7,1193.7,7692.9,748.5,8004.3,4036.1,2219.8,3945.3,7033.8,5998.5,6803.0,6712.3,3582.1,10760.5,9867.8,29005.2,1632.1,981.6,7178.3,569.1,433.2,2844.5,8988.2,1619.3,7474.2,1469.2,7059.7,4695.5,1138.4,8614.0,10048.8,3611.1,3395.3,5764.3,8351.9,10631.1,8262.4,8421.0,12071.2,8586.5,10888.7,4141.4,6374.5,5583.3,4894.8,6030.6,12449.0,14827.1,9660.2,11462.4,8297.0,11254.7,7339.5,1018.3,7656.0,640.9,5499.7,6541.8,8415.3,5709.1,341.6,4173.1,3810.8,4960.2,6784.4,4463.6,5397.0
55,2496.5,1749.4,0.0,2701.6,2668.7,2561.3,2615.3,2179.9,2694.3,4946.2,226.5,2884.0,2792.0,2880.4,5158.0,5547.8,5896.9,3274.4,2640.3,1820.5,5506.3,3817.8,7995.9,1793.7,6337.6,10270.3,2988.3,3353.9,1733.3,5585.2,2660.3,2244.4,4573.4,5694.1,8412.2,1846.7,1936.8,4249.5,137.7,1986.5,2741.2,3177.7,2833.0,1793.2,2013.2,2757.1,2056.3,8661.6,4320.0,4273.9,6884.9,1664.1,3562.3,2726.9,2729.8,1584.3,2462.8,2160.4,3840.1,4135.5,1277.8,2680.4,246.0,2504.2,2995.7,2823.7,2314.8,2409.5,4293.6,2593.8,2677.3,2866.0,2966.3,2419.7,4895.2,2534.7,45.0,4262.8,2686.0,1905.3,2663.9,2493.0,4541.8,8875.4,2082.1,8875.4,2541.8,2713.5,8519.0,3723.5,6609.3,1945.0,2767.4,8833.7,2548.4,8163.2,8629.0,1975.3,9080.2,5056.5,9839.3,3584.3,9595.2,6352.3,3840.1,5693.8,1975.3,9839.3,5056.5,8610.5,8431.4,2944.6,1975.3,8268.0,3584.3,3615.1,2001.7,8268.0,6348.8,9064.6,9073.3,9029.0,3000.6,5058.8,2028.0,2768.4,3373.5,5337.1,10651.2,2710.2,6884.9,6884.9,6237.4,9462.7,6638.4,6638.4,5392.3,5468.5,6196.4,9944.9,2001.7,561.6,2636.5,1002.5,2576.8,3347.2,6529.2,3989.8,1975.3,8875.4,9595.2,1411.3,2734.9,2589.8,2567.3,2634.7,2794.7,1599.9,4046.7,1659.8,2287.5,2736.8,2514.7,2637.6,3143.8,2313.1,3352.5,1952.5,3031.9,2834.3,1777.9,2243.9,2760.5,1763.9,2887.8,2775.7,1663.7,2243.4,2753.4,2512.8,7854.2,3155.7,2796.1,2775.7,3758.9,2179.9,3298.1,2445.6,2570.9,2833.0,3453.8,9199.2,2637.4,2778.5,7172.7,1691.2,9266.9,5693.8,1769.1,3494.5,6421.0,5547.8,6352.3,6172.6,5239.8,10309.8,9006.2,28554.5,1209.9,2639.4,6658.1,1464.5,1986.5,1487.6,8537.4,3125.5,6612.6,2771.7,6198.1,6182.8,2758.7,8163.2,9598.1,5268.9,2944.6,5313.5,7901.2,9769.5,7649.7,7970.3,11620.4,8135.7,10437.9,3571.7,5923.7,7241.0,4444.1,5510.5,11998.3,14376.4,9209.4,11011.6,7846.2,10803.9,6819.4,2676.0,7135.8,1913.5,5049.0,6091.1,7895.2,5512.9,1898.3,3603.3,5468.5,6455.2,6333.6,4012.9,4946.2
122,1822.3,1189.2,2701.6,0.0,1050.1,326.4,1024.5,1625.9,4073.6,4507.5,2475.2,1950.7,1346.0,1691.0,2720.7,5169.9,3300.4,677.9,909.5,3687.4,3241.6,5426.2,5399.3,1539.6,5898.9,9831.5,4367.5,997.8,1252.2,3469.8,41.3,1218.5,3243.5,4942.7,10322.4,1232.8,1749.5,2570.9,2682.9,1270.6,506.2,1895.9,1634.2,1506.2,1729.5,1307.3,1484.0,8222.8,2682.8,2595.3,8264.1,1370.7,1554.7,1356.2,1379.1,1466.2,1569.8,1533.0,1366.2,2509.3,2744.6,445.4,2516.0,1567.4,1740.9,1626.4,1730.8,773.0,2963.7,730.9,1487.2,1420.1,1891.1,1898.6,3267.6,1534.4,2693.9,2635.2,451.1,1090.8,1223.9,1582.5,5921.0,8436.6,1068.0,8436.6,3967.1,1561.2,9228.9,2566.9,4012.7,817.1,865.4,8455.8,1525.6,7724.4,8190.2,3354.5,10990.5,4836.1,9400.6,3525.8,7332.3,5851.0,1366.2,3283.0,3354.5,9400.6,4836.1,8171.8,6168.5,4323.8,3354.5,5903.2,3525.8,1477.6,3380.9,5903.2,7957.1,10974.9,10983.5,10939.3,1325.8,4682.7,731.5,1149.9,1192.6,2926.3,10212.4,1091.7,8264.1,8264.1,7686.0,7199.9,6199.6,6199.6,2981.5,3057.7,7683.1,9725.1,3380.9,2785.3,686.3,2353.2,745.8,1340.8,8137.6,3790.1,3354.5,8436.6,7332.3,1454.9,499.9,1053.4,1523.9,1075.0,1362.3,1490.7,2684.3,1229.8,1733.5,501.9,4108.2,93.0,1890.2,1395.4,1132.0,3331.7,435.4,1296.8,1643.6,1689.9,1478.9,1617.0,1632.0,1675.0,1470.8,1221.2,1134.8,1723.2,7415.4,1450.7,561.1,1675.0,1503.4,1625.9,4099.8,1082.2,963.4,1634.2,1623.0,8821.3,685.3,1259.6,8621.3,1416.9,7004.1,3283.0,3148.3,3351.9,7962.2,5169.9,5851.0,7640.8,2837.1,9871.0,10614.5,28115.7,2560.6,934.4,8106.8,1497.6,1270.6,3796.7,8159.5,1585.6,8221.0,1871.2,7806.5,3708.9,523.8,7724.4,9159.3,2858.1,4323.8,6692.8,7523.2,11377.9,9190.9,7592.3,11181.6,8845.7,9999.1,5069.9,7303.0,5109.1,5823.3,6959.1,11559.5,13937.6,8831.5,10572.9,7553.3,10365.2,8268.0,648.1,8584.5,1670.0,6428.2,7470.3,9343.8,4771.2,977.8,5101.6,3057.7,3858.6,5840.0,3574.1,4507.5
123,782.0,1083.8,2668.7,1050.1,0.0,735.1,55.8,737.0,4303.1,5556.4,2442.2,910.4,305.8,650.8,3769.6,6218.7,3766.7,1504.5,284.7,3654.4,2946.9,5598.7,6448.2,1054.2,6947.7,10880.4,4597.0,984.7,1146.8,4518.7,1024.3,558.8,2376.5,5991.5,10193.0,1018.9,1020.6,1768.9,2650.0,691.4,625.7,853.4,594.0,1019.9,878.7,276.1,2195.6,9271.7,1880.8,1793.2,8493.6,1750.8,1002.9,315.9,338.9,1084.4,538.5,682.2,2415.1,1707.3,2970.8,634.8,2483.1,536.1,700.7,586.1,699.5,1767.2,2096.8,319.4,447.0,379.8,850.9,858.3,2465.5,503.1,2661.0,1833.2,599.1,941.4,192.6,551.2,6150.5,9485.5,707.1,9485.5,4212.0,521.0,10127.7,1526.6,5061.6,1307.5,421.0,9504.7,494.3,8773.3,9239.1,3584.0,10861.1,5885.0,10449.4,4574.7,8381.2,6899.9,2415.1,3163.5,3584.0,10449.4,5885.0,9220.6,7217.4,4553.3,3584.0,5708.6,4574.7,1055.7,3610.4,5708.6,8129.6,10845.5,10854.1,10809.9,359.6,5731.6,1282.2,109.6,843.2,2806.8,11261.3,51.4,8493.6,8493.6,7915.5,8248.7,7248.5,7248.5,2861.9,2938.2,7912.6,10774.0,3610.4,2752.3,363.9,2611.2,378.3,787.8,8310.1,4838.9,3584.0,9485.5,8381.2,1278.1,578.5,89.5,494.8,58.1,322.0,1075.7,1849.8,1145.6,780.9,630.0,4280.7,972.5,850.0,646.6,822.2,3561.2,1219.5,256.6,1120.2,801.0,438.7,1116.4,591.8,634.7,1016.9,561.5,130.4,683.0,8464.3,565.9,640.3,634.7,1228.6,737.0,4906.8,223.0,290.5,594.0,836.6,9870.1,364.9,219.3,8850.8,1797.0,8052.9,3163.5,3377.8,4400.8,8070.3,6218.7,6899.9,7870.2,2709.5,10919.9,10787.0,29164.6,2818.6,266.3,8336.2,1579.4,691.4,3763.8,9208.4,543.1,8393.5,831.0,7979.0,4757.8,526.4,8773.3,10208.2,2738.5,4553.3,6922.2,8572.1,11550.4,9299.0,8641.2,12230.5,9744.5,11048.0,5305.7,7532.4,4635.4,6052.8,7188.6,12608.4,14986.5,9880.4,11621.8,8602.1,11414.0,8497.5,403.5,8813.9,980.1,6657.7,7699.8,9573.3,5820.1,1240.0,5337.4,2938.2,4157.3,6888.9,4623.0,5556.4
124,1507.2,1005.4,2561.3,326.4,735.1,0.0,709.4,1310.8,3933.3,4832.6,2334.9,1635.6,1031.0,1376.0,3045.9,5495.0,3419.3,939.0,594.4,3547.1,3104.7,5286.0,5724.4,1354.5,6224.0,10156.6,4227.3,770.4,1068.3,3794.9,300.6,903.5,2932.2,5267.8,10182.1,1049.0,1498.3,2259.6,2542.7,1023.6,191.1,1580.8,1319.1,1321.1,1414.4,992.3,1706.4,8547.9,2371.5,2284.0,8123.9,1261.5,1274.9,1041.1,1064.1,1282.3,1254.7,1217.9,1691.4,2198.1,2604.4,130.4,2375.8,1252.4,1425.9,1311.3,1415.8,1043.4,2652.5,415.8,1172.2,1105.0,1576.1,1583.5,2956.3,1219.3,2553.7,2323.9,136.0,907.0,908.8,1267.4,5780.8,8761.7,883.0,8761.7,3826.8,1246.2,9757.9,2251.8,4337.8,644.1,550.3,8780.9,1210.5,8049.6,8515.3,3214.2,10850.2,5161.2,9725.7,3850.9,7657.5,6176.1,1691.4,3146.1,3214.2,9725.7,5161.2,8496.9,6493.6,4183.5,3214.2,5766.3,3850.9,1237.4,3240.7,5766.3,7816.9,10834.6,10843.3,10799.0,1010.7,5007.8,558.5,834.8,939.6,2789.4,10537.5,776.6,8123.9,8123.9,7545.8,7525.0,6524.7,6524.7,2844.5,2920.8,7542.9,10050.3,3240.7,2645.1,371.2,2212.9,430.8,1029.5,7997.4,4115.2,3214.2,8761.7,7657.5,1271.0,184.9,738.3,1208.9,760.0,1047.2,1306.8,2373.0,1067.2,1418.4,186.8,3968.0,248.7,1575.2,1080.3,891.7,3191.5,529.9,981.7,1458.5,1374.8,1163.8,1431.9,1317.0,1359.9,1287.0,906.1,819.8,1408.2,7740.6,1135.6,246.1,1359.9,1263.1,1310.8,4537.0,767.2,648.3,1319.1,1311.7,9146.4,370.3,944.5,8481.1,1307.8,7329.2,3146.1,3008.1,3677.1,7822.0,5495.0,6176.1,7500.5,2700.2,10196.1,10474.3,28440.8,2420.3,619.3,7966.5,1357.4,1023.6,3656.5,8484.6,1270.5,8080.7,1556.2,7666.2,4034.0,208.7,8049.6,9484.4,2721.1,4183.5,6552.5,7848.4,11237.6,9050.7,7917.4,11506.8,9374.7,10324.3,4929.7,7162.7,4934.7,5683.0,6818.9,11884.6,14262.7,9156.6,10898.0,7878.4,10690.3,8127.8,333.0,8444.2,1476.2,6287.9,7330.0,9203.5,5096.3,804.8,4961.3,2920.8,4122.7,6165.1,3899.2,4832.6
125,827.9,1030.5,2615.3,1024.5,55.8,709.4,0.0,751.1,4249.8,5530.7,2388.9,956.3,351.7,696.7,3744.0,6193.1,3753.7,1491.4,259.1,3601.1,2982.2,5545.4,6422.6,1045.3,6922.1,10854.7,4543.7,971.7,1093.4,4493.0,998.7,505.5,2422.4,5965.9,10139.7,965.5,993.3,1817.1,2596.7,638.1,600.0,901.5,639.9,1010.9,869.8,290.1,2142.3,9246.0,1929.0,1841.4,8440.3,1697.4,1038.1,361.9,384.8,1031.0,552.6,673.3,2389.5,1755.5,2917.5,609.2,2429.7,550.2,746.6,632.1,713.6,1741.5,2142.7,293.8,492.9,425.7,896.8,904.2,2513.7,517.2,2607.7,1881.3,573.4,888.0,206.7,565.3,6097.2,9459.8,653.8,9459.8,4158.7,566.9,10074.4,1572.6,5035.9,1254.1,395.3,9479.0,508.4,8747.7,9213.5,3530.7,10807.8,5859.4,10423.8,4549.0,8355.6,6874.2,2389.5,3191.7,3530.7,10423.8,5859.4,9195.0,7191.8,4500.0,3530.7,5743.9,4549.0,1091.0,3557.1,5743.9,8076.3,10792.2,10800.8,10756.6,387.7,5705.9,1282.6,155.5,871.4,2835.0,11235.6,97.3,8440.3,8440.3,7862.2,8223.1,7222.8,7222.8,2890.1,2966.4,7859.3,10748.4,3557.1,2699.0,338.3,2557.9,352.6,823.1,8256.8,4813.3,3530.7,9459.8,8355.6,1224.8,552.9,36.2,506.7,57.9,368.0,1022.4,1895.8,1092.3,795.0,604.4,4227.4,946.8,895.9,593.3,850.4,3507.9,1193.8,302.5,1111.3,815.1,484.6,1107.5,637.7,680.7,963.5,508.1,140.5,728.9,8438.7,608.1,614.7,680.7,1256.8,751.1,4853.5,169.7,237.2,639.9,878.8,9844.5,339.2,265.3,8797.5,1743.7,8027.3,3191.7,3324.5,4375.2,8017.0,6193.1,6874.2,7816.9,2737.7,10894.2,10733.7,29138.9,2765.3,240.7,8282.9,1526.1,638.1,3710.4,9182.7,591.3,8340.1,876.9,7925.6,4732.1,500.7,8747.7,10182.5,2766.7,4500.0,6868.9,8546.5,11497.1,9245.7,8615.6,12204.9,9691.1,11022.4,5252.4,7479.1,4677.6,5999.4,7135.3,12582.7,14960.8,9854.7,11596.1,8576.5,11388.4,8444.2,377.8,8760.6,971.1,6604.4,7646.5,9520.0,5794.4,1186.7,5284.1,2966.4,4185.4,6863.2,4597.4,5530.7
127,370.1,781.8,2179.9,1625.9,737.0,1310.8,751.1,0.0,3814.3,6066.2,1953.5,781.9,617.3,712.2,4200.0,6667.8,4441.7,2179.5,946.3,3165.7,3482.6,5110.0,7002.9,418.2,7457.6,11390.2,4108.3,1659.8,821.7,4949.1,1600.1,407.4,2405.5,6409.9,9704.3,685.2,342.8,2074.8,2161.2,548.7,1197.2,1009.5,664.8,396.2,243.4,582.5,1788.2,9781.5,2151.8,2099.2,8004.9,1397.2,1538.5,552.2,555.1,607.6,287.8,121.7,2882.1,1967.2,2482.1,1210.5,1994.3,329.2,827.5,655.4,139.7,1946.3,2125.8,899.8,502.7,691.4,798.0,322.9,2727.0,360.0,2172.2,2094.6,1174.8,808.3,597.3,318.3,5661.8,9995.4,676.0,9995.4,3723.3,538.8,9638.9,1555.7,5616.3,1284.1,1073.3,9953.7,373.7,9283.2,9749.0,3095.2,10372.3,6176.5,10959.3,4704.3,8861.8,7472.3,2882.1,3740.8,3095.2,10959.3,6176.5,9730.5,7698.0,4064.5,3095.2,6244.3,4704.3,1591.3,3121.7,6244.3,7640.9,10356.8,10365.4,10321.2,927.8,6178.8,1347.3,714.2,1540.9,3370.3,11771.1,737.2,8004.9,8004.9,7426.8,8729.3,7758.3,7758.3,3425.5,3501.7,7423.9,11064.9,3121.7,2263.6,942.4,2122.4,882.8,1326.5,7821.4,5109.8,3095.2,9995.4,8861.8,787.9,1154.2,723.5,392.7,702.6,620.0,584.2,1878.9,878.9,112.4,1201.5,3792.0,1548.2,975.6,287.2,1519.9,3072.5,1795.2,659.6,486.8,68.9,585.8,482.9,719.5,607.5,611.5,407.4,843.4,338.2,8974.2,1099.4,1216.1,607.5,1778.0,0.0,4418.0,591.3,716.5,664.8,1349.8,10319.2,943.4,666.6,8362.1,1423.0,8533.5,3740.8,2889.1,4614.5,7581.6,6667.8,7472.3,7381.5,3266.0,11429.8,10298.3,29674.4,2329.8,945.3,7847.5,1163.0,548.7,3275.0,9657.4,950.8,7904.7,702.5,7490.2,5224.8,1102.1,9283.2,10718.1,3302.1,4064.5,6433.5,9021.1,11061.6,8810.2,9090.2,12740.4,9255.7,11557.9,4817.0,7043.7,5121.2,5564.0,6699.9,13118.2,15496.4,10329.4,12131.6,8966.2,11923.9,8008.8,982.0,8325.2,346.6,6168.9,7211.0,9084.5,6238.4,1123.4,4848.6,3501.7,4734.6,7453.6,5132.9,6066.2
129,4130.9,3145.1,2694.3,4073.6,4303.1,3933.3,4249.8,3814.3,0.0,2372.7,2468.0,4518.4,4426.4,4514.9,4056.6,2974.2,5406.2,4224.9,4078.8,2782.1,6111.7,3774.6,7015.1,3428.1,3764.0,7696.6,716.1,4711.1,3194.3,4424.5,4032.2,3878.8,6207.8,3120.5,7997.7,3248.5,3571.3,5883.9,2675.7,3620.9,4113.1,4812.1,4467.4,3427.6,3647.6,4391.6,3480.5,6088.0,5954.4,5908.3,5506.1,3088.3,5000.8,4361.3,4364.2,3218.7,4097.3,3794.8,3251.2,5769.9,1965.4,4052.4,2508.8,4138.6,4630.1,4458.1,3949.2,3781.5,5928.0,4032.3,4311.8,4500.5,4600.7,4054.1,6529.6,4169.1,2686.7,5897.2,4058.0,3341.3,4298.3,4127.4,2983.1,6301.8,3552.6,6301.8,1877.7,4347.9,6610.9,5357.9,5854.9,3316.9,4205.9,6260.1,4182.8,5589.6,6055.4,979.1,8665.8,2482.9,7265.7,1010.7,8434.5,3778.7,3251.2,5708.7,979.1,7265.7,2482.9,6036.9,7270.7,439.9,979.1,8452.6,1010.7,5053.6,1083.4,8452.6,6244.0,8650.2,8658.8,8614.6,4469.3,2485.2,3400.0,4402.8,4812.0,5829.1,8077.6,4344.6,5506.1,5506.1,5361.3,8302.0,4064.8,4064.8,5788.3,5809.3,5358.4,7371.3,1083.4,2587.6,4074.9,1799.2,4015.3,4785.7,6433.8,1416.2,979.1,6301.8,8434.5,3045.8,4106.9,4224.3,4201.8,4269.1,4429.1,3234.4,5681.1,3050.1,3921.9,4108.8,3095.0,4009.6,4778.2,3947.5,4791.0,1034.1,4403.9,4468.7,3412.3,3878.4,4394.9,3398.3,4522.2,4410.1,3298.2,3877.8,4387.8,4147.2,5280.6,4594.2,4168.1,4410.1,5197.4,3814.3,805.6,4080.1,4205.3,4467.4,4892.3,6625.6,4075.9,4412.9,5901.1,3115.4,8106.2,5708.7,931.9,920.9,5637.6,2974.2,3778.7,5316.1,5707.2,7736.2,8901.4,25980.8,1602.8,4077.8,5782.1,2836.5,3620.9,3266.5,5963.8,4759.9,6517.1,4406.1,6019.1,4956.4,4130.7,5589.6,7024.5,5728.1,439.9,3934.8,5327.6,9604.1,6771.1,5396.6,9046.8,6227.7,7864.3,2847.7,4545.0,8029.0,3065.3,4634.4,9424.7,11802.8,6635.8,8438.0,5272.6,8230.3,5646.3,4114.5,5791.3,3547.9,3670.2,4712.3,6722.1,2939.3,3291.7,2839.4,5809.3,5964.4,3760.0,1439.3,2372.7
145,6382.8,5397.0,4946.2,4507.5,5556.4,4832.6,5530.7,6066.2,2372.7,0.0,4719.9,6770.3,5852.2,6197.3,4389.6,662.4,5739.2,4557.9,5415.7,5112.5,6444.7,6105.0,7348.1,5680.0,1391.4,5324.0,2376.4,5207.4,5446.2,4757.5,4543.5,5567.3,7462.2,1075.7,9061.8,5500.4,5823.2,6743.5,4927.6,5872.8,5012.4,6402.1,6140.4,5679.5,5899.5,5813.6,4268.8,3715.3,6855.4,6767.9,6116.4,4684.4,5699.6,5862.4,5885.3,5470.6,6349.2,6046.7,3584.2,6681.9,4295.9,4951.6,4760.7,6390.5,6247.2,6132.6,6201.1,4571.4,7182.5,5237.1,5993.5,5926.3,6397.4,6306.0,7357.0,6040.6,4938.6,6807.8,4957.3,5348.8,5730.1,6379.3,3308.7,3929.1,5343.9,3929.1,4208.1,6067.5,5269.0,7073.1,6187.9,5068.8,5371.6,3948.3,6031.8,3217.0,3682.7,3292.6,9729.9,1385.5,4893.1,1412.6,5745.5,1406.0,3584.2,6041.7,3292.6,4893.1,1385.5,3664.3,4989.6,2331.5,3292.6,8785.6,1412.6,5622.6,3428.6,8785.6,7603.0,9714.3,9723.0,9678.7,5832.0,202.4,4983.2,5656.1,5500.6,6162.2,5704.9,5597.9,6116.4,6116.4,6312.6,5335.7,1692.1,1692.1,6121.4,6142.3,6309.8,5217.7,3428.6,4918.0,5192.5,4073.8,5252.0,5851.0,7792.8,1027.9,3292.6,3929.1,5745.5,5297.7,5006.2,5559.6,6030.2,5581.3,5868.5,5486.3,6962.6,5302.0,6173.8,5008.1,5425.4,4598.2,6396.5,5744.2,5431.4,3379.4,4679.9,5803.0,5664.2,6130.3,5985.1,5650.2,6138.3,6181.2,5550.1,5570.0,5641.1,6399.1,2907.9,5956.9,5067.4,6181.2,5593.1,6066.2,2162.2,5588.5,5469.6,6140.4,6140.1,4313.8,5191.5,5765.8,6511.4,4582.5,5399.9,6041.7,3183.8,1503.0,6606.2,662.4,1406.0,6267.4,6040.2,5363.5,10260.4,23608.2,3854.7,5440.6,6541.5,5088.4,5872.8,5597.0,3652.0,6091.8,7876.1,6658.0,7378.1,5289.4,5030.0,3217.0,4651.8,6061.2,2331.5,4577.6,3015.8,10668.2,7384.6,3084.8,6674.2,4885.8,5491.7,4730.4,5164.3,8362.0,3656.7,5397.9,7052.0,9430.1,4324.0,6065.4,3195.9,5857.7,6265.6,5154.3,6401.6,5799.9,4237.1,5322.6,7335.6,617.4,5229.6,4695.7,6142.3,6297.4,1387.4,933.4,0.0
130,2270.1,1523.0,226.5,2475.2,2442.2,2334.9,2388.9,1953.5,2468.0,4719.9,0.0,2657.6,2565.6,2654.1,4931.6,5321.4,5670.5,3048.0,2413.9,1736.9,5279.9,3681.2,7769.5,1567.3,6111.2,10043.9,2761.9,3127.5,1506.9,5358.8,2433.9,2018.0,4347.0,5467.7,8275.5,1620.3,1710.5,4023.1,223.9,1760.1,2514.8,2951.3,2606.6,1566.8,1786.8,2530.7,1829.9,8435.2,4093.6,4047.5,6658.5,1437.7,3335.9,2500.5,2503.4,1357.9,2236.4,1934.0,3613.7,3909.1,1081.5,2454.0,49.1,2277.8,2769.3,2597.3,2088.4,2183.1,4067.2,2367.4,2450.9,2639.7,2739.9,2193.3,4668.8,2308.3,218.8,4036.4,2459.6,1679.0,2437.5,2266.6,4315.4,8649.0,1855.7,8649.0,2376.6,2487.1,8292.6,3497.1,6382.9,1718.6,2541.0,8607.3,2322.0,7936.8,8402.6,1748.9,8943.5,4830.1,9612.9,3357.9,9368.8,6125.9,3613.7,5467.4,1748.9,9612.9,4830.1,8384.1,8205.0,2718.2,1748.9,8041.6,3357.9,3388.7,1775.3,8041.6,6212.1,8927.9,8936.6,8892.4,2774.2,4832.4,1801.6,2542.0,3147.1,5110.7,10424.8,2483.8,6658.5,6658.5,6072.2,9236.3,6412.0,6412.0,5165.9,5242.1,5946.5,9718.5,1775.3,615.3,2410.1,776.1,2350.5,3120.8,6392.5,3763.4,1748.9,8649.0,9368.8,1184.9,2508.5,2363.4,2341.0,2408.3,2568.3,1373.5,3820.3,1433.4,2061.1,2510.4,2363.2,2411.2,2917.4,2086.7,3126.1,1726.1,2805.6,2607.9,1551.5,2017.5,2534.1,1537.5,2661.4,2549.3,1437.3,2017.0,2527.0,2286.4,7627.8,2929.3,2569.7,2549.3,3532.5,1953.5,3071.7,2219.2,2344.5,2606.6,3227.4,8972.8,2411.0,2552.1,7007.6,1464.8,9040.5,5467.4,1542.7,3268.1,6171.1,5321.4,6125.9,6027.0,5013.4,10083.4,8869.5,28328.1,983.5,2413.0,6493.0,1238.1,1760.1,1696.3,8311.0,2899.1,6475.9,2545.3,6061.4,5956.4,2532.3,7936.8,9371.7,5042.4,2718.2,5087.1,7674.8,9632.8,7399.7,7743.9,11394.0,7909.3,10211.5,3406.5,5697.3,7014.6,4217.6,5345.4,11771.9,14150.0,8983.0,10785.2,7619.9,10577.5,6654.2,2449.6,6970.7,1687.1,4822.6,5864.7,7730.0,5286.5,1671.9,3438.2,5242.1,6228.8,6107.2,3786.5,4719.9
53,438.6,1558.8,2884.0,1950.7,910.4,1635.6,956.3,781.9,4518.4,6770.3,2657.6,0.0,651.6,341.9,4670.1,7371.8,4534.3,2272.1,1175.7,3869.8,3508.3,5814.1,7348.7,1148.7,8161.7,12094.3,4812.4,1752.4,1593.2,5419.2,1924.8,1184.4,1697.8,6892.1,10408.4,1462.2,953.2,1497.6,2865.3,1325.8,1526.2,679.0,334.3,1167.7,903.9,837.8,2492.3,10485.6,1507.5,1478.9,8709.0,2100.1,1564.2,625.3,648.2,1379.1,813.3,898.7,3315.6,1347.6,3186.1,1535.3,2698.4,802.6,497.0,324.9,658.1,2667.7,1418.1,1219.9,597.6,563.5,398.8,501.6,2065.4,791.4,2876.3,1450.2,1499.6,1585.3,856.3,774.6,6365.9,10699.4,1453.0,10699.4,4427.4,516.5,10343.0,855.9,5962.1,2061.2,1218.2,10657.8,830.0,9987.3,10453.0,3799.3,11076.4,6880.6,11663.4,5408.3,9281.7,8176.4,3315.6,3766.5,3799.3,11663.4,6880.6,10434.6,8117.9,4768.6,3799.3,5900.1,5408.3,1617.1,3825.8,5900.1,8345.0,11060.9,11069.5,11025.3,953.5,6882.8,2124.3,828.8,1575.0,3396.0,12475.2,880.9,8709.0,8709.0,8130.8,9149.2,8462.4,8462.4,3451.2,3527.4,8128.0,11769.0,3825.8,2967.7,1264.4,2826.5,1278.8,1352.2,8525.5,5813.9,3799.3,10699.4,9281.7,1553.8,1479.0,990.0,765.5,958.3,610.7,1355.7,1171.2,1655.9,736.1,1530.5,4496.1,1873.0,645.1,1064.2,1554.0,3776.6,2084.7,701.9,1124.3,786.2,543.5,1120.5,389.1,277.0,1383.0,1184.4,885.6,477.4,9678.3,1125.1,1540.8,277.0,1803.7,781.9,5122.1,1087.6,1157.5,334.3,1318.8,11023.2,1265.4,797.3,9066.2,2127.1,8953.5,3766.5,3593.2,5318.6,8285.6,7371.8,8176.4,8085.6,3291.7,12133.8,11002.4,30378.5,3033.9,1143.4,8551.6,1900.5,1325.8,3979.1,10361.5,854.2,8608.8,123.7,8194.3,5658.3,1426.9,9987.3,11422.1,3327.8,4768.6,7137.6,9725.2,11765.7,9514.3,9794.3,13444.5,9959.8,12262.0,5521.1,7747.8,4554.3,6268.1,7404.0,13822.3,16200.4,11033.5,12835.7,9670.3,12628.0,8712.9,1304.0,9029.3,1018.3,6873.0,7915.1,9788.6,6720.6,1900.4,5552.7,3527.4,4760.3,8157.7,5837.0,6770.3
126,531.2,1378.3,2792.0,1346.0,305.8,1031.0,351.7,617.3,4426.4,5852.2,2565.6,651.6,0.0,383.7,4065.5,6514.6,4085.9,1667.5,571.1,3777.8,2901.1,5722.1,6744.1,1026.1,7243.6,11176.3,4720.4,1147.8,1435.1,4814.6,1320.2,853.3,2109.4,6287.4,10316.4,1297.7,938.6,1564.9,2773.3,985.9,921.6,629.2,326.8,1009.6,844.0,291.9,2400.3,9567.6,1676.8,1589.3,8617.0,2010.6,957.1,65.1,88.1,1221.0,503.7,734.1,2711.0,1503.3,3094.1,930.7,2606.4,482.7,433.6,335.3,493.6,2063.1,1829.6,615.3,196.2,112.7,592.1,607.5,2261.6,357.4,2784.3,1629.2,895.0,1235.9,296.1,465.0,6273.9,9781.4,1001.6,9781.4,4335.4,270.2,10251.0,1259.5,5357.5,1602.0,613.6,9800.6,393.3,9069.2,9535.0,3707.3,10984.4,6180.9,10745.3,5316.4,8677.1,7195.8,2711.0,3159.4,3707.3,10745.3,6180.9,9516.5,7513.3,4676.6,3707.3,5656.6,5316.4,1009.9,3733.8,5656.6,8253.0,10968.9,10977.5,10933.3,346.3,6027.4,1578.1,224.1,967.8,2788.9,11557.1,276.3,8617.0,8617.0,8038.8,8544.6,7544.4,7544.4,2844.0,2920.3,8036.0,11069.9,3733.8,2875.7,659.8,2734.5,674.1,745.0,8433.5,5134.8,3707.3,9781.4,8677.1,1395.7,874.4,385.4,252.2,353.7,71.2,1197.6,1582.7,1440.1,571.6,925.9,4404.1,1268.3,582.9,867.9,946.8,3684.6,1480.0,97.3,1089.9,621.6,187.9,1086.1,324.7,374.6,1224.9,856.0,281.0,432.2,8760.2,518.0,936.2,374.6,1196.5,617.3,5030.1,517.5,587.4,326.8,738.1,10166.0,660.8,223.5,8974.2,2035.1,8348.8,3159.4,3501.2,4696.7,8193.6,6514.6,7195.8,7993.6,2684.5,11215.8,10910.4,29460.5,2941.9,538.8,8459.6,1776.4,985.9,3887.1,9504.2,339.1,8516.8,572.2,8102.3,5053.6,822.3,9069.2,10504.1,2720.6,4676.6,7045.6,8868.0,11673.7,9422.3,8937.1,12526.4,9867.8,11343.9,5429.1,7655.8,4509.5,6176.1,7312.0,12904.3,15282.4,10176.3,11917.6,8898.0,11709.9,8620.9,699.3,8937.3,949.7,6781.0,7823.1,9696.6,6115.9,1534.5,5460.7,2920.3,4153.1,7184.8,4918.9,5852.2
29,442.1,1489.1,2880.4,1691.0,650.8,1376.0,696.7,712.2,4514.9,6197.3,2654.1,341.9,383.7,0.0,4410.5,6859.6,4425.1,2012.5,916.1,3866.2,3240.4,5810.5,7089.1,1114.5,7588.6,11521.3,4808.8,1492.8,1523.5,5159.6,1665.3,1114.7,1749.2,6632.4,10404.8,1392.6,1007.2,1458.0,2861.8,1256.1,1266.6,411.1,81.9,1098.1,917.1,599.6,2488.8,9912.6,1492.6,1464.0,8705.4,2099.0,1296.3,387.1,410.0,1309.4,743.6,829.0,3056.0,1308.0,3182.6,1275.7,2694.9,733.0,229.1,105.5,588.5,2408.1,1469.5,960.3,359.4,295.6,274.8,518.5,2067.8,632.4,2872.8,1435.4,1240.0,1515.6,618.1,704.9,6362.3,10126.4,1333.5,10126.4,4423.8,278.3,10339.5,899.4,5702.5,1933.8,958.6,10145.6,668.3,9414.2,9880.0,3795.8,11072.9,6877.0,11090.4,5404.8,9022.1,7540.8,3056.0,3498.6,3795.8,11090.4,6877.0,9861.5,7858.3,4765.1,3795.8,5877.6,5404.8,1349.2,3822.2,5877.6,8341.5,11057.3,11066.0,11021.7,685.6,6372.5,1923.2,569.2,1307.1,3128.1,11902.2,621.3,8705.4,8705.4,8127.3,8889.6,7889.4,7889.4,3183.3,3259.5,8124.4,11414.9,3822.2,2964.2,1004.8,2823.0,1019.2,1084.3,8521.9,5810.3,3795.8,10126.4,9022.1,1484.2,1219.4,730.4,527.2,698.7,342.8,1286.0,1222.6,1586.2,666.5,1270.9,4492.5,1613.4,377.2,994.6,1286.1,3773.0,1825.1,442.3,1178.4,716.5,305.3,1174.5,121.2,120.2,1313.4,1114.8,626.0,407.7,9105.2,857.2,1281.2,120.2,1535.8,712.2,5118.6,849.4,919.3,81.9,1050.9,10511.1,1005.8,559.0,9062.6,2123.6,8693.9,3498.6,3589.6,5315.0,8282.1,6859.6,7540.8,8082.1,3023.8,11560.8,10998.8,29805.5,3030.4,883.8,8548.0,1864.8,1256.1,3975.6,9849.3,586.3,8605.3,262.5,8190.8,5398.7,1167.3,9414.2,10849.1,3059.9,4765.1,7134.1,9213.0,11762.2,9510.8,9282.1,12871.5,9956.2,11689.0,5517.5,7744.2,4531.8,6264.6,7400.4,13249.3,15627.4,10521.3,12262.7,9666.8,12055.0,8709.3,1044.4,9025.7,1031.5,6869.5,7911.6,9785.1,6461.0,1830.8,5549.2,3259.5,4492.4,7529.8,5263.9,6197.3
67,4556.6,3670.7,5158.0,2720.7,3769.6,3045.9,3744.0,4200.0,4056.6,4389.6,4931.6,4670.1,4065.5,4410.5,0.0,5051.9,2492.4,2725.8,3628.9,6143.8,3937.3,7882.6,3049.0,4040.8,5780.9,9713.6,4196.0,3375.2,3733.7,762.3,2756.8,3792.7,5630.0,4824.8,11626.8,3716.0,4256.1,4911.3,5139.4,3777.2,3225.7,4615.4,4353.7,4007.4,4249.5,4026.8,3209.1,8104.9,5023.2,4935.7,8681.4,3624.7,3867.4,4075.7,4098.6,3947.6,4289.3,4107.1,1511.8,4849.8,5201.0,3164.9,4972.4,4286.9,4460.4,4345.9,4334.9,3004.5,5350.3,3450.4,4206.7,4139.6,4610.6,4509.4,5524.8,4253.9,5150.4,4975.6,3170.6,3574.1,3943.3,4301.9,5873.6,8318.7,3569.3,8318.7,5892.1,4280.7,9111.0,5286.4,2039.1,3294.2,3584.9,8337.9,4245.1,7606.6,8072.3,4993.5,12294.8,4718.2,9282.7,3407.9,4717.5,5733.1,1511.8,3059.8,4993.5,9282.7,4718.2,8053.9,3553.7,4151.1,4993.5,5624.6,3407.9,3790.4,5097.7,5624.6,10168.0,12279.3,12287.9,12243.7,4045.3,4564.8,3208.6,3869.4,3668.4,3330.3,10094.5,3811.2,8681.4,8681.4,8877.6,4585.0,6081.7,6081.7,3289.4,3310.4,8874.7,9607.2,5097.7,5241.7,3405.8,4809.6,3465.3,4018.8,10357.7,3672.2,4993.5,8318.7,4717.5,3936.3,3219.4,3772.9,4243.4,3794.5,4081.8,3972.2,5130.4,3706.8,4307.6,3221.3,6564.6,2811.4,4609.7,3969.5,3599.2,5048.5,2847.7,4016.3,4144.8,4264.0,4198.4,4118.2,4351.5,4394.5,3952.3,3795.3,3854.3,4442.7,7297.5,4170.2,3280.6,4394.5,3761.0,4200.0,3981.8,3801.7,3682.8,4353.7,4307.9,8703.4,3404.8,3979.1,9076.4,3522.8,4389.2,3059.8,4694.1,3234.0,9171.2,5051.9,5733.1,8832.4,3418.8,9753.1,12825.4,27997.8,5017.0,3653.8,9106.5,3954.1,3777.2,6253.1,8041.6,4305.1,10441.1,4590.7,9943.0,1123.5,3243.2,7606.6,9041.4,3404.9,4151.1,7142.5,7405.4,13233.2,9949.6,7474.4,11063.8,8727.8,9881.2,6862.1,7729.2,5673.0,6221.6,7962.9,11441.6,13819.7,8713.6,10455.0,7435.4,10247.3,8830.5,3367.6,8966.5,4171.2,6802.0,7887.5,9900.6,4653.3,3454.9,6853.8,3310.4,2823.4,5722.1,3456.2,4389.6
149,6984.4,5998.5,5547.8,5169.9,6218.7,5495.0,6193.1,6667.8,2974.2,662.4,5321.4,7371.8,6514.6,6859.6,5051.9,0.0,6401.6,5220.3,6078.0,5714.1,7107.1,6706.5,8010.5,6281.5,815.5,4748.2,2970.5,5869.7,6047.7,5419.9,5205.9,6229.7,8124.6,1277.3,9412.8,6101.9,6424.7,7405.9,5529.1,6474.3,5674.8,7064.5,6802.8,6281.0,6501.1,6475.9,4931.2,3139.5,7517.8,7430.2,6284.5,5346.8,6362.0,6524.8,6547.7,6072.1,6950.7,6648.2,4246.5,7344.3,4897.4,5614.0,5362.2,6992.1,6909.5,6795.0,6802.6,5233.7,7844.9,5899.5,6655.8,6588.7,7059.7,6907.5,8019.4,7022.6,5540.1,7470.1,5619.7,6194.7,6392.4,6980.9,3889.2,3353.3,6006.3,3353.3,4809.7,6729.9,5349.7,7735.5,6850.2,5731.2,6034.0,3285.9,7036.2,2641.2,3106.9,3886.7,10080.8,1933.3,4317.3,2006.7,5169.7,830.2,4246.5,6704.1,3886.7,4317.3,1933.3,3088.5,4413.8,2925.6,3886.7,9448.0,2006.7,6285.0,4022.7,9448.0,8183.6,10065.2,10073.9,10029.6,6494.4,568.7,5645.6,6318.5,6163.0,6824.5,5129.1,6260.3,6284.5,6284.5,6893.2,4759.9,1116.3,1116.3,6783.7,6804.7,6890.3,4555.3,4022.7,5519.5,5854.9,4675.3,5914.4,6513.4,8373.3,1622.0,3886.7,3353.3,5169.7,5899.2,5668.5,6222.0,7055.2,6243.6,6530.9,6087.8,7625.0,5903.5,6775.3,5670.5,6027.0,5260.6,7058.9,6406.6,6093.8,3973.4,5342.2,6465.4,6265.7,6731.8,6647.5,6251.8,6800.6,6843.6,6151.6,6232.4,6303.4,7000.7,2332.1,6619.3,5729.7,6843.6,6255.5,6667.8,2756.3,6250.8,6131.9,6802.8,6802.5,3651.4,5853.9,6428.2,6679.5,5244.9,4824.0,6704.1,3785.3,2165.4,7177.7,0.0,830.2,6847.9,6702.6,4787.7,10840.9,23032.4,4456.2,6102.9,6870.3,5689.9,6474.3,6198.5,2989.6,6754.2,8456.6,7259.6,7958.6,5951.8,5692.4,2641.2,4076.0,6723.5,2925.6,5158.1,2353.4,11019.1,7620.2,2422.5,6098.4,4966.4,4915.9,5310.9,5744.8,9024.3,4237.2,5978.4,6476.2,8854.3,3661.7,5489.6,2533.6,5281.9,6594.3,5816.7,6569.7,6401.4,4817.6,5456.6,7571.2,826.3,5891.9,5276.2,6804.7,6959.8,811.6,1595.7,662.4
72,4405.9,4401.9,5896.9,3300.4,3766.7,3419.3,3753.7,4441.7,5406.2,5739.2,5670.5,4534.3,4085.9,4425.1,2492.4,6401.6,0.0,2814.5,3509.6,6882.7,2242.6,8621.5,3250.7,4572.9,7130.5,11063.2,5545.6,2875.4,4464.8,3191.0,3336.4,4034.4,4490.7,6174.4,12976.4,4445.4,4629.2,4115.8,5878.3,4154.5,3475.2,4424.5,4368.3,4539.5,4545.3,4025.0,4465.6,9454.5,4184.5,4119.8,10031.0,4566.0,3317.6,3939.8,3962.8,4678.8,4287.5,4348.8,2481.9,4178.1,5939.9,3384.3,5711.4,4285.1,4475.0,4210.0,4368.3,3845.3,4492.7,3559.8,4070.9,4154.2,4474.8,4482.2,4315.8,4232.1,5889.3,4303.9,3420.1,4303.5,3941.6,4300.1,7223.2,9668.3,4101.4,9668.3,7162.4,4144.9,10460.6,4748.7,1604.5,4029.7,3408.9,9687.5,4243.3,8956.1,9421.9,6549.8,13644.4,6067.8,10632.3,4757.5,6468.5,7082.7,2481.9,1238.3,6549.8,10632.3,6067.8,9403.5,5304.7,5500.7,6549.8,3536.2,4757.5,3240.5,6576.3,3536.2,11152.5,13628.9,13637.5,13593.3,3761.4,5914.4,3944.2,3806.4,3161.9,1613.4,11444.1,3774.2,10031.0,10031.0,10227.2,6336.0,7431.3,7431.3,1572.6,1593.5,10224.3,10956.8,6576.3,5980.6,3515.3,5548.5,3574.8,3569.0,11332.9,5021.8,6549.8,9668.3,6468.5,4667.5,3448.6,3782.5,4126.9,3792.8,3945.9,4545.2,4493.2,4442.4,4446.3,3470.9,7303.6,3391.1,4435.4,4211.2,3205.8,6527.1,2959.2,3832.7,4676.9,4496.3,4062.6,4650.2,4366.1,4258.6,4486.3,4037.0,3667.0,4306.9,8647.1,3819.2,3510.4,4258.6,3125.4,4441.7,5331.4,3846.8,3727.9,4368.3,3774.0,10053.0,3514.3,3944.0,10426.0,4612.3,6140.2,1238.3,6343.7,4583.6,10520.8,6401.6,7082.7,10181.9,1718.7,11102.7,13809.9,29347.4,5755.9,3576.8,10456.1,4693.0,4154.5,6992.1,9391.2,4114.2,11416.3,4454.9,11001.8,3146.1,3397.9,8956.1,10391.0,1688.1,5500.7,8492.1,8754.9,14582.8,11299.2,8824.0,12413.3,10077.4,11230.9,8265.3,9078.8,3796.7,7571.2,9312.4,12791.2,15169.3,10063.2,11804.6,8785.0,11596.9,10180.1,3477.1,10316.1,4607.1,8151.6,9237.1,11250.2,6002.9,4190.5,8296.9,1593.5,772.5,7071.7,4805.8,5739.2
81,2143.7,1779.4,3274.4,677.9,1504.5,939.0,1491.4,2179.5,4224.9,4557.9,3048.0,2272.1,1667.5,2012.5,2725.8,5220.3,2814.5,0.0,1247.3,4260.2,2722.7,5999.1,5292.0,2129.7,5949.3,9881.9,4364.4,692.3,1842.3,3474.8,713.9,1772.2,2947.2,4993.1,10895.2,1822.9,2339.7,2228.4,3255.8,1860.7,1113.7,2133.8,1955.6,2096.3,2283.1,1762.8,1959.6,8273.2,2340.3,2252.8,8837.0,1943.5,1184.5,1677.6,1700.5,2056.3,2025.3,2086.6,1371.2,2166.9,3317.4,1027.1,3088.8,2022.9,2062.4,1947.8,2106.1,1248.6,2667.4,1297.6,1808.7,1741.5,2212.6,2220.0,2841.9,1969.9,3266.8,2292.7,1058.6,1681.0,1679.3,2038.0,6041.9,8487.0,1658.2,8487.0,4539.9,1882.7,9279.4,2624.8,3905.4,1407.2,1146.7,8506.2,1981.1,7774.9,8240.7,3927.3,11563.3,4886.6,9451.0,3576.2,7337.4,5901.5,1371.2,2764.1,3927.3,9451.0,4886.6,8222.2,6173.5,4319.4,3927.3,5384.3,3576.2,1107.5,3953.8,5384.3,8530.0,11547.7,11556.4,11512.1,1520.7,4733.1,1321.7,1544.2,985.5,2407.4,10262.8,1512.0,8837.0,8837.0,8258.8,7204.9,6250.0,6250.0,2462.6,2538.8,8256.0,9775.6,3953.8,3358.1,1253.1,2926.0,1312.6,1335.9,8710.4,3840.5,3927.3,8487.0,7337.4,2045.0,1094.2,1520.3,1864.7,1530.5,1683.7,2080.8,2447.5,1819.9,2184.1,1109.4,4681.1,768.6,2144.8,1949.0,916.3,3904.6,416.4,1570.5,2233.8,2234.1,1800.3,2207.1,1953.5,1996.4,2060.9,1774.8,1404.8,2044.7,7465.9,1578.5,1156.0,1996.4,1099.3,2179.5,4150.2,1584.6,1465.7,1955.6,1625.0,8871.7,1252.1,1681.8,9194.2,1989.8,7009.1,2764.1,3721.2,3402.4,8535.1,5220.3,5901.5,8213.6,2318.2,9921.5,11187.4,28166.1,3133.4,1314.6,8679.6,2070.5,1860.7,4369.6,8209.9,1823.5,8793.8,2192.7,8379.3,3713.9,1102.2,7774.9,9209.8,2339.1,4319.4,7265.6,7573.7,11950.7,9763.8,7642.8,11232.1,8896.1,10049.6,5642.8,7875.8,4590.2,6396.1,7532.0,11610.0,13988.1,8881.9,10623.3,7603.7,10415.6,8840.9,1214.9,9157.3,2260.1,7001.0,8043.1,9916.6,4821.6,1568.0,5674.4,2538.8,3372.7,5890.4,3624.6,4557.9
84,1047.3,982.6,2640.3,909.5,284.7,594.4,259.1,946.3,4078.8,5415.7,2413.9,1175.7,571.1,916.1,3628.9,6078.0,3509.6,1247.3,0.0,3626.1,2927.2,5570.4,6307.5,1077.4,6807.0,10739.7,4372.8,727.6,1045.5,4378.0,883.7,538.9,2524.0,5850.9,10164.7,961.1,1133.8,1851.4,2621.7,659.1,485.0,1051.3,859.2,1044.0,1049.9,541.9,2088.6,9131.0,1963.3,1875.8,8269.4,1643.7,983.1,581.2,604.2,1058.4,804.4,853.4,2274.4,1789.9,2749.8,494.1,2454.8,802.0,966.0,851.4,965.4,1626.5,2244.3,183.8,712.3,645.1,1116.2,1123.6,2548.1,769.0,2632.7,1915.7,458.4,840.1,458.4,817.0,5926.3,9344.8,605.9,9344.8,3972.3,786.3,9903.4,1766.9,4920.9,1198.0,144.5,9364.0,760.2,8632.6,9098.4,3359.7,10832.8,5744.3,10308.8,4434.0,8240.5,6759.2,2274.4,3067.6,3359.7,10308.8,5744.3,9080.0,7076.7,4329.0,3359.7,5687.8,4434.0,1036.0,3386.2,5687.8,8101.3,10817.2,10825.8,10781.6,453.2,5590.9,1141.6,384.4,747.3,2710.9,11120.6,326.2,8269.4,8269.4,7691.2,8108.0,7107.8,7107.8,2766.0,2842.3,7688.4,10633.3,3386.2,2724.0,223.2,2358.4,237.6,737.8,8281.8,4698.2,3359.7,9344.8,8240.5,1249.8,437.8,287.9,758.5,309.6,587.3,1049.7,1964.8,1044.4,1046.8,489.3,4252.4,831.8,1062.3,715.8,726.3,3337.0,1059.9,474.1,1181.5,1010.3,704.0,1154.8,857.1,900.0,990.9,541.6,308.4,948.3,8323.6,578.1,499.6,900.0,1132.7,946.3,4682.5,351.4,232.5,859.2,876.2,9729.5,224.2,494.2,8626.6,1689.9,7912.3,3067.6,3153.6,4260.1,7967.5,6078.0,6759.2,7646.0,2613.6,10779.2,10758.7,29023.9,2565.8,87.9,8112.0,1502.9,659.1,3735.5,9067.7,741.0,8365.2,1096.3,7950.7,4617.1,385.7,8632.6,10067.5,2642.6,4329.0,6698.0,8431.4,11522.1,9196.2,8500.5,12089.8,9520.2,10907.4,5075.1,7308.2,4663.4,5828.5,6964.4,12467.7,14845.8,9739.7,11481.1,8461.5,11273.4,8273.3,262.8,8589.7,1111.7,6433.4,7475.5,9349.0,5679.4,1130.5,5106.8,2842.3,4061.3,6748.2,4482.3,5415.7
86,3482.3,2735.2,1820.5,3687.4,3654.4,3547.1,3601.1,3165.7,2782.1,5112.5,1736.9,3869.8,3777.8,3866.2,6143.8,5714.1,6882.7,4260.2,3626.1,0.0,6492.1,2048.4,8981.7,2779.5,6503.9,10436.5,2989.3,4339.6,2719.1,6571.0,3646.1,3230.2,5559.1,5860.4,6642.7,2832.5,2922.6,5235.3,1950.1,2972.3,3726.9,4163.5,3818.8,2778.9,2999.0,3742.9,3042.1,8827.9,5305.8,5259.6,5714.5,2649.9,4548.1,3712.7,3715.6,2570.1,3448.6,3146.2,4825.9,5121.2,1117.1,3666.2,1732.8,3490.0,3981.5,3809.4,3300.6,3395.3,5279.4,3579.6,3663.1,3851.8,3952.1,3405.5,5881.0,3520.5,1853.5,5248.6,3671.8,2891.2,3649.7,3478.8,3563.2,9041.7,3067.9,9041.7,1145.3,3699.3,7457.3,4709.3,7595.1,2930.8,3753.2,9000.0,3534.2,8329.5,8795.3,1959.3,7310.7,4957.6,10005.6,3750.6,10581.0,6518.6,4825.9,6679.6,1959.3,10005.6,4957.6,8776.8,9417.1,2945.5,1959.3,9253.8,3750.6,4600.9,1976.2,9253.8,4579.3,7295.2,7303.8,7259.6,3986.4,5225.1,3013.8,3754.2,4359.3,6322.9,10817.4,3696.0,5714.5,5714.5,4479.0,10448.5,6804.6,6804.6,6378.1,6454.3,4426.9,9818.0,1976.2,1379.9,3622.2,1649.8,3562.7,4333.0,4759.8,4156.1,1959.3,9041.7,10581.0,2397.1,3720.7,3575.6,3553.2,3620.5,3780.5,2585.7,5032.5,2645.6,3273.3,3722.6,804.3,3623.4,4129.6,3298.9,4338.3,1927.0,4017.7,3820.1,2763.7,3229.7,3746.2,2749.7,3873.6,3761.5,2649.5,3229.2,3739.2,3498.6,8020.5,4141.5,3781.9,3761.5,4744.7,3165.7,3299.0,3431.4,3556.7,3818.8,4439.6,9365.5,3623.2,3764.3,5455.7,2676.9,10252.7,6679.6,2176.3,3660.8,4651.5,5714.1,6518.6,4403.1,6225.6,10476.1,7236.7,28720.7,1640.3,3625.2,4899.8,2450.3,2972.3,669.9,8716.5,4111.3,4843.1,3757.5,4428.6,7168.6,3744.5,8329.5,9764.4,6254.6,2945.5,4143.2,8067.4,8000.0,5880.2,8136.5,11786.7,7074.1,10604.2,1981.9,4574.3,8226.8,3273.7,3737.8,12164.6,14542.7,9375.7,11177.9,7719.3,10959.5,5102.4,3661.8,5418.9,2899.3,3878.6,4920.7,6178.2,5679.2,2884.1,2013.6,6454.3,7441.0,6499.9,4179.2,5112.5
172,3396.4,3848.6,5506.3,3241.6,2946.9,3104.7,2982.2,3482.6,6111.7,6444.7,5279.9,3508.3,2901.1,3240.4,3937.3,7107.1,2242.6,2722.7,2927.2,6492.1,0.0,8436.4,5054.6,3891.3,7836.1,11768.7,6251.1,2381.2,3911.5,4686.4,3277.6,3404.9,2393.8,6879.9,13030.7,3827.1,3803.8,2018.8,5487.7,3525.1,3151.6,3105.1,3183.5,3874.8,3709.3,3157.1,4623.3,10160.0,2087.6,2022.9,10736.5,4373.6,2126.4,2930.3,2953.3,3924.3,3368.9,3599.3,3087.3,2173.9,5615.8,3066.3,5320.7,3347.9,3237.3,3199.9,3358.8,3912.3,2395.8,3001.0,3061.4,2969.4,3389.0,3472.8,2218.9,3222.6,5498.6,2239.1,3102.0,3706.1,3121.4,3330.2,7928.7,10373.8,3471.9,10373.8,6838.3,3135.4,11166.1,2846.8,3700.4,3756.1,2836.2,10393.0,3258.6,9661.7,10127.4,6225.7,13698.7,6773.4,11337.8,5463.0,8493.6,7788.2,3087.3,1113.3,6225.7,11337.8,6773.4,10109.0,7329.8,6206.2,6225.7,2832.8,5463.0,2070.2,6252.2,2832.8,10967.3,13683.2,13691.8,13647.6,2594.5,6619.9,3670.5,2951.6,2327.7,672.8,12149.6,2942.0,10736.5,10736.5,10557.2,8361.1,8136.8,8136.8,702.3,667.2,10554.4,11662.4,6252.2,5590.0,3014.1,5224.4,3028.4,2253.3,11147.8,5727.3,6225.7,10373.8,8493.6,4115.8,3104.4,3015.9,3117.4,2999.0,2936.4,3915.7,2602.4,3910.4,3436.8,3152.8,7118.4,3267.3,3133.5,3573.0,2370.5,6202.9,2903.3,2868.5,3955.1,3486.9,3053.1,3951.3,3181.3,3231.3,3856.8,3407.6,2841.9,3297.4,9352.6,2585.3,3166.3,3231.3,1951.4,3482.6,6037.0,3149.4,3098.4,3183.5,2422.0,10758.5,3015.1,3042.7,11492.5,4419.8,8165.4,1113.3,6019.5,5289.2,10833.5,7107.1,7788.2,10512.0,560.7,11808.2,13624.7,30052.9,5431.8,2896.4,10978.0,4368.9,3525.1,6601.4,10096.7,2897.9,11231.1,3428.9,10816.6,4870.2,3053.7,9661.7,11096.5,599.7,6206.2,9197.6,9460.5,14388.0,12062.1,9529.5,13118.9,10782.9,11936.4,7941.1,9784.3,2048.1,8276.7,9830.4,13496.7,15874.8,10768.7,12510.1,9490.5,12302.4,11139.2,3053.6,11021.7,3815.0,8857.1,9942.7,12215.0,6708.4,3916.8,7972.8,667.2,1993.4,7777.2,5511.4,6444.7
87,5426.6,4679.5,3817.8,5426.2,5598.7,5286.0,5545.4,5110.0,3774.6,6105.0,3681.2,5814.1,5722.1,5810.5,7882.6,6706.5,8621.5,5999.1,5570.4,2048.4,8436.4,0.0,10720.5,4723.8,7496.4,11126.4,3978.6,6283.9,4663.4,8515.2,5384.9,5174.5,7503.4,6852.8,5216.2,4776.8,4866.9,7179.6,3899.0,4916.5,5465.8,6107.7,5763.1,4723.2,4943.3,5687.2,4986.4,9820.3,7250.1,7203.9,4637.9,4594.2,6492.4,5656.9,5659.9,4514.4,5392.9,5090.4,6564.7,7065.5,2782.4,5405.0,3677.1,5434.3,5925.8,5753.7,5244.9,5134.1,7223.7,5523.9,5607.4,5796.1,5896.4,5349.8,7825.3,5464.8,3850.8,7192.9,5410.6,4835.4,5593.9,5423.1,3646.9,10034.1,5012.1,10034.1,1939.9,5643.5,7541.1,6653.6,9333.9,4669.6,5697.4,9155.7,5478.5,9322.0,9787.7,2951.8,5884.3,5377.4,10769.3,4743.0,12525.2,7511.0,6564.7,8623.9,2951.8,10769.3,5377.4,9769.3,11361.4,3934.9,2951.8,11198.1,4743.0,6545.2,2968.7,11198.1,3152.9,5868.7,5877.4,5833.1,5930.7,6217.5,4752.6,5698.5,6303.6,8267.2,11809.9,5640.2,4637.9,4637.9,3032.0,12392.8,7797.1,7797.1,8322.3,8398.6,2850.6,9898.4,2968.7,3331.3,5566.5,3262.0,5506.9,6277.3,3333.3,5148.6,2951.8,10034.1,12525.2,4341.4,5459.5,5519.9,5497.4,5564.8,5724.8,4530.0,6976.8,4589.9,5217.6,5461.4,1492.7,5362.2,6073.9,5243.2,6282.6,2919.5,5756.6,5764.4,4708.0,5174.0,5690.5,4694.0,5817.8,5705.8,4593.8,5173.5,5683.5,5442.9,9013.0,6085.8,5520.7,5705.8,6689.0,5110.0,4288.4,5375.7,5501.0,5763.1,6383.9,9680.8,5567.5,5708.6,4287.2,4621.2,12197.0,8623.9,3359.8,4653.3,3075.2,6706.5,7511.0,2826.7,8169.9,11468.5,5810.2,26287.3,3141.6,5569.4,3519.7,4189.1,4916.5,2382.7,8796.9,6055.6,3416.7,5701.8,3002.2,8907.4,5483.3,9322.0,10756.8,8198.9,3934.9,3340.8,8329.3,6573.6,4249.0,8400.4,12051.9,7157.9,11596.7,2028.2,3638.6,10171.1,3357.4,2653.0,13029.6,15274.9,9834.9,12170.4,7799.7,11040.0,3933.9,5606.1,4250.3,4843.6,3962.4,3899.6,4899.1,6671.7,4828.3,2059.9,8398.6,9179.8,7492.4,5171.6,6105.0
88,7220.3,6500.9,7995.9,5399.3,6448.2,5724.4,6422.6,7002.9,7015.1,7348.1,7769.5,7348.7,6744.1,7089.1,3049.0,8010.5,3250.7,5292.0,6307.5,8981.7,5054.6,10720.5,0.0,6851.2,5675.8,9360.2,7154.6,5941.4,6563.8,2729.7,5435.4,6595.6,7414.9,7783.3,14585.3,6544.4,7061.1,7039.9,7977.2,6582.2,5904.2,7293.9,7032.3,6817.8,7054.5,6705.4,6174.5,7751.5,7108.7,7044.0,11639.9,6665.0,6339.4,6754.2,6777.2,6777.8,6967.9,6910.0,4377.8,7195.1,8038.9,5843.5,7810.3,6965.5,7139.0,7024.4,7128.9,5930.5,7416.9,6128.9,6885.3,6818.1,7289.2,7296.6,7240.0,6932.4,7988.2,7260.2,5849.1,6402.5,6621.9,6980.5,8832.1,7965.3,6379.7,7965.3,8850.6,6959.3,10948.6,7765.1,2886.9,6128.7,6263.5,8291.8,6923.7,7279.5,7718.9,7952.0,15253.4,7676.8,8929.2,6366.4,4132.6,5853.1,4377.8,4238.5,7952.0,8929.2,7676.8,7700.4,2998.1,7109.6,7952.0,5741.5,6366.4,6262.4,8056.2,5741.5,13126.5,15237.8,15246.4,15202.2,6723.9,7523.3,6043.1,6547.9,6234.7,4563.4,9070.1,6489.7,11639.9,11639.9,11836.1,4132.8,5926.2,5926.2,4522.5,4543.5,11833.2,9561.2,8056.2,8079.6,6084.4,7647.5,6143.9,6590.8,13316.2,6630.7,7952.0,7965.3,4132.6,6766.5,5898.0,6451.4,6922.0,6473.1,6760.4,6802.3,7520.8,6541.4,7110.5,5899.9,9402.5,5490.0,7288.3,6772.4,6165.5,8007.0,5411.4,6694.9,6955.2,7067.0,6877.0,6928.6,7030.1,7073.1,6782.4,6598.2,6532.9,7121.3,6970.5,6827.7,5959.2,7073.1,6147.3,7002.9,6940.4,6480.3,6361.4,7032.3,6795.9,8657.3,6083.4,6657.7,12034.9,6488.2,3937.1,4238.5,7652.6,6192.6,12129.7,8010.5,5853.1,11790.9,4668.6,8816.3,15783.9,27644.3,7854.9,6332.4,12065.0,6791.9,6582.2,9091.0,7995.5,6983.6,13399.6,7269.3,12901.6,2301.2,5921.8,7279.5,8688.0,4638.0,7109.6,10101.0,7359.3,16191.7,12908.1,7428.4,10710.3,11686.3,9527.8,9820.6,10687.8,6362.5,9180.1,10921.4,11088.2,12914.7,8667.5,9364.1,7539.4,9893.8,11789.0,6046.2,11925.1,6981.6,9760.5,10846.1,12859.1,7611.8,6289.4,9812.3,4543.5,3195.1,5803.6,6414.8,7348.1
89,720.4,510.5,1793.7,1539.6,1054.2,1354.5,1045.3,418.2,3428.1,5680.0,1567.3,1148.7,1026.1,1114.5,4040.8,6281.5,4572.9,2129.7,1077.4,2779.5,3891.3,4723.8,6851.2,0.0,7071.4,11004.0,3722.1,1791.0,468.3,4789.9,1498.2,686.5,2807.8,6427.8,9318.1,434.4,199.3,2483.6,1775.0,471.4,1328.3,1411.8,1067.1,66.5,244.9,991.2,1402.0,9395.3,2554.1,2507.9,7618.7,1009.8,1947.3,961.0,963.9,254.2,701.2,411.0,2722.9,2369.5,2095.8,1341.7,1608.1,742.5,1229.8,1057.7,554.5,1624.2,2528.1,1030.9,911.4,1100.1,1200.4,643.6,3129.3,768.8,1786.0,2496.9,1305.9,557.5,914.5,727.1,5275.6,9609.1,471.7,9609.1,3337.1,947.6,9252.7,1958.0,5464.6,989.5,1204.5,9567.5,782.5,8897.0,9362.8,2709.0,9986.1,5790.3,10573.1,4318.1,8702.6,7086.1,2722.9,4130.9,2709.0,10573.1,5790.3,9344.3,7538.8,3678.3,2709.0,6653.0,4318.1,2000.1,2735.5,6653.0,7254.7,9970.6,9979.2,9935.0,1336.5,5792.6,1075.0,1031.5,1810.6,3774.2,11384.9,1054.5,7618.7,7618.7,7040.5,8570.1,7372.1,7372.1,3829.3,3905.6,7037.7,10678.7,2735.5,1877.4,1073.5,1736.2,1014.0,1735.2,7435.2,4723.6,2709.0,9609.1,8702.6,416.3,1285.4,1019.8,801.4,1019.9,1028.8,230.8,2281.2,590.3,525.8,1332.6,3405.8,1475.6,1377.9,563.8,1789.6,2686.3,1800.3,1068.4,168.2,482.3,994.5,150.2,1121.9,1009.8,258.2,684.0,1183.4,746.9,8588.0,1508.2,1347.2,1009.8,2186.7,418.2,4031.8,875.6,1000.9,1067.1,1758.6,9933.0,1074.5,1024.6,7975.9,1036.8,8374.3,4130.9,2502.9,4228.3,7195.4,6281.5,7086.1,6995.3,3674.7,11043.5,9912.1,29288.2,1943.6,1076.5,7461.3,809.6,471.4,2888.8,9271.2,1359.6,7518.5,1036.5,7104.0,5065.5,1233.2,8897.0,10331.9,3705.9,3678.3,6047.3,8634.9,10675.4,8424.0,8704.0,12354.2,8869.5,11171.7,4430.8,6657.5,5529.9,5177.8,6313.7,12732.0,15110.1,9943.2,11745.4,8580.0,11537.7,7622.6,1113.1,7939.0,130.5,5782.7,6824.8,8698.3,6246.7,828.8,4462.4,3905.6,5124.7,7067.4,4746.7,5680.0
70,7774.2,6788.4,6337.6,5898.9,6947.7,6224.0,6922.1,7457.6,3764.0,1391.4,6111.2,8161.7,7243.6,7588.6,5780.9,815.5,7130.5,5949.3,6807.0,6503.9,7836.1,7496.4,5675.8,7071.4,0.0,4127.2,3767.8,6598.7,6837.5,6148.9,5934.9,6958.7,8853.6,1570.0,9728.1,6891.8,7214.5,8134.9,6319.0,7264.1,6403.8,7793.5,7531.8,7070.9,7290.9,7204.9,5660.2,2518.5,8246.8,8159.2,6599.8,6075.8,7091.0,7253.8,7276.7,6862.0,7740.5,7438.1,4975.5,8073.3,5687.2,6343.0,6152.0,7781.9,7638.5,7524.0,7592.5,5962.7,8573.9,6628.5,7384.8,7317.7,7788.7,7697.4,8748.4,7432.0,6329.9,8199.1,6348.7,6740.1,7121.4,7770.7,4700.0,2732.3,6735.3,2732.3,5599.5,7458.8,5517.7,8464.5,7579.2,6460.2,6763.0,2860.9,7423.2,2020.2,2485.9,4684.0,10396.1,2743.2,3696.3,2804.0,4354.1,257.7,4975.5,7433.1,4684.0,3696.3,2743.2,2467.5,3598.2,3722.8,4684.0,10177.0,2804.0,7013.9,4820.0,10177.0,8662.2,10380.6,10389.2,10345.0,7223.4,1378.6,6374.6,7047.5,6892.0,7553.5,4508.1,6989.3,6599.8,6599.8,7218.2,3944.3,495.3,495.3,7512.7,7533.7,7288.5,4130.3,4820.0,6309.4,6583.9,5465.1,6643.4,7242.4,8857.1,2419.2,4684.0,2732.3,4354.1,6689.0,6397.5,6951.0,7421.5,6972.6,7259.9,6877.6,8354.0,6693.3,7565.2,6399.5,6816.8,5989.6,7787.8,7135.6,6822.8,4770.7,6071.2,7194.4,7055.6,7521.6,7376.5,7041.6,7529.6,7572.6,6941.4,6961.4,7032.4,7790.5,1711.2,7348.3,6458.7,7572.6,6984.5,7457.6,3553.6,6979.8,6860.9,7531.8,7531.5,3226.4,6582.9,7157.2,6994.8,5973.9,4008.5,7433.1,4575.2,2894.4,7493.0,815.5,257.7,7255.8,7431.6,4166.7,11319.6,22411.4,5246.1,6831.9,7185.6,6479.8,7264.1,6988.3,2564.6,7483.2,8940.4,8049.4,8437.3,4826.9,6421.3,2020.2,3455.0,7452.5,3722.8,5968.9,1928.4,11334.5,7935.5,1997.5,5477.4,5281.8,4294.9,6121.8,6481.7,9753.3,5048.0,6789.3,5855.2,8233.3,3236.6,4868.6,2108.5,4660.9,6909.7,6545.7,6885.0,7191.2,5373.6,5771.9,7886.5,1331.4,6620.9,6087.1,7533.7,7688.8,198.6,2324.7,1391.4
71,11706.8,10721.0,10270.3,9831.5,10880.4,10156.6,10854.7,11390.2,7696.6,5324.0,10043.9,12094.3,11176.3,11521.3,9713.6,4748.2,11063.2,9881.9,10739.7,10436.5,11768.7,11126.4,9360.2,11004.0,4127.2,0.0,7700.4,10531.4,10770.2,10081.5,9867.5,10891.3,12786.2,5583.4,12296.6,10824.4,11147.2,12067.5,10251.6,11196.8,10336.4,11726.1,11464.4,11003.5,11223.5,11137.6,9592.8,1682.0,12179.4,12091.9,9168.4,10008.4,11023.6,11186.4,11209.4,10794.6,11673.2,11370.7,8908.2,12005.9,9619.9,10275.6,10084.7,11714.5,11571.2,11456.6,11525.1,9895.4,12506.5,10561.1,11317.5,11250.3,11721.4,11630.0,12681.0,11364.6,10262.6,12131.8,10281.3,10672.8,11054.1,11703.3,7793.5,1395.5,10668.0,1395.5,9532.1,11391.5,5114.3,12397.1,11511.9,10392.8,10695.6,2167.9,11355.9,2148.6,1655.5,8616.6,12964.7,6337.9,492.1,6736.6,8038.5,4338.6,8908.2,11365.7,8616.6,492.1,6337.9,1673.0,7282.6,7655.5,8616.6,14109.6,6736.6,10946.6,8752.6,14109.6,11230.7,12949.1,12957.8,12913.5,11156.0,5311.2,10307.3,10980.1,10824.6,11486.2,1291.2,10921.9,9168.4,9168.4,9786.8,7628.6,3684.3,3684.3,11445.4,11466.3,9857.0,1817.7,8752.6,10242.0,10516.5,9397.8,10576.0,11175.0,11425.6,6351.9,8616.6,1395.5,8038.5,10621.7,10330.2,10883.6,11354.2,10905.3,11192.5,10810.3,12286.6,10626.0,11497.8,10332.1,10749.4,9922.2,11720.5,11068.2,10755.4,8703.4,10003.9,11127.0,10988.2,11454.3,11309.1,10974.2,11462.3,11505.2,10874.1,10894.0,10965.1,11723.1,2510.7,11280.9,10391.4,11505.2,10917.1,11390.2,7486.2,10912.5,10793.6,11464.4,11464.1,1631.8,10515.5,11089.8,9563.4,9906.5,7692.8,11365.7,8507.8,6827.0,10061.6,4748.2,4338.6,9824.4,11364.2,1464.2,13888.1,18621.9,9178.7,10764.6,9754.1,10412.4,11196.8,10921.0,2587.7,11415.8,11509.0,11982.0,11005.8,8511.2,10354.0,2148.6,902.7,11385.2,7655.5,8603.0,3017.4,13903.0,10504.0,2904.9,1742.7,5950.9,637.2,9215.3,9050.2,13686.0,8141.5,9378.0,2085.1,4443.8,1544.4,1211.0,3385.9,1009.5,9478.2,10478.3,9453.5,11123.9,7942.1,8340.4,10441.4,5377.9,10553.6,9180.6,11466.3,11621.5,4279.5,6257.4,5324.0
80,4424.9,3439.1,2988.3,4367.5,4597.0,4227.3,4543.7,4108.3,716.1,2376.4,2761.9,4812.4,4720.4,4808.8,4196.0,2970.5,5545.6,4364.4,4372.8,2989.3,6251.1,3978.6,7154.6,3722.1,3767.8,7700.4,0.0,5005.1,3488.2,4563.9,4326.2,4172.8,6501.7,3241.9,7856.3,3542.4,3865.2,6177.9,2969.7,3914.8,4407.1,5106.1,4761.4,3721.5,3941.6,4685.5,3774.5,6091.7,6248.4,6202.2,4920.0,3382.3,5294.7,4655.2,4658.2,3512.7,4391.2,4088.7,3390.6,6063.8,2172.6,4346.3,2802.7,4432.6,4924.1,4752.0,4243.2,4075.4,6222.0,4326.2,4605.7,4794.4,4894.7,4348.1,6823.6,4463.1,2980.7,6191.2,4352.0,3635.2,4592.2,4421.4,2396.9,6305.5,3846.5,6305.5,2084.9,4641.9,6024.7,5651.9,5994.3,3610.9,4499.8,6256.4,4476.8,5593.4,6059.2,1041.5,8524.4,2003.9,7269.5,1007.0,8573.9,3782.5,3390.6,5848.2,1041.5,7269.5,2003.9,6040.7,7410.1,286.6,1041.5,8592.1,1007.0,5347.6,1177.5,8592.1,6306.4,8508.8,8517.5,8473.2,4763.2,2481.5,3693.9,4696.8,5105.9,5968.6,8081.3,4638.6,4920.0,4920.0,5107.1,8441.5,4068.5,4068.5,5927.8,5948.8,5104.3,7164.7,1177.5,2860.8,4368.9,2072.3,4309.3,5079.7,6496.1,1412.5,1041.5,6305.5,8573.9,3339.7,4400.9,4518.2,4495.7,4563.1,4723.1,3528.3,5975.1,3344.0,4215.9,4402.8,3302.2,4303.6,5072.2,4241.5,5085.0,1128.3,4697.9,4762.7,3706.3,4172.3,4688.8,3692.3,4816.1,4704.1,3592.1,4171.8,4681.8,4441.2,5284.4,4888.1,4462.0,4704.1,5491.4,4108.3,345.3,4374.0,4499.3,4761.4,5186.2,6621.9,4369.9,4706.9,5314.9,3409.3,8245.7,5848.2,1381.8,962.0,5400.8,2970.5,3782.5,5061.9,5846.7,7739.9,8963.8,25984.6,1876.4,4371.8,5336.0,3130.5,3914.8,3473.7,5960.1,5053.9,6579.5,4700.1,6081.4,5095.9,4424.7,5593.4,7028.2,5867.6,286.6,3348.6,5323.9,9462.7,6184.9,5393.0,9050.6,5641.5,7868.1,2910.1,3958.8,8168.4,2479.1,4168.9,9428.4,11806.5,6632.1,8441.8,5066.0,8234.1,5060.1,4408.4,5205.1,3841.9,3084.0,4126.1,6135.9,2951.8,3585.7,2901.8,5948.8,6103.9,3763.8,1480.4,2376.4
82,1624.0,1696.1,3353.9,997.8,984.7,770.4,971.7,1659.8,4711.1,5207.4,3127.5,1752.4,1147.8,1492.8,3375.2,5869.7,2875.4,692.3,727.6,4339.6,2381.2,6283.9,5941.4,1791.0,6598.7,10531.4,5005.1,0.0,1759.1,4124.2,984.9,1252.5,2370.8,5642.5,10960.0,1674.7,1847.3,1652.1,3335.2,1372.6,817.4,1521.5,1435.9,1757.6,1763.4,1243.1,2379.4,8922.7,1764.0,1676.5,8901.7,2039.3,601.6,1157.9,1180.8,1771.9,1505.6,1566.9,2020.7,1590.6,3382.2,732.0,3168.3,1503.2,1542.7,1428.1,1586.4,1668.5,2091.1,781.0,1289.0,1221.8,1692.9,1700.3,2348.8,1450.2,3346.2,1716.4,767.8,1553.7,1159.7,1518.2,6558.6,9136.5,1319.4,9136.5,4604.6,1363.0,9928.8,2041.8,4351.2,1421.9,627.0,9155.6,1461.4,8424.3,8890.1,3992.1,11628.0,5536.0,10100.4,4225.7,7986.8,6550.9,2020.7,2422.6,3992.1,10100.4,5536.0,8871.6,6822.9,4961.4,3992.1,5042.8,4225.7,524.6,4018.5,5042.8,8814.9,11612.5,11621.1,11576.9,858.4,5382.6,1336.3,1024.5,323.2,2065.9,10912.2,992.3,8901.7,8901.7,8323.6,7854.3,6899.5,6899.5,2121.0,2197.3,8320.7,10425.0,4018.5,3437.6,786.5,2990.7,807.5,673.6,8995.3,4489.9,3992.1,9136.5,7986.8,1963.3,770.2,1000.6,1345.0,1010.8,1164.0,1763.3,1864.6,1758.0,1664.4,818.6,4965.9,933.0,1532.5,1429.3,254.0,3969.3,562.4,1050.8,1895.0,1714.4,1280.7,1868.3,1433.8,1476.7,1704.4,1255.1,885.1,1525.0,8115.3,916.2,832.0,1476.7,550.3,1659.8,4799.6,1064.9,946.0,1435.9,962.7,9521.1,787.4,1162.1,9258.9,2085.6,7658.5,2422.6,3785.9,4051.8,8599.8,5869.7,6550.9,8278.3,1976.7,10570.9,11472.2,28815.5,3198.2,794.9,8744.3,2135.2,1372.6,4449.0,8859.4,1211.2,9078.7,1673.0,8664.2,4363.3,719.5,8424.3,9859.2,1997.6,4961.4,7330.3,8223.1,12235.6,9828.5,8292.2,11881.5,9545.6,10699.0,5707.5,7940.5,4221.9,6460.9,7596.7,12259.4,14637.5,9531.4,11272.7,8253.1,11065.0,8905.6,789.8,9222.0,1825.2,7065.8,8107.9,9981.4,5471.0,1582.6,5739.2,2197.3,3399.2,6539.9,4274.0,5207.4
85,1156.8,77.8,1733.3,1252.2,1146.8,1068.3,1093.4,821.7,3194.3,5446.2,1506.9,1593.2,1435.1,1523.5,3733.7,6047.7,4464.8,1842.3,1045.5,2719.1,3911.5,4663.4,6563.8,468.3,6837.5,10770.2,3488.2,1759.1,0.0,4482.7,1210.9,727.2,3216.8,5943.5,9257.7,149.1,667.5,2834.2,1714.7,469.3,1248.2,1820.7,1476.1,434.9,713.1,1267.7,1196.3,9161.5,2946.1,2858.6,7384.8,751.4,1967.5,1369.9,1372.8,234.8,1104.6,697.3,2415.8,2772.6,2035.5,1187.4,1547.7,1146.0,1638.8,1466.7,956.5,1213.7,2937.1,999.0,1320.4,1509.1,1609.3,1109.5,3530.9,1177.8,1725.7,2898.5,1193.0,241.9,1184.2,1136.1,5041.7,9375.3,477.9,9375.3,3087.8,1356.5,9018.9,2367.0,5177.2,551.5,1172.6,9333.6,1191.5,8663.1,9128.9,2475.2,9925.7,5556.4,10339.2,4084.2,8395.5,6852.2,2415.8,4099.0,2475.2,10339.2,5556.4,9110.5,7231.6,3444.5,2475.2,6673.2,4084.2,2020.3,2501.7,6673.2,7194.3,9910.2,9918.8,9874.6,1436.0,5558.7,637.1,1246.5,1778.7,3742.3,11151.1,1188.3,7384.8,7384.8,6806.7,8263.0,7138.3,7138.3,3797.5,3873.7,6803.8,10444.9,2501.7,1817.0,1041.7,1473.9,982.1,1752.5,7374.8,4489.7,2475.2,9375.3,8395.5,342.8,1241.9,1068.0,1210.4,1112.8,1437.8,259.3,2690.2,146.3,929.3,1243.8,3345.4,1188.2,1786.9,849.3,1757.7,2452.4,1512.9,1392.0,550.7,885.7,1403.5,524.0,1530.8,1418.8,239.4,726.3,1231.5,1155.9,8354.1,1560.9,1303.1,1418.8,2164.1,821.7,3798.0,923.7,1026.5,1476.1,1859.0,9699.1,1042.7,1256.6,7742.0,797.6,8067.2,4099.0,2269.0,3994.4,7135.0,6047.7,6852.2,6761.4,3645.1,10809.7,9851.7,29054.4,1681.3,1044.6,7227.4,618.3,469.3,2828.4,9037.3,1682.3,7458.1,1483.0,7043.6,4758.4,1201.4,8663.1,10098.0,3674.1,3444.5,5813.4,8401.1,10615.0,8363.6,8470.2,12120.3,8635.6,10937.8,4190.6,6423.6,5646.2,4944.0,6079.8,12498.2,14876.3,9709.4,11511.6,8346.2,11303.9,7388.7,1081.2,7705.1,598.7,5548.9,6591.0,8464.5,5772.0,390.8,4222.3,3873.7,5023.1,6833.6,4512.8,5446.2
225,5305.7,4419.8,5585.2,3469.8,4518.7,3794.9,4493.0,4949.1,4424.5,4757.5,5358.8,5419.2,4814.6,5159.6,762.3,5419.9,3191.0,3474.8,4378.0,6571.0,4686.4,8515.2,2729.7,4789.9,6148.9,10081.5,4563.9,4124.2,4482.7,0.0,3505.8,4541.7,6379.1,5192.7,11994.7,4465.1,5005.2,5660.4,5566.5,4526.2,3974.7,5364.4,5102.8,4756.5,4998.6,4775.9,3580.2,8472.8,5772.3,5684.8,9049.3,3995.7,4616.5,4824.7,4847.7,4696.7,5038.3,4856.2,2260.9,5598.8,5680.4,3914.0,5399.6,5036.0,5209.5,5094.9,5083.9,3753.5,6099.4,4199.4,4955.8,4888.6,5359.7,5258.5,6273.9,5002.9,5577.5,5724.7,3919.6,4323.2,4692.4,5051.0,6241.5,8686.6,4318.3,8686.6,6260.0,5029.8,9478.9,6035.4,2451.4,4043.2,4333.9,8705.8,4994.2,7974.5,8440.2,5361.4,12662.7,5086.1,9650.6,3775.8,4077.2,6101.0,2260.9,3772.1,5361.4,9650.6,5086.1,8421.8,2913.4,4519.0,5361.4,6236.1,3775.8,4539.5,5465.6,6236.1,10535.9,12647.2,12655.8,12611.6,4794.4,4932.7,3957.7,4618.4,4417.5,4079.3,10462.4,4560.2,9049.3,9049.3,9245.5,3944.8,6449.6,6449.6,4038.5,4059.5,9242.6,9975.1,5465.6,5668.9,4154.9,5289.0,4214.4,4767.9,10725.6,4040.1,5361.4,8686.6,4077.2,4685.4,3968.5,4521.9,4992.5,4543.6,4830.8,4721.2,5879.5,4455.9,5056.7,3970.4,7197.2,3560.5,5358.8,4718.6,4348.3,5416.4,3596.8,4765.3,4893.9,5013.1,4947.5,4867.2,5100.6,5143.5,4701.3,4544.4,4603.4,5191.8,7665.4,4919.2,4029.7,5143.5,4510.0,4949.1,4349.8,4550.8,4431.9,5102.8,5057.0,9071.3,4153.9,4728.1,9444.3,3893.8,3749.0,3772.1,5062.0,3601.9,9539.1,5419.9,6101.0,9200.3,4167.9,10121.0,13193.2,28365.7,5496.4,4402.9,9474.4,4294.6,4526.2,6680.3,8409.5,5054.1,10809.0,5339.8,10310.9,532.7,3992.3,7974.5,9409.3,4154.0,4519.0,7510.4,7773.3,13601.1,10317.5,7842.3,11431.7,9095.7,10249.2,7230.0,8097.1,6422.1,6589.5,8330.8,11809.5,14187.6,9081.5,10822.9,7803.3,10615.2,9198.4,4116.6,9334.5,4920.3,7169.9,8255.4,10268.5,5021.2,4203.9,7221.7,4059.5,3459.8,6090.0,3824.1,4757.5
140,1796.5,1147.9,2660.3,41.3,1024.3,300.6,998.7,1600.1,4032.2,4543.5,2433.9,1924.8,1320.2,1665.3,2756.8,5205.9,3336.4,713.9,883.7,3646.1,3277.6,5384.9,5435.4,1498.2,5934.9,9867.5,4326.2,984.9,1210.9,3505.8,0.0,1192.7,3217.7,4978.7,10281.1,1191.5,1708.2,2545.1,2641.6,1229.2,480.4,1870.1,1608.4,1464.8,1701.6,1281.5,1520.1,8258.8,2657.0,2569.5,8222.8,1329.4,1528.9,1330.4,1353.3,1424.8,1544.0,1507.2,1402.3,2483.5,2703.3,419.6,2474.7,1541.6,1715.2,1600.6,1705.0,809.1,2937.9,705.1,1461.5,1394.3,1865.3,1872.8,3241.8,1508.6,2652.6,2609.4,425.3,1049.5,1198.1,1556.7,5879.7,8472.6,1026.7,8472.6,3925.7,1535.5,9265.0,2541.1,4048.8,775.8,839.6,8491.8,1499.8,7760.5,8226.2,3313.2,10949.1,4872.2,9436.6,3561.8,7368.4,5887.1,1402.3,3319.0,3313.2,9436.6,4872.2,8207.8,6204.6,4282.5,3313.2,5939.2,3561.8,1451.8,3339.6,5939.2,7915.8,10933.6,10942.2,10898.0,1300.0,4718.7,690.2,1124.1,1166.8,2962.3,10248.4,1065.9,8222.8,8222.8,7644.7,7235.9,6235.6,6235.6,3017.5,3093.8,7641.8,9761.2,3339.6,2744.0,660.5,2311.8,720.0,1315.0,8096.3,3826.1,3313.2,8472.6,7368.4,1413.5,474.1,1027.6,1498.2,1049.3,1336.5,1449.3,2658.5,1188.4,1707.7,476.1,4066.9,54.7,1864.5,1369.6,1106.2,3290.4,471.4,1271.0,1602.3,1664.1,1453.1,1575.6,1606.2,1649.2,1429.5,1195.4,1109.0,1697.5,7451.5,1424.9,535.3,1649.2,1477.6,1600.1,4135.8,1056.4,937.6,1608.4,1597.2,8857.3,659.5,1233.8,8580.0,1375.6,7040.1,3319.0,3107.0,3388.0,7920.9,5205.9,5887.1,7599.4,2873.2,9907.0,10573.2,28151.7,2519.2,908.6,8065.4,1456.3,1229.2,3755.4,8195.5,1559.8,8179.6,1845.5,7765.1,3744.9,498.0,7760.5,9195.3,2894.1,4282.5,6651.4,7559.3,11336.5,9149.6,7628.4,11217.7,8881.7,10035.2,5028.6,7261.6,5145.1,5781.9,6917.8,11595.5,13973.6,8867.5,10608.9,7589.3,10401.2,8226.7,622.3,8543.1,1628.7,6386.9,7429.0,9302.5,4807.2,936.5,5060.3,3093.8,3894.7,5876.0,3610.2,4543.5
143,764.0,691.2,2244.4,1218.5,558.8,903.5,505.5,407.4,3878.8,5567.3,2018.0,1184.4,853.3,1114.7,3792.7,6229.7,4034.4,1772.2,538.9,3230.2,3404.9,5174.5,6595.6,686.5,6958.7,10891.3,4172.8,1252.5,727.2,4541.7,1192.7,0.0,2808.0,6002.5,9768.8,594.6,634.5,2320.1,2225.7,312.0,789.8,1404.6,1067.3,652.1,510.9,679.7,1834.2,9282.6,2432.0,2344.5,8069.4,1389.4,1460.9,819.6,837.8,660.1,690.3,314.5,2474.8,2258.5,2546.5,803.2,2058.8,731.7,1230.0,1057.9,542.2,1525.2,2528.3,492.4,905.2,927.3,1200.6,716.7,3016.8,762.5,2236.7,2384.4,767.4,571.6,596.2,720.8,5726.3,9496.4,336.8,9496.4,3787.8,941.3,9703.4,1958.2,5209.0,937.7,666.0,9515.6,776.2,8784.3,9250.1,3159.7,10436.8,6240.9,10460.4,4768.7,8454.5,6910.9,2474.8,3592.4,3159.7,10460.4,6240.9,9231.6,7290.6,4129.0,3159.7,6166.6,4768.7,1513.7,3186.2,6166.6,7705.4,10421.2,10429.9,10385.7,890.8,5742.5,966.2,658.5,1272.1,3235.7,11272.2,600.3,8069.4,8069.4,7491.2,8322.0,7259.4,7259.4,3290.8,3367.1,7488.4,10785.0,3186.2,2328.1,535.0,2186.9,475.4,1245.8,7885.9,5174.3,3159.7,9496.4,8454.5,853.9,746.9,480.0,795.2,524.8,865.9,651.5,2281.4,775.9,515.0,794.1,3856.5,1140.8,1378.1,176.9,1251.1,3137.0,1387.8,804.1,752.5,471.4,937.6,748.7,1122.0,1010.0,592.6,13.6,643.5,740.7,8475.3,1054.3,808.7,1010.0,1657.5,407.4,4482.5,335.8,461.0,1067.3,1352.4,9881.1,536.0,668.7,8426.6,1435.6,8126.2,3592.4,2953.6,4679.0,7646.0,6229.7,6910.9,7446.0,3138.4,10930.9,10362.8,29175.5,2394.3,538.0,7912.0,1155.2,312.0,3339.5,9219.3,1094.3,7969.2,1090.2,7554.7,4817.4,694.8,8784.3,10219.1,3167.4,4129.0,6498.0,8583.1,11126.1,8874.7,8652.2,12241.5,9320.2,11059.0,4881.5,7108.2,5139.6,5628.5,6764.4,12619.3,14997.5,9891.3,11632.7,9030.7,11425.0,8073.2,574.6,8389.7,612.3,6233.4,7275.5,9149.0,5831.0,870.2,4913.1,3367.1,4586.2,6899.9,4634.0,5567.3
12,2127.9,3182.4,4573.4,3243.5,2376.5,2932.2,2422.4,2405.5,6207.8,7462.2,4347.0,1697.8,2109.4,1749.2,5630.0,8124.6,4490.7,2947.2,2524.0,5559.1,2393.8,7503.4,7414.9,2807.8,8853.6,12786.2,6501.7,2370.8,3216.8,6379.1,3217.7,2808.0,0.0,7897.4,12097.7,3085.8,2642.5,877.2,4554.7,2949.4,2972.1,1565.5,1807.6,2791.4,2593.3,2325.3,4181.7,11177.5,848.2,844.0,10398.4,3792.3,1937.4,2112.8,2135.7,3002.7,2436.9,2522.3,4275.5,791.4,4875.5,2893.8,4387.8,2426.3,1761.1,1831.2,2281.8,3960.5,297.4,2665.8,2085.1,2021.3,1623.7,2191.0,468.6,2358.1,4565.7,703.4,2929.5,3208.9,2343.8,2398.2,8055.2,11391.3,3059.2,11391.3,6116.8,2004.0,12032.4,975.3,5975.3,3576.2,2549.5,11410.5,2394.0,10679.2,11145.0,5488.7,12765.8,7790.9,12355.3,6480.5,10241.6,8805.8,4275.5,3360.0,5488.7,12355.3,7790.9,11126.5,9077.8,6458.0,5488.7,4576.1,6480.5,1995.0,5515.2,4576.1,10034.4,12750.2,12758.9,12714.6,2139.0,7637.4,3490.7,2294.9,2278.4,2910.3,13167.1,2347.0,10398.4,10398.4,9820.2,10109.2,9154.3,9154.3,2975.5,2986.9,9817.3,12679.9,5515.2,4657.1,2710.3,4515.9,2724.7,2040.3,10214.8,6744.8,5488.7,11391.3,10241.6,3177.5,2924.9,2456.1,2252.9,2424.4,2068.5,2979.3,617.3,3279.5,2359.8,2976.4,6185.4,3165.8,1612.3,2687.8,2318.1,5465.9,2917.8,2168.0,2813.7,2409.8,2031.0,2809.9,1846.9,1827.9,3006.7,2808.1,2326.7,2101.0,10370.2,2019.8,2986.8,1827.9,1946.5,2405.5,6811.5,2575.1,2645.0,1807.6,1746.3,11776.0,2711.3,2284.7,10755.5,3816.5,9913.4,3360.0,5282.5,6306.7,9975.0,8124.6,8805.8,9775.0,2798.2,12825.8,12691.7,31070.4,4723.3,2491.7,10241.0,3558.1,2949.4,5668.5,11114.2,1886.5,10298.2,1810.7,9883.7,6618.2,2872.8,10679.2,12114.0,2837.2,6458.0,8827.0,10478.0,13455.1,11203.7,10547.1,14136.4,11649.2,12953.9,7210.4,9437.2,2947.5,7957.5,9093.3,14514.2,16892.3,11786.2,13527.6,10508.0,13319.9,10402.2,2749.9,10718.6,2707.6,8562.4,9604.5,11478.0,7725.9,3524.1,7242.1,2986.9,4353.7,8794.8,6528.9,7462.2
227,7130.6,5880.6,5694.1,4942.7,5991.5,5267.8,5965.9,6409.9,3120.5,1075.7,5467.7,6892.1,6287.4,6632.4,4824.8,1277.3,6174.4,4993.1,5850.9,5860.4,6879.9,6852.8,7783.3,6427.8,1570.0,5583.4,3241.9,5642.5,5943.5,5192.7,4978.7,6002.5,7897.4,0.0,10071.1,5925.9,6571.0,7178.7,5675.4,5987.0,5447.6,6837.3,6575.6,6427.3,6647.4,6248.8,4704.0,3974.7,7290.6,7203.1,7125.8,5119.6,6134.8,6297.6,6320.5,6218.4,6511.2,6317.0,4019.3,7117.1,5043.7,5386.8,5508.5,6508.8,6682.4,6567.8,6544.7,5006.5,7617.7,5672.3,6428.6,6361.5,6832.5,7053.8,7792.2,6475.8,5686.4,7242.9,5392.5,5783.9,6165.3,6523.9,4318.0,4188.5,5779.1,4188.5,4956.0,6502.6,6471.3,7508.3,6623.0,5504.0,5806.8,4312.0,6467.0,3512.3,3942.1,4057.4,10739.2,2424.9,5152.5,2249.8,5308.0,1340.5,4019.3,6476.9,4057.4,5152.5,2424.9,3923.7,4552.1,3196.9,4057.4,9220.8,2249.8,6057.8,4161.6,9220.8,8612.4,10723.6,10732.3,10688.0,6267.2,1266.3,5418.4,6091.3,5935.8,6597.3,5964.3,6033.1,7125.8,7125.8,7322.0,4898.2,1987.5,1987.5,6556.5,6577.5,7319.1,5581.3,4161.6,5665.8,5627.7,4821.6,5687.2,6286.2,8802.1,1959.9,4057.4,4188.5,5308.0,6045.5,5441.3,5994.8,6465.3,6016.4,6303.7,6234.1,7397.8,6049.8,6517.4,5443.3,6173.2,5033.4,6831.6,6179.4,5866.6,4112.4,5115.0,6238.2,6412.0,6473.9,6420.3,6398.1,6573.4,6616.4,6297.9,6005.2,6076.2,6664.6,3203.3,6392.1,5502.5,6616.4,6028.3,6409.9,3027.7,6023.6,5904.8,6575.6,6575.3,4677.4,5626.7,6201.0,7520.7,5017.7,4962.4,6476.9,3931.7,2297.9,7615.6,1277.3,1340.5,7276.7,6475.4,5622.9,11269.7,23867.6,4602.5,5875.8,7550.8,5418.5,5987.0,6344.8,4015.7,6527.0,8885.4,6812.6,8387.4,5724.6,5465.1,3512.3,4911.2,6496.3,3196.9,5586.9,3379.4,11677.5,8393.9,3448.5,6933.6,6088.1,5751.1,5739.7,6173.6,8797.1,4666.0,6407.2,7311.4,9689.5,4687.7,6324.8,3559.6,6117.1,7274.9,5589.5,7410.9,6547.7,5246.4,6331.9,8344.9,624.4,5664.7,5705.0,6577.5,6732.6,1410.4,1861.6,1075.7
226,10020.9,9393.9,8412.2,10322.4,10193.0,10182.1,10139.7,9704.3,7997.7,9061.8,8275.5,10408.4,10316.4,10404.8,11626.8,9412.8,12976.4,10895.2,10164.7,6642.7,13030.7,5216.2,14585.3,9318.1,9728.1,12296.6,7856.3,10960.0,9257.7,11994.7,10281.1,9768.8,12097.7,10071.1,0.0,9497.3,9461.2,11773.9,8493.3,9510.8,10362.0,10702.0,10357.4,9317.5,9537.6,10281.5,9729.4,11535.2,11844.4,11798.2,4468.1,9337.1,11086.7,10251.2,10254.2,9108.7,9987.2,9684.7,10821.4,11659.8,7535.6,10301.2,8271.4,10028.6,10520.1,10348.0,9839.2,10030.3,11818.0,10118.2,10201.7,10390.4,10490.6,9944.1,12419.6,10059.1,8445.0,11787.2,10306.8,9429.7,10188.2,10017.4,6067.3,11749.5,9606.5,11749.5,6416.8,10237.8,7712.5,11247.9,13425.1,9565.8,10291.8,10482.2,10072.8,10995.8,11518.3,7077.3,709.7,7797.8,11979.2,8410.9,14082.2,9761.0,10821.4,13335.6,7077.3,11979.2,7797.8,11506.9,13326.4,8009.9,7077.3,15955.8,8410.9,11139.5,7213.3,15955.8,2330.7,694.2,702.8,658.6,10525.0,9153.4,9648.8,10292.8,10897.9,12978.9,13098.5,10234.5,4468.1,4468.1,2831.5,13672.4,9633.6,9633.6,13034.1,13110.3,2873.4,10910.2,7213.3,7925.6,10160.8,7988.0,10101.2,10871.6,2664.1,8160.7,7077.3,11749.5,14082.2,8935.7,10355.7,10114.2,10091.7,10159.1,10319.1,9124.3,11571.1,9298.9,9811.9,10357.6,6086.9,10258.4,10668.2,9837.5,10876.9,7164.1,10652.8,10358.7,9302.3,9768.3,10284.8,9288.3,10412.1,10300.1,9188.1,9767.8,10277.8,10037.2,10686.8,10680.1,10416.9,10300.1,11283.3,9704.3,8079.4,9970.0,10095.3,10357.4,10978.2,11007.2,10161.8,10302.9,3047.8,9364.2,13736.6,13335.6,7613.9,8486.0,2492.5,9412.8,9761.0,2928.9,12889.7,12833.2,2220.9,25526.7,7808.8,10163.7,2658.3,9085.3,9510.8,6977.0,10123.3,10649.9,2613.0,10296.1,2419.0,12526.6,10379.5,10995.8,12104.5,12910.6,8009.9,4554.3,9655.7,1616.8,1865.8,9726.8,13160.6,7044.8,12752.1,5307.7,4296.3,14765.4,5497.6,3848.2,14199.9,16414.8,11161.3,13325.8,9126.1,12058.3,2970.4,10200.4,3149.6,9437.9,5351.5,4146.5,2714.2,9637.2,9540.5,5277.9,13110.3,13534.6,9724.1,8399.9,9061.8
14,1046.4,103.4,1846.7,1232.8,1018.9,1049.0,965.5,685.2,3248.5,5500.4,1620.3,1462.2,1297.7,1392.6,3716.0,6101.9,4445.4,1822.9,961.1,2832.5,3827.1,4776.8,6544.4,434.4,6891.8,10824.4,3542.4,1674.7,149.1,4465.1,1191.5,594.6,3085.8,5925.9,9497.3,0.0,633.6,2749.8,1828.1,336.7,1212.0,1689.8,1345.1,401.0,679.2,1139.8,1250.5,9215.7,2832.1,2774.2,7439.1,805.6,1883.1,1232.5,1235.5,348.2,968.1,564.7,2398.1,2647.6,1919.5,1168.0,1661.1,1009.5,1507.8,1335.8,820.1,1267.9,2806.1,914.6,1183.0,1371.7,1478.4,999.2,3407.3,1040.4,1839.0,2774.9,1173.6,142.1,1056.3,998.7,5095.9,9429.5,378.1,9429.5,3142.0,1219.1,9073.1,2236.0,5157.8,605.8,1088.2,9387.8,1054.1,8717.4,9183.1,2529.4,10165.4,5610.6,10393.5,4138.4,8377.8,6906.4,2398.1,4014.6,2529.4,10393.5,5610.6,9164.7,7214.0,3498.7,2529.4,6588.8,4138.4,1935.9,2555.8,6588.8,7307.7,10149.8,10158.4,10114.2,1350.8,5612.9,681.0,1118.6,1694.3,3657.9,11205.3,1060.4,7439.1,7439.1,6860.9,8245.4,7192.5,7192.5,3713.1,3789.3,6858.0,10499.1,2555.8,1930.4,957.2,1528.1,897.6,1668.0,7488.2,4543.9,2529.4,9429.5,8377.8,456.2,1169.1,940.0,1073.0,984.9,1300.4,346.1,2559.2,200.5,792.8,1216.3,3458.8,1168.8,1655.9,716.6,1673.3,2506.6,1493.5,1264.1,538.5,749.2,1266.1,511.8,1399.9,1287.8,287.2,593.6,1103.6,1018.5,8408.3,1476.5,1230.9,1287.8,2079.7,685.2,3852.2,795.8,921.1,1345.1,1774.6,9753.3,958.2,1128.7,7796.2,851.9,8049.6,4014.6,2323.2,4048.7,7137.1,6101.9,6906.4,6815.7,3560.6,10863.9,9965.1,29108.6,1735.5,960.1,7281.7,672.5,336.7,2941.8,9091.5,1554.4,7571.5,1372.7,7157.1,4740.8,1117.0,8717.4,10152.2,3589.6,3498.7,5867.7,8455.3,10728.5,8365.8,8524.4,12174.5,8689.9,10992.0,4244.8,6477.9,5561.8,4998.2,6134.0,12552.4,14930.5,9763.5,11565.8,8400.4,11358.1,7442.9,996.8,7759.4,564.8,5603.1,6645.2,8518.7,5754.4,445.0,4276.5,3789.3,5003.7,6887.8,4567.0,5500.4
15,565.7,709.7,1936.8,1749.5,1020.6,1498.3,993.3,342.8,3571.3,5823.2,1710.5,953.2,938.6,1007.2,4256.1,6424.7,4629.2,2339.7,1133.8,2922.6,3803.8,4866.9,7061.1,199.3,7214.5,11147.2,3865.2,1847.3,667.5,5005.2,1708.2,634.5,2642.5,6571.0,9461.2,633.6,0.0,2396.1,1918.2,568.8,1384.7,1304.4,959.8,250.5,135.5,903.7,1545.2,9538.5,2444.2,2415.7,7761.8,1153.0,1859.7,873.4,876.3,453.4,623.3,359.0,2938.2,2262.2,2239.0,1398.1,1751.3,664.7,1122.5,950.4,467.0,1810.5,2362.8,1087.3,823.9,1012.6,1093.0,488.9,3010.1,681.3,1929.2,2387.0,1362.3,756.7,880.9,639.6,5418.7,9752.3,670.9,9752.3,3480.2,860.0,9395.9,1792.7,5674.5,1188.7,1260.8,9710.6,695.0,9040.1,9505.9,2852.2,10129.3,5933.4,10716.2,4461.2,8917.9,7229.2,2938.2,4062.1,2852.2,10716.2,5933.4,9487.5,7754.1,3821.5,2852.2,6565.5,4461.2,1912.6,2878.7,6565.5,7397.9,10113.7,10122.4,10078.1,1249.0,5935.7,1274.2,997.9,1853.0,3691.5,11528.1,1020.9,7761.8,7761.8,7183.7,8785.4,7515.3,7515.3,3746.7,3822.9,7180.8,10821.9,2878.7,2020.5,1129.9,1879.4,1070.3,1647.7,7578.3,4866.7,2852.2,9752.3,8917.9,615.5,1341.8,967.8,713.9,986.2,941.3,430.0,2115.9,789.5,448.0,1389.0,3548.9,1685.6,1270.6,511.8,1832.1,2829.4,1982.7,980.9,174.3,406.8,907.0,173.4,1014.5,902.4,457.4,632.0,1134.2,659.4,8731.1,1420.6,1403.6,902.4,2099.2,342.8,4175.0,823.6,948.9,959.8,1671.0,10076.1,1130.9,987.8,8119.0,1180.0,8589.7,4062.1,2646.0,4371.4,7338.5,6424.7,7229.2,7138.4,3587.2,11186.7,10055.2,29431.4,2086.8,1132.8,7604.4,953.4,568.8,3032.0,9414.3,1272.0,7661.7,840.9,7247.2,5280.9,1289.6,9040.1,10475.0,3623.3,3821.5,6190.4,8778.1,10818.6,8567.2,8847.2,12497.3,9012.6,11314.8,4573.9,6800.6,5442.4,5321.0,6456.8,12875.2,15253.3,10086.3,11888.6,8723.2,11680.9,7765.7,1169.5,8082.1,120.6,5925.9,6968.0,8841.5,6389.9,1028.0,4605.6,3822.9,5055.8,7210.6,4889.8,5823.2
16,1841.8,2771.3,4249.5,2570.9,1768.9,2259.6,1817.1,2074.8,5883.9,6743.5,4023.1,1497.6,1564.9,1458.0,4911.3,7405.9,4115.8,2228.4,1851.4,5235.3,2018.8,7179.6,7039.9,2483.6,8134.9,12067.5,6177.9,1652.1,2834.2,5660.4,2545.1,2320.1,877.2,7178.7,11773.9,2749.8,2396.1,0.0,4230.8,2447.8,2299.6,1124.3,1456.6,2467.1,2301.5,1851.1,3857.8,10458.8,120.7,33.2,10074.5,3468.1,1218.7,1624.4,1647.4,2678.4,2039.1,2191.6,3556.8,155.2,4551.6,2221.2,4063.9,2028.5,1298.5,1480.2,1951.1,3288.0,626.7,1993.3,1630.9,1533.6,1364.9,1918.1,647.9,1903.9,4241.8,252.0,2257.0,2628.8,1855.4,2000.4,7731.4,10672.6,2394.6,10672.6,5792.9,1549.8,11708.5,845.1,5600.4,2903.7,1876.9,10691.8,1939.8,9960.5,10426.2,5164.8,12441.9,7072.2,11636.6,5761.8,9522.9,8087.0,3556.8,2985.1,5164.8,11636.6,7072.2,10407.8,8359.1,6134.1,5164.8,4419.7,5761.8,1276.3,5191.3,4419.7,9710.5,12426.4,12435.0,12390.8,1466.4,6918.7,2818.1,1766.7,1559.7,2535.3,12448.4,1764.0,10074.5,10074.5,9496.3,9390.5,8435.6,8435.6,2600.6,2612.0,9493.5,11961.2,5191.3,4333.2,2037.8,4192.0,2052.1,1321.6,9891.0,6026.1,5164.8,10672.6,9522.9,2853.2,2252.4,1850.8,1798.7,1826.9,1580.8,2655.1,600.8,2833.1,2029.1,2303.9,5861.6,2493.2,1157.3,2357.2,1599.4,5142.1,2199.1,1611.5,2547.4,2079.2,1576.8,2543.6,1392.7,1504.4,2682.4,2322.8,1676.8,1807.3,9651.5,1347.3,2314.2,1504.4,1227.8,2074.8,6487.6,1984.3,2021.1,1456.6,1081.2,11057.3,2038.8,1782.8,10431.7,3492.6,9194.7,2985.1,4958.6,5588.0,9651.1,7405.9,8087.0,9451.1,2423.2,12107.0,12367.9,30351.7,4399.4,1819.1,9917.1,3233.9,2447.8,5344.6,10395.5,1236.6,9974.3,1621.2,9559.8,5899.5,2200.2,9960.5,11395.3,2462.2,6134.1,8503.1,9759.3,13131.2,10879.8,9828.4,13417.7,11325.3,12235.2,6886.6,9113.3,3073.9,7633.6,8769.5,13795.5,16173.6,11067.5,12808.9,9789.3,12601.2,10078.4,2077.3,10394.8,2407.2,8238.5,9280.6,11154.1,7007.2,2919.2,6918.2,2612.0,3978.8,8076.0,5810.2,6743.5
11,2477.8,1730.7,137.7,2682.9,2650.0,2542.7,2596.7,2161.2,2675.7,4927.6,223.9,2865.3,2773.3,2861.8,5139.4,5529.1,5878.3,3255.8,2621.7,1950.1,5487.7,3899.0,7977.2,1775.0,6319.0,10251.6,2969.7,3335.2,1714.7,5566.5,2641.6,2225.7,4554.7,5675.4,8493.3,1828.1,1918.2,4230.8,0.0,1967.8,2722.5,3159.0,2814.4,1774.5,1994.5,2738.5,2037.7,8642.9,4301.4,4255.2,6866.3,1645.5,3543.6,2708.2,2711.1,1565.6,2444.2,2141.7,3821.5,4116.8,1301.0,2661.7,255.7,2485.6,2977.1,2805.0,2296.1,2390.8,4275.0,2575.1,2658.7,2847.4,2947.6,2401.0,4876.5,2516.0,121.3,4244.1,2667.4,1886.7,2645.2,2474.3,4523.1,8856.7,2063.4,8856.7,2594.4,2694.8,8500.3,3704.8,6590.6,1926.3,2748.7,8815.1,2529.7,8144.6,8610.3,1956.6,9161.3,5037.8,9820.7,3565.6,9576.5,6333.6,3821.5,5675.1,1956.6,9820.7,5037.8,8591.9,8412.7,2925.9,1956.6,8249.4,3565.6,3596.5,1983.1,8249.4,6429.9,9145.8,9154.4,9110.2,2982.0,5040.1,2009.3,2749.7,3354.8,5318.4,10632.5,2691.5,6866.3,6866.3,6290.0,9444.0,6619.7,6619.7,5373.6,5449.9,6164.3,9926.3,1983.1,680.9,2617.8,983.8,2558.2,3328.6,6610.4,3971.2,1956.6,8856.7,9576.5,1392.7,2716.2,2571.2,2548.7,2616.0,2776.1,1581.3,4028.0,1641.1,2268.8,2718.2,2581.0,2619.0,3125.2,2294.4,3333.9,1933.8,3013.3,2815.6,1759.2,2225.3,2741.8,1745.3,2869.1,2757.0,1645.1,2224.8,2734.8,2494.2,7835.5,3137.0,2777.4,2757.0,3740.3,2161.2,3279.4,2427.0,2552.2,2814.4,3435.2,9180.5,2618.8,2759.9,7225.4,1672.5,9248.2,5675.1,1750.4,3475.9,6388.9,5529.1,6333.6,6244.8,5221.2,10291.1,9087.3,28535.8,1191.2,2620.7,6710.8,1445.9,1967.8,1617.1,8518.8,3106.8,6693.7,2753.0,6279.2,6164.1,2740.1,8144.6,9579.4,5250.2,2925.9,5294.9,7882.5,9850.6,7617.6,7951.6,11601.8,8117.1,10419.3,3624.3,5905.1,7222.3,4425.4,5563.2,11979.6,14357.7,9190.8,10993.0,7827.6,10785.3,6872.1,2657.3,7188.5,1894.9,5030.3,6072.4,7947.8,5494.3,1879.6,3656.0,5449.9,6436.6,6315.0,3994.2,4927.6
138,913.5,433.2,1986.5,1270.6,691.4,1023.6,638.1,548.7,3620.9,5872.8,1760.1,1325.8,985.9,1256.1,3777.2,6474.3,4154.5,1860.7,659.1,2972.3,3525.1,4916.5,6582.2,471.4,7264.1,11196.8,3914.8,1372.6,469.3,4526.2,1229.2,312.0,2949.4,5987.0,9510.8,336.7,568.8,2447.8,1967.8,0.0,910.0,1537.2,1208.7,438.0,562.2,812.4,1576.3,9588.1,2559.7,2472.2,7811.4,1131.4,1581.1,952.3,970.5,402.2,831.7,428.2,2459.3,2386.2,2288.6,923.4,1800.9,873.0,1380.9,1199.3,683.6,1509.8,2669.7,612.6,1046.5,1060.0,1341.9,866.2,3144.4,903.9,1978.8,2512.0,887.6,459.8,728.9,862.2,5468.3,9801.9,215.6,9801.9,3529.9,1082.7,9445.5,2099.5,5195.6,898.9,786.1,9760.2,917.6,9089.8,9555.5,2901.8,10178.9,5983.0,10765.9,4510.8,8439.0,6895.4,2459.3,3712.6,2901.8,10765.9,5983.0,9537.1,7275.2,3871.1,2901.8,6286.8,4510.8,1633.9,2928.3,6286.8,7447.5,10163.3,10172.0,10127.7,1023.4,5985.3,927.6,791.2,1392.3,3355.9,11577.7,733.0,7811.4,7811.4,7233.3,8306.5,7564.9,7564.9,3411.0,3487.3,7230.4,10871.5,2928.3,2070.2,655.2,1929.0,595.6,1366.0,7627.9,4916.4,2901.8,9801.9,8439.0,595.9,867.0,612.6,936.5,657.5,998.6,393.6,2422.7,530.4,656.3,914.3,3598.5,1206.6,1519.5,485.5,1371.3,2879.0,1508.0,936.7,575.5,612.8,1070.3,548.8,1272.0,1151.3,334.7,311.1,776.2,882.0,8780.7,1174.5,928.9,1151.3,1777.7,548.7,4224.6,468.4,593.7,1208.7,1472.6,10125.7,656.2,801.3,8168.6,1177.7,8110.7,3712.6,2695.6,4421.1,7388.1,6474.3,6895.4,7188.1,3258.6,11236.3,10104.8,29481.0,2136.4,658.1,7654.1,897.2,0.0,3081.6,9464.0,1227.0,7711.3,1239.7,7296.8,4801.9,814.9,9089.8,10524.6,3287.6,3871.1,6240.1,8827.7,10868.2,8616.8,8896.8,12547.0,9062.3,11364.5,4623.5,6850.3,5259.8,5370.6,6506.4,12924.8,15302.9,10136.0,11938.2,8772.8,11730.5,7815.3,694.8,8131.8,546.7,5975.5,7017.6,8891.1,5815.5,774.9,4655.2,3487.3,4706.3,6884.4,4939.4,5872.8
150,1397.8,1185.2,2741.2,506.2,625.7,191.1,600.0,1197.2,4113.1,5012.4,2514.8,1526.2,921.6,1266.6,3225.7,5674.8,3475.2,1113.7,485.0,3726.9,3151.6,5465.8,5904.2,1328.3,6403.8,10336.4,4407.1,817.4,1248.2,3974.7,480.4,789.8,2972.1,5447.6,10362.0,1212.0,1384.7,2299.6,2722.5,910.0,0.0,1471.4,1209.8,1294.9,1300.7,882.9,1886.2,8727.7,2411.5,2323.9,8303.7,1441.3,1321.8,931.7,954.7,1309.2,1145.3,1104.3,1871.2,2238.0,2784.2,90.9,2555.6,1143.0,1316.5,1201.9,1306.4,1223.2,2692.4,306.4,1062.8,995.6,1466.7,1474.1,2996.2,1109.9,2733.5,2363.8,73.7,1086.8,799.4,1158.0,5960.6,8941.5,856.8,8941.5,4006.6,1136.8,9937.8,2142.4,4517.6,823.9,440.9,8960.7,1101.2,8229.4,8695.1,3394.0,11030.0,5341.1,9905.5,4030.7,7837.3,6355.9,1871.2,3193.0,3394.0,9905.5,5341.1,8676.7,6673.4,4363.4,3394.0,5813.2,4030.7,1284.3,3420.5,5813.2,7996.7,11014.5,11023.1,10978.9,901.4,5187.6,738.3,725.4,986.5,2836.3,10717.3,667.2,8303.7,8303.7,7725.6,7704.8,6704.5,6704.5,2891.5,2967.8,7722.7,10230.1,3420.5,2824.9,261.9,2392.7,321.4,1076.5,8177.2,4295.0,3394.1,8941.5,7837.3,1450.8,47.2,628.9,1099.5,650.6,937.8,1300.6,2412.9,1247.0,1304.7,4.3,4147.8,428.5,1465.8,966.7,938.7,3371.3,704.5,872.3,1432.3,1261.2,1054.5,1405.7,1207.6,1250.5,1241.7,792.5,710.4,1298.8,7920.4,1026.2,55.0,1250.5,1310.1,1197.2,4716.9,657.8,538.9,1209.8,1324.4,9326.2,260.9,835.1,8660.9,1487.6,7509.0,3193.0,3187.9,3856.9,8001.8,5674.8,6355.9,7680.3,2747.2,10375.9,10654.1,28620.6,2600.1,509.9,8146.3,1537.2,910.0,3836.3,8664.4,1161.1,8260.5,1446.8,7846.0,4213.8,99.3,8229.4,9664.2,2768.1,4363.4,6732.3,8028.2,11417.4,9230.5,8097.3,11686.6,9554.5,10504.1,5109.5,7342.5,4981.7,5862.8,6998.7,12064.4,14442.5,9336.4,11077.8,8058.2,10870.1,8307.6,223.7,8624.0,1362.5,6467.8,7509.9,9383.4,5276.1,984.6,5141.1,2967.8,4169.7,6344.9,4079.1,5012.4
13,739.4,1786.3,3177.7,1895.9,853.4,1580.8,901.5,1009.5,4812.1,6402.1,2951.3,679.0,629.2,411.1,4615.4,7064.5,4424.5,2133.8,1051.3,4163.5,3105.1,6107.7,7293.9,1411.8,7793.5,11726.1,5106.1,1521.5,1820.7,5364.4,1870.1,1404.6,1565.5,6837.3,10702.0,1689.8,1304.4,1124.3,3159.0,1537.2,1471.4,0.0,354.2,1395.3,1214.3,866.3,2786.0,10117.4,1168.4,1139.9,9002.7,2396.3,1249.0,653.8,676.7,1606.6,1034.3,1126.2,3260.9,974.3,3479.8,1480.5,2992.1,1023.7,195.6,377.8,885.7,2612.9,1285.8,1165.1,626.1,541.1,500.2,815.7,1743.6,899.1,3170.0,1111.2,1444.8,1787.2,884.8,995.6,6659.6,10331.2,1552.9,10331.2,4721.1,545.0,10636.7,715.7,5900.2,2153.2,1093.8,10350.4,935.0,9619.1,10084.9,4093.0,11370.1,6730.8,11295.2,5702.0,9227.0,7745.6,3260.9,3451.3,4093.0,11295.2,6730.8,10066.4,8063.1,5062.3,4093.0,5543.9,5702.0,1301.8,4119.5,5543.9,8638.7,11354.5,11363.2,11318.9,673.9,6577.3,2128.0,814.7,1306.4,3080.8,12107.0,848.4,9002.7,9002.7,8424.5,9094.5,8094.2,8094.2,3135.9,3212.2,8421.6,11619.8,4119.5,3261.4,1209.7,3120.2,1224.0,1069.1,8819.1,5684.7,4093.0,10331.2,9227.0,1781.4,1424.2,935.3,794.0,911.4,588.3,1583.2,1048.1,1883.5,963.7,1475.8,4789.7,1818.2,46.9,1291.8,1285.4,4070.2,1946.3,687.8,1475.6,1013.8,572.0,1471.8,304.6,402.0,1610.6,1407.2,761.3,704.9,9310.0,755.8,1486.1,402.0,1469.5,1009.5,5415.8,1068.8,1136.3,354.2,734.6,10715.9,1210.7,814.0,9359.8,2420.8,8898.7,3451.3,3886.8,5612.3,8579.3,7064.5,7745.6,8379.3,2976.4,11765.6,11296.0,30010.3,3327.6,1019.0,8845.3,2162.1,1537.2,4272.8,10054.1,321.1,8902.5,599.6,8488.0,5603.5,1372.1,9619.1,11053.9,3012.5,5062.3,7431.3,9417.9,12059.4,9808.0,9487.0,13076.3,10253.5,11893.8,5814.7,8041.5,4198.1,6561.8,7697.6,13454.1,15832.2,10726.1,12467.5,9447.9,12259.8,9006.5,1249.2,9323.0,1328.7,7166.7,8208.8,10082.3,6665.8,2085.8,5846.4,3212.2,4445.0,7734.6,5468.8,6402.1
131,394.7,1441.7,2833.0,1634.2,594.0,1319.1,639.9,664.8,4467.4,6140.4,2606.6,334.3,326.8,81.9,4353.7,6802.8,4368.3,1955.6,859.2,3818.8,3183.5,5763.1,7032.3,1067.1,7531.8,11464.4,4761.4,1435.9,1476.1,5102.8,1608.4,1067.3,1807.6,6575.6,10357.4,1345.1,959.8,1456.6,2814.4,1208.7,1209.8,354.2,0.0,1050.6,869.7,528.7,2441.3,9855.8,1520.8,1481.0,8658.0,2051.6,1239.5,316.2,339.1,1262.0,696.7,781.6,2999.2,1326.7,3135.2,1218.9,2647.4,686.1,172.2,23.6,541.0,2351.3,1527.9,903.5,288.5,238.7,274.8,471.0,2096.0,561.5,2825.3,1463.6,1183.1,1468.2,547.2,658.1,6314.9,10069.5,1262.6,10069.5,4376.4,207.4,10292.0,957.7,5645.7,1863.0,901.8,10088.7,597.5,9357.4,9823.2,3748.3,11025.4,6829.6,11033.5,5357.4,8965.3,7484.0,2999.2,3441.8,3748.3,11033.5,6829.6,9804.7,7801.5,4717.6,3748.3,5853.5,5357.4,1292.3,3774.8,5853.5,8294.0,11009.9,11018.5,10974.3,628.7,6315.6,1891.5,512.3,1250.2,3071.3,11845.3,564.5,8658.0,8658.0,8079.9,8832.8,7832.5,7832.5,3126.4,3202.7,8077.0,11358.1,3774.8,2916.7,948.0,2775.6,962.3,1027.4,8474.5,5762.9,3748.3,10069.5,8965.3,1436.7,1162.6,673.6,456.4,641.9,285.9,1238.6,1280.9,1538.8,619.0,1214.1,4445.1,1556.5,320.4,947.1,1229.3,3725.6,1768.2,385.4,1130.9,669.1,234.4,1127.1,64.3,57.3,1266.0,1067.3,569.2,360.3,9048.4,800.4,1224.4,57.3,1479.0,664.8,5071.1,778.5,848.4,0.0,994.1,10454.2,949.0,488.2,9015.2,2076.1,8637.0,3441.8,3542.2,5267.6,8234.7,6802.8,7484.0,8034.6,2967.0,11504.0,10951.4,29748.6,2982.9,826.9,8500.6,1817.4,1208.7,3928.1,9792.4,529.4,8557.8,254.9,8143.3,5341.8,1110.5,9357.4,10792.3,3003.0,4717.6,7086.6,9156.2,11714.8,9463.4,9225.3,12814.6,9908.8,11632.1,5470.1,7696.8,4530.4,6217.1,7353.0,13192.5,15570.6,10464.5,12205.8,9619.3,11998.1,8661.9,987.5,8978.3,984.0,6822.1,7864.1,9737.7,6404.1,1783.3,5501.8,3202.7,4435.6,7473.0,5207.1,6140.4
19,731.4,477.1,1793.2,1506.2,1019.9,1321.1,1010.9,396.2,3427.6,5679.5,1566.8,1167.7,1009.6,1098.1,4007.4,6281.0,4539.5,2096.3,1044.0,2778.9,3874.8,4723.2,6817.8,66.5,7070.9,11003.5,3721.5,1757.6,434.9,4756.5,1464.8,652.1,2791.4,6427.3,9317.5,401.0,250.5,2467.1,1774.5,438.0,1294.9,1395.3,1050.6,0.0,296.1,974.8,1401.5,9394.8,2537.6,2491.5,7618.1,1010.5,1930.8,944.5,947.4,220.8,679.2,376.7,2689.5,2353.1,2095.3,1308.3,1607.6,720.5,1213.3,1041.3,531.1,1590.8,2511.6,997.5,895.0,1083.7,1183.9,684.1,3112.8,752.3,1785.5,2480.4,1272.5,524.1,880.2,710.6,5275.0,9608.6,438.3,9608.6,3336.6,931.1,9252.2,1941.5,5431.2,956.1,1171.1,9567.0,766.0,8896.5,9362.2,2708.5,9985.6,5789.7,10572.6,4317.5,8669.2,7085.5,2689.5,4097.5,2708.5,10572.6,5789.7,9343.8,7505.4,3677.8,2708.5,6636.6,4317.5,1983.6,2735.0,6636.6,7254.2,9970.0,9978.7,9934.4,1320.1,5792.0,1041.6,997.1,1777.2,3740.8,11384.4,1020.1,7618.1,7618.1,7040.0,8536.7,7371.6,7371.6,3796.0,3872.2,7037.1,10678.2,2735.0,1876.9,1040.2,1735.7,980.6,1718.7,7434.6,4723.0,2708.5,9608.6,8669.2,402.6,1252.0,985.5,785.0,985.5,1012.3,197.4,2264.7,556.9,503.8,1299.2,3405.2,1442.2,1361.5,529.4,1756.2,2685.7,1766.9,1051.9,219.4,460.2,978.1,201.4,1105.4,993.3,224.8,649.6,1149.0,730.4,8587.4,1491.7,1313.8,993.3,2162.6,396.2,4031.3,841.2,966.5,1050.6,1742.1,9932.4,1041.2,990.2,7975.3,1036.3,8340.9,4097.5,2502.3,4227.8,7194.8,6281.0,7085.5,6994.8,3643.5,11043.0,9911.5,29287.7,1943.1,1043.1,7460.8,776.2,438.0,2888.3,9270.6,1343.1,7518.0,1057.6,7103.5,5032.1,1199.9,8896.5,10331.3,3672.6,3677.8,6046.8,8634.4,10674.9,8423.5,8703.5,12353.6,8869.0,11171.1,4430.2,6657.0,5513.5,5177.3,6313.1,12731.5,15109.6,9942.7,11744.9,8579.5,11537.2,7622.0,1079.7,7938.4,181.7,5782.2,6824.3,8697.8,6246.2,795.4,4461.9,3872.2,5091.3,7066.9,4746.1,5679.5
20,475.6,755.3,2013.2,1729.5,878.7,1414.4,869.8,243.4,3647.6,5899.5,1786.8,903.9,844.0,917.1,4249.5,6501.1,4545.3,2283.1,1049.9,2999.0,3709.3,4943.3,7054.5,244.9,7290.9,11223.5,3941.6,1763.4,713.1,4998.6,1701.6,510.9,2593.3,6647.4,9537.6,679.2,135.5,2301.5,1994.5,562.2,1300.7,1214.3,869.7,296.1,0.0,809.2,1621.5,9614.9,2356.7,2325.9,7838.2,1229.3,1765.2,778.9,781.8,499.0,526.4,235.5,2931.6,2172.1,2315.3,1314.1,1827.6,567.7,1032.3,860.3,372.5,1868.9,2313.5,1003.3,729.4,918.1,1002.9,398.8,2931.8,586.8,2005.5,2299.4,1278.4,802.3,739.0,545.0,5495.1,9828.6,689.5,9828.6,3556.6,765.5,9472.2,1743.4,5667.9,1234.3,1176.9,9787.0,600.4,9116.5,9582.3,2928.5,10205.6,6009.8,10792.6,4537.6,8911.3,7305.6,2931.6,3967.5,2928.5,10792.6,6009.8,9563.8,7747.5,3897.8,2928.5,6471.0,4537.6,1818.1,2955.0,6471.0,7474.2,10190.1,10198.7,10154.5,1154.5,6012.1,1319.8,855.9,1711.1,3597.0,11604.4,878.9,7838.2,7838.2,7260.0,8778.9,7591.6,7591.6,3652.2,3728.4,7257.2,10898.2,2955.0,2096.9,1046.0,1955.7,986.4,1553.2,7654.7,4943.1,2928.5,9828.6,8911.3,661.1,1257.8,844.3,619.4,844.3,846.8,475.6,2066.6,835.1,351.0,1305.0,3625.3,1651.8,1180.5,388.2,1690.1,2905.8,1898.8,886.3,253.6,307.5,812.5,249.7,924.4,812.3,503.0,508.5,1007.8,564.9,8807.5,1326.1,1319.6,812.3,2004.7,243.4,4251.3,700.0,825.3,869.7,1576.5,10152.5,1047.0,849.0,8195.4,1256.3,8583.1,3967.5,2722.4,4447.8,7414.9,6501.1,7305.6,7214.8,3492.7,11263.0,10131.6,29507.7,2163.1,1048.9,7680.8,1054.4,562.2,3108.3,9490.7,1177.5,7738.0,791.6,7323.5,5274.3,1205.7,9116.5,10551.4,3528.8,3897.8,6266.8,8854.5,10894.9,8643.5,8923.5,12573.7,9089.0,11391.2,4650.3,6877.0,5347.9,5397.3,6533.2,12951.5,15329.7,10162.7,11964.9,8799.5,11757.2,7842.1,1085.5,8158.5,114.4,6002.2,7044.3,8917.9,6466.2,1073.6,4681.9,3728.4,4961.3,7286.9,4966.2,5899.5
21,637.7,1204.7,2757.1,1307.3,276.1,992.3,290.1,582.5,4391.6,5813.6,2530.7,837.8,291.9,599.6,4026.8,6475.9,4025.0,1762.8,541.9,3742.9,3157.1,5687.2,6705.4,991.2,7204.9,11137.6,4685.5,1243.1,1267.7,4775.9,1281.5,679.7,2325.3,6248.8,10281.5,1139.8,903.7,1851.1,2738.5,812.4,882.9,866.3,528.7,974.8,809.2,0.0,2316.6,9528.9,1963.0,1875.5,8582.1,1871.7,1213.0,230.5,233.4,1186.1,341.1,626.0,2672.3,1789.6,3059.3,892.0,2571.6,330.6,670.7,513.5,458.7,2024.4,2045.5,576.6,302.7,365.9,778.3,714.0,2547.8,244.2,2749.5,1915.4,856.3,1062.3,83.5,317.2,6239.0,9742.7,828.0,9742.7,4300.5,376.7,10216.2,1475.4,5318.8,1428.4,678.2,9761.9,235.4,9030.5,9496.3,3672.5,10949.6,6142.2,10706.6,5281.5,8638.4,7157.1,2672.3,3415.3,3672.5,10706.6,6142.2,9477.8,7474.6,4641.8,3672.5,5918.8,5281.5,1265.8,3698.9,5918.8,8218.1,10934.0,10942.6,10898.4,602.3,5988.8,1456.9,253.3,1108.5,3044.8,11518.5,276.3,8582.1,8582.1,8004.0,8505.9,7505.7,7505.7,3100.0,3176.2,8001.1,11031.2,3698.9,2840.8,621.1,2699.7,635.5,1001.0,8398.6,5096.1,3672.5,9742.7,8638.4,1360.9,835.7,262.6,233.8,241.7,294.6,1162.7,1798.6,1266.5,536.7,887.2,4369.2,1229.7,820.0,712.9,1087.5,3649.7,1476.7,306.3,1055.1,586.8,294.4,1051.2,561.8,562.1,1137.8,682.4,389.7,538.7,8721.5,773.9,897.5,562.1,1452.5,582.5,4995.3,343.9,413.8,528.7,1024.3,10127.4,622.1,241.1,8939.3,1917.9,8310.2,3415.3,3466.3,4658.0,8158.8,6475.9,7157.1,7958.7,2940.5,11177.1,10875.5,29421.8,2907.1,523.5,8424.7,1700.3,812.4,3852.3,9465.6,625.3,8482.0,758.4,8067.5,5015.0,783.6,9030.5,10465.4,2976.6,4641.8,7010.7,8829.3,11638.9,9387.5,8898.4,12487.7,9832.9,11305.2,5394.2,7620.9,4795.7,6141.3,7277.1,12865.6,15243.7,10137.6,11879.0,8859.4,11671.2,8586.0,660.7,8902.4,914.9,6746.2,7788.3,9661.8,6077.3,1360.9,5425.9,3176.2,4409.1,7146.1,4880.2,5813.6
22,2104.8,1147.1,2056.3,1484.0,2195.6,1706.4,2142.3,1788.2,3480.5,4268.8,1829.9,2492.3,2400.3,2488.8,3209.1,4931.2,4465.6,1959.6,2088.6,3042.1,4623.3,4986.4,6174.5,1402.0,5660.2,9592.8,3774.5,2379.4,1196.3,3580.2,1520.1,1834.2,4181.7,4704.0,9729.4,1250.5,1545.2,3857.8,2037.7,1576.3,1886.2,2786.0,2441.3,1401.5,1621.5,2316.6,0.0,7984.1,3928.3,3882.2,7671.1,466.9,2964.4,2335.2,2338.1,1192.6,2071.2,1768.7,2091.4,3743.8,2151.6,1825.4,1870.7,2112.5,2604.0,2432.0,1923.1,1002.6,3901.9,2042.0,2285.7,2474.4,2574.6,2028.0,4503.5,2143.0,2048.7,3871.1,1831.1,1343.3,2233.1,2101.3,5328.0,8197.9,1568.2,8197.9,3374.0,2321.8,9305.1,3331.8,4968.8,1061.8,2245.4,8217.1,2156.7,7485.8,7951.6,2761.4,10397.4,4597.5,9161.9,3287.1,7590.1,5612.4,2091.4,4664.7,2761.4,9161.9,4597.5,7933.1,6426.3,3730.8,2761.4,7284.9,3287.1,2887.4,2787.9,7284.9,7517.3,10381.9,10390.5,10346.3,2479.0,4444.0,1144.8,2295.4,2620.6,4308.0,9973.7,2237.2,7671.1,7671.1,7093.0,7457.7,5960.9,5960.9,4363.1,4439.4,7090.1,9486.5,2787.9,2140.0,2066.3,1760.1,2025.1,2735.9,7697.8,3551.4,2761.4,8197.9,7590.1,1019.7,1880.0,2116.8,2175.7,2161.7,2403.0,1208.3,3655.0,1052.1,1895.8,1881.9,3668.4,1574.7,2752.1,1921.4,2560.0,2738.7,1817.1,2442.6,1386.2,1852.2,2368.8,1372.2,2496.1,2384.0,1259.8,1833.3,2280.4,2121.1,7176.8,2603.9,1941.2,2384.0,2911.9,1788.2,4084.2,1972.6,2069.5,2441.3,2902.0,8582.6,2065.3,2305.5,8028.3,365.0,7261.9,4664.7,2555.3,3113.3,7369.2,4931.2,5612.4,7047.7,4218.8,9632.4,10174.7,27877.0,1967.5,2087.6,7513.7,765.8,1576.3,3151.5,7920.8,2733.8,7781.2,2380.0,7366.7,4112.1,1903.8,7485.8,8920.6,4239.7,3730.8,6099.7,7284.6,10938.1,8597.9,7353.7,10943.0,8921.9,9760.5,4476.9,6709.9,6490.8,5230.2,6366.1,11320.8,13699.0,8592.8,10334.2,7314.6,10126.5,7675.0,2028.1,7991.4,1521.8,5835.1,6877.2,8750.8,4532.5,1036.6,4508.6,4439.4,5023.9,5601.4,3335.5,4268.8
32,10098.1,9112.3,8661.6,8222.8,9271.7,8547.9,9246.0,9781.5,6088.0,3715.3,8435.2,10485.6,9567.6,9912.6,8104.9,3139.5,9454.5,8273.2,9131.0,8827.9,10160.0,9820.3,7751.5,9395.3,2518.5,1682.0,6091.7,8922.7,9161.5,8472.8,8258.8,9282.6,11177.5,3974.7,11535.2,9215.7,9538.5,10458.8,8642.9,9588.1,8727.7,10117.4,9855.8,9394.8,9614.9,9528.9,7984.1,0.0,10570.7,10483.2,8407.0,8399.7,9414.9,9577.7,9600.7,9185.9,10064.5,9762.0,7299.5,10397.2,8011.2,8667.0,8476.0,10105.9,9962.5,9847.9,9916.4,8286.7,10897.8,8952.4,9708.8,9641.6,10112.7,10021.3,11072.3,9755.9,8653.9,10523.1,8672.6,9064.1,9445.4,10094.6,6873.6,287.1,9059.3,287.1,7923.5,9782.8,5032.4,10788.4,9903.2,8784.1,9086.9,1690.5,9747.2,539.4,48.6,7008.0,12203.3,5067.1,1251.1,5127.9,6429.8,2729.9,7299.5,9757.0,7008.0,1251.1,5067.1,51.1,5673.9,6046.8,7008.0,12501.0,5127.9,9337.9,7143.9,12501.0,10469.3,12187.7,12196.3,12152.1,9547.3,3702.5,8698.6,9371.4,9215.9,9877.5,2062.9,9313.2,8407.0,8407.0,9025.4,6020.0,2075.2,2075.2,9836.7,9857.6,9095.6,2279.3,7143.9,8633.3,8907.9,7789.1,8967.4,9566.3,10664.2,4743.2,7008.0,287.1,6429.8,9013.0,8721.5,9274.9,9745.5,9296.6,9583.8,9201.6,10677.9,9017.3,9889.1,8723.4,9140.8,8313.5,10111.8,9459.5,9146.7,7094.7,8395.2,9518.3,9379.5,9845.6,9700.5,9365.6,9853.6,9896.5,9265.4,9285.3,9356.4,10114.5,901.6,9672.2,8782.7,9896.5,9308.5,9781.5,5877.6,9303.8,9184.9,9855.8,9855.5,1306.7,8906.9,9481.1,8801.9,8297.8,6084.1,9757.0,6899.1,5218.4,9300.2,3139.5,2729.9,9063.0,9755.6,1721.6,13126.7,19966.2,7570.0,9155.9,8992.7,8803.7,9588.1,9312.3,1786.0,9807.1,10747.5,10373.3,10244.4,6902.5,8745.3,539.4,1009.9,9776.5,6046.8,7841.6,1888.0,13141.6,9742.6,1790.5,3032.2,5729.0,1849.7,8295.3,8288.8,12077.3,7221.5,8616.6,3410.1,5788.2,1238.3,2423.4,2433.9,2215.7,8716.8,8869.6,8692.1,9515.2,7180.7,7579.0,9693.6,3769.2,8944.9,8260.6,9857.6,10012.8,2670.8,4648.7,3715.3
38,1881.7,2883.2,4320.0,2682.8,1880.8,2371.5,1929.0,2151.8,5954.4,6855.4,4093.6,1507.5,1676.8,1492.6,5023.2,7517.8,4184.5,2340.3,1963.3,5305.8,2087.6,7250.1,7108.7,2554.1,8246.8,12179.4,6248.4,1764.0,2946.1,5772.3,2657.0,2432.0,848.2,7290.6,11844.4,2832.1,2444.2,120.7,4301.4,2559.7,2411.5,1168.4,1520.8,2537.6,2356.7,1963.0,3928.3,10570.7,0.0,87.5,10145.0,3538.6,1330.6,1736.3,1759.3,2749.0,2151.0,2268.6,3668.7,194.2,4622.2,2333.1,4134.4,2140.4,1350.8,1544.4,2028.0,3399.9,622.0,2105.2,1742.8,1645.5,1386.3,1958.0,684.2,2015.8,4312.4,247.3,2368.9,2740.7,1967.3,2112.3,7801.9,10784.5,2506.5,10784.5,5863.4,1661.7,11779.0,855.0,5669.1,3015.6,1988.8,10803.7,2051.7,10072.4,10538.2,5235.4,12512.5,7184.1,11748.5,5873.7,9634.8,8199.0,3668.7,3053.8,5235.4,11748.5,7184.1,10519.7,8471.0,6204.7,5235.4,4488.4,5873.7,1388.2,5261.8,4488.4,9781.0,12496.9,12505.5,12461.3,1578.3,7030.6,2930.0,1878.6,1671.6,2604.1,12560.3,1875.9,10145.0,10145.0,9566.9,9502.4,8547.5,8547.5,2669.3,2680.7,9564.0,12073.1,5261.8,4403.7,2149.7,4262.6,2164.0,1433.5,9961.5,6138.0,5235.4,10784.5,9634.8,2923.8,2364.3,1962.7,1910.6,1938.8,1692.7,2725.6,610.6,2945.0,2106.1,2415.8,5932.1,2605.1,1201.5,2434.1,1711.3,5212.6,2311.0,1723.4,2615.4,2156.1,1688.7,2611.6,1459.8,1568.6,2753.0,2434.7,1788.7,1847.3,9763.4,1459.2,2426.1,1568.6,1339.7,2151.8,6558.2,2096.2,2133.1,1520.8,1193.1,11169.2,2150.7,1894.7,10502.2,3563.2,9306.6,3053.8,5029.2,5699.9,9721.7,7517.8,8199.0,9521.6,2491.9,12219.0,12438.4,30463.6,4470.0,1931.0,9987.6,3304.4,2559.7,5415.1,10507.4,1348.5,10044.9,1631.1,9630.4,6011.4,2312.2,10072.4,11507.2,2531.0,6204.7,8573.6,9871.2,13201.8,10950.4,9940.3,13529.6,11395.8,12347.1,6957.1,9183.8,3142.7,7704.1,8840.0,13907.4,16285.5,11179.4,12920.8,9901.2,12713.1,10148.9,2189.2,10465.3,2471.0,8309.1,9351.2,11224.7,7119.1,3031.1,6988.8,2680.7,4047.5,8187.9,5922.1,6855.4
39,1853.2,2795.7,4273.9,2595.3,1793.2,2284.0,1841.4,2099.2,5908.3,6767.9,4047.5,1478.9,1589.3,1464.0,4935.7,7430.2,4119.8,2252.8,1875.8,5259.6,2022.9,7203.9,7044.0,2507.9,8159.2,12091.9,6202.2,1676.5,2858.6,5684.8,2569.5,2344.5,844.0,7203.1,11798.2,2774.2,2415.7,33.2,4255.2,2472.2,2323.9,1139.9,1481.0,2491.5,2325.9,1875.5,3882.2,10483.2,87.5,0.0,10098.8,3492.4,1243.0,1648.8,1671.7,2702.8,2063.4,2216.0,3581.2,165.7,4576.0,2245.6,4088.3,2052.8,1322.2,1504.5,1975.4,3312.3,593.5,2017.6,1655.2,1558.0,1357.7,1929.5,680.0,1928.2,4266.2,218.8,2281.3,2653.2,1879.8,2024.8,7755.7,10697.0,2418.9,10697.0,5817.2,1574.1,11732.9,826.5,5604.4,2928.1,1901.3,10716.2,1964.2,9984.9,10450.6,5189.2,12466.3,7096.5,11661.0,5786.2,9547.3,8111.4,3581.2,2989.2,5189.2,11661.0,7096.5,10432.1,8383.5,6158.5,5189.2,4423.8,5786.2,1300.7,5215.6,4423.8,9734.9,12450.7,12459.4,12415.1,1490.8,6943.1,2842.5,1791.0,1584.1,2539.4,12472.8,1788.3,10098.8,10098.8,9520.7,9414.8,8460.0,8460.0,2604.6,2616.0,9517.8,11985.5,5215.6,4357.6,2062.2,4216.4,2076.5,1345.9,9915.3,6050.4,5189.2,10697.0,9547.3,2877.6,2276.7,1875.2,1823.1,1851.3,1605.2,2679.4,582.1,2857.5,2053.4,2328.2,5885.9,2517.6,1172.9,2381.5,1623.7,5166.4,2223.5,1635.9,2571.8,2103.5,1601.1,2567.9,1417.1,1528.8,2706.8,2347.1,1701.2,1818.7,9675.8,1371.6,2338.6,1528.8,1252.1,2099.2,6512.0,2008.7,2045.5,1481.0,1105.5,11081.6,2063.1,1807.1,10456.0,3517.0,9219.0,2989.2,4983.0,5612.3,9675.5,7430.2,8111.4,9475.5,2427.3,12131.4,12392.2,30376.1,4423.8,1843.5,9941.5,3258.2,2472.2,5369.0,10419.9,1261.0,9998.7,1602.5,9584.2,5923.9,2224.6,9984.9,11419.7,2466.3,6158.5,8527.5,9783.6,13155.6,10904.2,9852.7,13442.0,11349.6,12259.5,6910.9,9137.7,3078.0,7658.0,8793.8,13819.9,16198.0,11091.9,12833.3,9813.7,12625.6,10102.7,2101.7,10419.1,2431.6,8262.9,9305.0,11178.5,7031.6,2943.6,6942.6,2616.0,3982.8,8100.4,5834.5,6767.9
210,8321.5,7335.7,6884.9,8264.1,8493.6,8123.9,8440.3,8004.9,5506.1,6116.4,6658.5,8709.0,8617.0,8705.4,8681.4,6284.5,10031.0,8837.0,8269.4,5714.5,10736.5,4637.9,11639.9,7618.7,6599.8,9168.4,4920.0,8901.7,7384.8,9049.3,8222.8,8069.4,10398.4,7125.8,4468.1,7439.1,7761.8,10074.5,6866.3,7811.4,8303.7,9002.7,8658.0,7618.1,7838.2,8582.1,7671.1,8407.0,10145.0,10098.8,0.0,7278.9,9191.3,8551.9,8554.8,7409.3,8287.8,7985.4,7876.0,9960.4,5847.1,8242.9,6597.7,8329.2,8820.7,8648.6,8139.8,7972.0,10118.6,8222.8,8502.3,8691.0,8791.3,8244.7,10720.2,8359.7,6877.2,10087.8,8248.6,7531.9,8488.9,8318.0,3121.9,8621.2,7743.1,8621.2,4847.3,8538.5,5161.9,9548.5,10479.7,7507.5,8396.4,7353.9,8373.4,7867.5,8390.1,5004.1,5136.1,4852.4,8851.0,5465.6,10954.0,6632.7,7876.0,10333.5,5004.1,8851.0,4852.4,8378.6,10198.1,5073.5,5004.1,13077.5,5465.6,9244.2,5140.1,13077.5,3604.9,5120.6,5129.2,5085.0,8659.8,6208.0,7590.6,8593.4,9002.5,10454.0,9970.2,8535.2,0.0,0.0,2200.9,10544.1,6505.3,6505.3,10413.1,10434.1,2271.2,7782.0,5140.1,6594.4,8265.5,5971.0,8205.9,8976.3,3839.9,5215.3,5004.1,8621.2,10954.0,7236.3,8297.5,8414.8,8392.3,8459.7,8619.7,7424.9,9871.7,7240.6,8112.5,8299.4,5132.8,8200.2,8968.8,8138.1,8981.6,5090.9,8594.5,8659.3,7602.9,8068.9,8585.4,7588.9,8712.8,8600.7,7488.7,8068.4,8578.4,8337.8,7558.5,8784.7,8358.6,8600.7,9388.0,8004.9,5143.0,8270.6,8395.9,8658.0,9082.9,7878.9,8266.5,8603.5,1734.8,7305.9,10608.3,10333.5,5540.7,5540.6,2370.0,6284.5,6632.7,2273.1,10332.0,9705.0,6235.4,23294.9,5756.1,8268.4,1989.9,7027.1,7811.4,6022.9,6995.1,8950.5,3923.3,8596.7,3380.0,9581.2,8321.3,7867.5,8976.3,10353.0,5073.5,1617.9,6527.5,6074.5,2675.5,6598.5,10093.9,4653.3,9623.8,3889.5,1516.5,12870.0,2552.2,1952.7,11071.6,13317.0,8033.1,10197.5,5997.9,8943.9,1714.0,8305.0,1625.0,7738.5,2406.1,1018.2,2626.5,6691.8,7482.3,3859.7,10434.1,10589.3,6595.9,5454.5,6116.4
25,1712.6,702.2,1664.1,1370.7,1750.8,1261.5,1697.4,1397.2,3088.3,4684.4,1437.7,2100.1,2010.6,2099.0,3624.7,5346.8,4566.0,1943.5,1643.7,2649.9,4373.6,4594.2,6665.0,1009.8,6075.8,10008.4,3382.3,2039.3,751.4,3995.7,1329.4,1389.4,3792.3,5119.6,9337.1,805.6,1153.0,3468.1,1645.5,1131.4,1441.3,2396.3,2051.6,1010.5,1229.3,1871.7,466.9,8399.7,3538.6,3492.4,7278.9,0.0,2536.4,1945.5,1948.4,810.3,1680.1,1359.4,2509.2,3354.0,1759.3,1380.6,1478.5,1721.5,2214.3,2042.2,1532.1,1078.6,3512.6,1597.1,1895.9,2084.6,2184.9,1635.8,4113.8,1753.3,1656.5,3481.4,1386.2,898.4,1788.2,1711.6,4935.8,8613.5,1123.3,8613.5,2981.8,1932.1,8912.9,2942.5,5278.4,616.9,1800.5,8632.7,1767.0,7901.4,8367.1,2369.2,10005.2,5013.0,9577.5,3978.2,8005.7,6027.9,2509.2,4415.0,2369.2,9577.5,5013.0,8348.7,6841.9,3338.5,2369.2,7035.2,3978.2,2506.3,2395.7,7035.2,7125.1,9989.6,9998.3,9954.0,2034.1,4859.6,700.0,1850.5,2201.1,4058.3,10389.3,1792.3,7278.9,7278.9,6700.7,7873.2,6376.5,6376.5,4113.4,4189.7,6697.9,9902.0,2395.7,1747.8,1621.4,1367.9,1580.2,2291.1,7305.6,3967.0,2369.2,8613.5,8005.7,627.4,1435.1,1672.0,1785.9,1716.8,2013.3,816.0,3265.7,607.2,1504.8,1437.0,3276.2,1306.7,2362.4,1511.4,2160.6,2346.5,1701.0,1996.0,994.0,1461.2,1979.0,980.0,2106.4,1994.3,814.9,1388.4,1835.5,1731.4,7592.3,2159.1,1496.3,1994.3,2532.0,1397.2,3692.0,1527.7,1624.6,2051.6,2457.2,8998.2,1620.5,1860.6,7636.1,68.2,7677.5,4415.0,2163.1,3888.5,6977.0,5346.8,6027.9,6655.5,3969.1,10047.9,9782.5,28292.6,1575.3,1642.7,7121.5,317.4,1131.4,2759.2,8336.4,2286.3,7388.9,1987.8,6974.4,4527.6,1458.9,7901.4,9336.2,3990.0,3338.5,5707.5,7700.2,10545.9,8205.7,7769.2,11358.6,8529.7,10176.1,4084.7,6317.7,6203.6,4838.0,5973.9,11736.4,14114.5,9008.4,10749.8,7730.2,10542.1,7282.8,1583.2,7599.2,1129.6,5442.9,6485.0,8358.5,4948.1,591.7,4116.3,4189.7,5124.3,6016.9,3751.0,4684.4
26,1452.4,1904.6,3562.3,1554.7,1002.9,1274.9,1038.1,1538.5,5000.8,5699.6,3335.9,1564.2,957.1,1296.3,3867.4,6362.0,3317.6,1184.5,983.1,4548.1,2126.4,6492.4,6339.4,1947.3,7091.0,11023.6,5294.7,601.6,1967.5,4616.5,1528.9,1460.9,1937.4,6134.8,11086.7,1883.1,1859.7,1218.7,3543.6,1581.1,1321.8,1249.0,1239.5,1930.8,1765.2,1213.0,2964.4,9414.9,1330.6,1243.0,9191.3,2536.4,0.0,986.3,1009.2,1980.3,1424.8,1655.3,2512.9,1157.1,3671.8,1236.5,3376.7,1403.9,1335.4,1255.9,1414.8,2253.4,1657.7,1056.9,1117.4,1025.3,1504.7,1528.7,1915.3,1278.6,3554.6,1282.9,1272.2,1762.1,1177.4,1386.2,6848.2,9628.7,1527.9,9628.7,4894.2,1191.4,10825.4,1554.8,4793.3,1918.9,892.2,9647.9,1314.5,8916.6,9382.4,4281.7,11754.7,6028.3,10592.7,4717.9,8479.0,7043.1,2512.9,2260.1,4281.7,10592.7,6028.3,9363.9,7315.2,5251.0,4281.7,4878.2,4717.9,110.7,4308.1,4878.2,9023.3,11739.1,11747.8,11703.6,650.5,5874.8,1833.4,1007.6,509.2,1889.6,11404.5,998.0,9191.3,9191.3,8613.2,8346.5,7391.7,7391.7,1944.8,2021.0,8610.3,10917.3,4308.1,3646.0,1070.1,3280.3,1084.4,309.2,9203.8,4982.2,4281.7,9628.7,8479.0,2171.8,1274.7,1071.9,1173.4,1055.0,992.4,1971.7,1422.9,1966.4,1492.8,1323.0,5174.4,1477.0,1277.3,1629.0,548.8,4258.9,1148.6,924.5,2011.1,1542.8,1109.0,2007.2,1237.3,1287.2,1912.8,1463.5,897.8,1353.4,8607.6,660.2,1336.5,1287.2,297.3,1538.5,5291.9,1205.4,1154.4,1239.5,514.3,10013.4,1071.0,1098.7,9548.5,2582.6,8150.8,2260.1,4075.5,4544.1,8889.4,6362.0,7043.1,8567.9,1785.3,11063.1,11680.7,29307.8,3487.8,952.4,9033.9,2424.8,1581.1,4657.4,9351.6,968.8,9287.1,1484.8,8872.6,4855.6,1232.5,8916.6,10351.4,1821.4,5251.0,7619.9,8715.4,12444.0,10118.1,8784.5,12373.8,10442.1,11191.3,5997.1,8230.1,3930.9,6750.4,7886.3,12751.6,15129.7,10023.6,11765.0,8745.4,11557.3,9195.2,1109.6,9511.6,1870.9,7355.4,8397.5,10271.0,5963.3,2052.5,6028.8,2021.0,3253.9,7032.1,4766.3,5699.6
43,466.1,1329.1,2726.9,1356.2,315.9,1041.1,361.9,552.2,4361.3,5862.4,2500.5,625.3,65.1,387.1,4075.7,6524.8,3939.8,1677.6,581.2,3712.7,2930.3,5656.9,6754.2,961.0,7253.8,11186.4,4655.2,1157.9,1369.9,4824.7,1330.4,819.6,2112.8,6297.6,10251.2,1232.5,873.4,1624.4,2708.2,952.3,931.7,653.8,316.2,944.5,778.9,230.5,2335.2,9577.7,1736.3,1648.8,8551.9,1945.5,986.3,0.0,22.9,1155.8,438.5,669.0,2721.2,1562.8,3029.0,940.9,2541.3,417.6,458.2,301.1,428.4,2073.2,1833.0,625.4,131.1,139.2,565.8,542.4,2321.1,292.2,2719.2,1688.7,905.1,1202.2,238.8,399.9,6208.7,9791.5,968.0,9791.5,4270.3,205.1,10185.9,1262.9,5367.6,1568.3,623.7,9810.7,328.2,9079.4,9545.1,3642.2,10919.3,6191.1,10755.5,5251.2,8687.3,7205.9,2721.2,3188.6,3642.2,10755.5,6191.1,9526.7,7523.4,4611.5,3642.2,5692.1,5251.2,1039.1,3668.7,5692.1,8187.9,10903.7,10912.4,10868.1,375.6,6037.6,1596.8,234.3,988.7,2818.1,11567.3,286.4,8551.9,8551.9,7973.7,8554.8,7554.5,7554.5,2873.3,2949.5,7970.8,11080.1,3668.7,2810.6,670.0,2669.4,684.3,774.2,8368.3,5145.0,3642.2,9791.5,8687.3,1330.6,884.5,395.6,187.1,363.8,67.8,1132.4,1586.1,1406.5,506.5,936.1,4338.9,1278.5,607.5,834.5,967.7,3619.4,1490.2,107.4,1024.8,556.5,122.7,1020.9,349.3,349.6,1159.8,822.3,291.1,367.1,8770.4,547.2,946.4,349.6,1225.8,552.2,4965.0,483.9,553.7,316.2,797.6,10176.2,671.0,193.5,8909.0,1970.0,8359.0,3188.6,3436.0,5161.5,8128.5,6524.8,7205.9,7928.5,2713.8,11225.9,10845.2,29470.6,2876.8,548.9,8394.5,1711.2,952.3,3822.0,9514.4,398.6,8451.7,545.9,8037.2,5063.8,832.4,9079.4,10514.2,2749.9,4611.5,6980.5,8878.2,11608.6,9357.2,8947.3,12536.6,9802.7,11354.1,5363.9,7590.7,4569.0,6111.0,7246.9,12914.4,15292.5,10186.4,11927.8,8908.2,11720.1,8555.7,709.5,8872.2,884.6,6715.9,7758.0,9631.5,6126.1,1500.8,5395.6,2949.5,4182.4,7194.9,4929.1,5862.4
47,469.0,1332.0,2729.8,1379.1,338.9,1064.1,384.8,555.1,4364.2,5885.3,2503.4,648.2,88.1,410.0,4098.6,6547.7,3962.8,1700.5,604.2,3715.6,2953.3,5659.9,6777.2,963.9,7276.7,11209.4,4658.2,1180.8,1372.8,4847.7,1353.3,837.8,2135.7,6320.5,10254.2,1235.5,876.3,1647.4,2711.1,970.5,954.7,676.7,339.1,947.4,781.8,233.4,2338.1,9600.7,1759.3,1671.7,8554.8,1948.4,1009.2,22.9,0.0,1158.8,441.4,671.9,2744.1,1585.8,3031.9,963.8,2544.2,420.5,481.1,324.0,431.4,2096.2,1856.0,648.4,134.0,162.1,588.7,545.3,2344.0,295.2,2722.1,1711.6,928.0,1220.4,241.7,402.8,6211.7,9814.5,986.1,9814.5,4273.2,208.0,10188.8,1285.9,5390.6,1586.5,646.7,9833.6,331.1,9102.3,9568.1,3645.1,10922.2,6214.0,10778.4,5254.1,8710.2,7228.9,2744.1,3211.6,3645.1,10778.4,6214.0,9549.6,7546.4,4614.4,3645.1,5715.0,5254.1,1062.1,3671.6,5715.0,8190.8,10906.6,10915.3,10871.1,398.5,6060.5,1615.0,257.2,1011.6,2841.1,11590.2,309.4,8554.8,8554.8,7976.6,8577.7,7577.4,7577.4,2896.2,2972.5,7973.8,11103.0,3671.6,2813.5,692.9,2672.3,707.2,797.2,8371.2,5167.9,3645.1,9814.5,8710.2,1333.5,907.5,420.7,190.0,386.8,90.8,1135.4,1609.1,1424.7,509.4,959.0,4341.9,1301.4,630.4,837.5,990.6,3622.4,1513.1,130.4,1027.7,559.4,125.7,1023.9,372.2,372.6,1162.7,840.5,314.1,370.0,8793.3,570.1,969.3,372.6,1248.7,555.1,4967.9,502.0,571.9,339.1,820.5,10199.1,693.9,211.7,8912.0,1972.9,8381.9,3211.6,3438.9,5164.4,8131.4,6547.7,7228.9,7931.4,2736.7,11248.9,10848.2,29493.5,2879.7,571.8,8397.4,1714.2,970.5,3824.9,9537.3,421.6,8454.6,568.9,8040.1,5086.7,855.4,9102.3,10537.2,2772.8,4614.4,6983.4,8901.1,11611.5,9360.1,8970.2,12559.5,9805.6,11377.0,5366.9,7593.6,4591.9,6113.9,7249.8,12937.4,15315.5,10209.4,11950.7,8931.1,11743.0,8558.6,732.4,8875.1,887.5,6718.8,7760.9,9634.4,6149.0,1519.0,5398.5,2972.5,4205.3,7217.9,4952.0,5885.3
139,942.7,276.9,1584.3,1466.2,1084.4,1282.3,1031.0,607.6,3218.7,5470.6,1357.9,1379.1,1221.0,1309.4,3947.6,6072.1,4678.8,2056.3,1058.4,2570.1,3924.3,4514.4,6777.8,254.2,6862.0,10794.6,3512.7,1771.9,234.8,4696.7,1424.8,660.1,3002.7,6218.4,9108.7,348.2,453.4,2678.4,1565.6,402.2,1309.2,1606.6,1262.0,220.8,499.0,1186.1,1192.6,9185.9,2749.0,2702.8,7409.3,810.3,1980.3,1155.8,1158.8,0.0,890.5,588.0,2629.7,2564.4,1886.4,1322.6,1398.7,931.9,1424.7,1252.6,742.4,1390.6,2723.0,1011.8,1106.3,1295.0,1395.2,895.4,3324.2,963.7,1576.6,2691.8,1286.9,441.0,1091.5,922.0,5066.2,9399.7,506.7,9399.7,3127.7,1142.4,9043.3,2152.8,5391.2,755.9,1185.4,9358.1,977.4,8687.6,9153.4,2499.6,9776.7,5580.9,10363.7,4108.6,8609.4,6876.6,2629.7,4111.8,2499.6,10363.7,5580.9,9134.9,7445.6,3468.9,2499.6,6686.1,4108.6,2033.1,2526.1,6686.1,7045.3,9761.1,9769.8,9725.6,1416.3,5583.1,841.5,1184.1,1791.5,3755.1,11175.5,1125.9,7409.3,7409.3,6831.1,8477.0,7162.7,7162.7,3810.3,3886.6,6828.3,10469.3,2526.1,1668.0,1054.5,1526.8,994.9,1765.3,7225.8,4514.2,2499.6,9399.7,8609.4,193.8,1266.3,1005.5,996.3,1050.4,1223.7,24.5,2476.1,356.7,715.1,1313.5,3196.4,1402.2,1572.8,740.8,1770.6,2476.9,1726.9,1263.3,336.6,671.6,1189.4,309.9,1316.7,1204.7,79.4,659.1,1169.1,941.8,8378.6,1573.7,1328.1,1204.7,2177.0,607.6,3822.4,861.3,986.6,1262.0,1871.8,9723.5,1055.5,1194.2,7766.5,827.4,8281.2,4111.8,2293.4,4018.9,6985.9,6072.1,6876.6,6785.9,3657.9,10834.1,9702.7,29078.8,1734.2,1057.4,7251.9,576.1,402.2,2679.4,9061.8,1554.4,7309.1,1268.9,6894.6,4972.4,1214.2,8687.6,10122.4,3686.9,3468.9,5837.9,8425.5,10466.0,8214.6,8494.6,12144.8,8660.1,10962.3,4221.4,6448.1,5659.0,4968.4,6104.3,12522.6,14900.7,9733.8,11536.0,8370.6,11328.3,7413.2,1094.0,7729.6,384.6,5573.3,6615.4,8488.9,6037.3,595.2,4253.0,3886.6,5105.6,6858.0,4537.3,5470.6
49,427.5,1064.7,2462.8,1569.8,538.5,1254.7,552.6,287.8,4097.3,6349.2,2236.4,813.3,503.7,743.6,4289.3,6950.7,4287.5,2025.3,804.4,3448.6,3368.9,5392.9,6967.9,701.2,7740.5,11673.2,4391.2,1505.6,1104.6,5038.3,1544.0,690.3,2436.9,6511.2,9987.2,968.1,623.3,2039.1,2444.2,831.7,1145.3,1034.3,696.7,679.2,526.4,341.1,2071.2,10064.5,2151.0,2063.4,8287.8,1680.1,1424.8,438.5,441.4,890.5,0.0,404.6,2934.8,1972.7,2765.0,1154.5,2277.3,41.4,838.7,681.5,180.5,2229.2,2157.2,839.0,466.9,577.7,829.4,504.4,2735.7,146.3,2455.2,2103.3,1118.7,1091.2,345.9,41.7,5944.7,10278.3,958.9,10278.3,4006.2,503.1,9921.9,1587.0,5581.2,1567.1,940.6,10236.6,140.2,9566.1,10031.9,3378.2,10655.3,6459.4,11242.2,4987.2,8900.9,7755.2,2934.8,3627.2,3378.2,11242.2,6459.4,10013.4,7737.1,4347.5,3378.2,6130.6,4987.2,1477.7,3404.6,6130.6,7923.9,10639.7,10648.3,10604.1,814.1,6461.7,1630.2,515.7,1370.9,3256.7,12054.1,538.8,8287.8,8287.8,7709.7,8768.4,8041.3,8041.3,3311.8,3388.1,7706.8,11347.9,3404.6,2546.6,883.6,2405.4,897.9,1212.8,8104.3,5392.7,3378.2,10278.3,8900.9,1070.8,1098.2,525.0,264.7,504.1,506.4,867.1,1910.2,1161.8,242.1,1149.7,4074.9,1492.1,988.0,570.1,1350.0,3355.4,1739.1,546.0,769.7,292.1,473.4,765.9,729.8,638.8,894.5,690.4,652.1,344.7,9257.1,985.8,1160.0,638.8,1664.3,287.8,4701.0,606.4,676.3,696.7,1236.1,10602.1,884.5,475.9,8645.0,1706.0,8572.6,3627.2,3172.0,4897.4,7864.5,6950.7,7755.2,7664.4,3152.3,11712.7,10581.2,29957.4,2612.8,785.9,8130.4,1445.9,831.7,3558.0,9940.3,837.1,8187.7,733.9,7773.2,5277.4,1046.0,9566.1,11001.0,3188.4,4347.5,6716.4,9304.1,11344.6,9093.2,9373.2,13023.3,9538.6,11840.8,5099.9,7326.6,5007.5,5847.0,6982.8,13401.2,15779.3,10612.3,12414.5,9249.2,12206.9,8291.7,923.1,8608.1,629.5,6451.9,7494.0,9367.5,6339.7,1406.3,5131.6,3388.1,4620.9,7736.6,5415.8,6349.2
50,478.3,661.2,2160.4,1533.0,682.2,1217.9,673.3,121.7,3794.8,6046.7,1934.0,898.7,734.1,829.0,4107.1,6648.2,4348.8,2086.6,853.4,3146.2,3599.3,5090.4,6910.0,411.0,7438.1,11370.7,4088.7,1566.9,697.3,4856.2,1507.2,314.5,2522.3,6317.0,9684.7,564.7,359.0,2191.6,2141.7,428.2,1104.3,1126.2,781.6,376.7,235.5,626.0,1768.7,9762.0,2268.6,2216.0,7985.4,1359.4,1655.3,669.0,671.9,588.0,404.6,0.0,2789.2,2084.0,2462.5,1117.7,1974.8,446.0,944.3,772.2,256.5,1825.8,2242.6,806.9,619.5,808.2,914.9,431.0,2843.8,476.9,2152.7,2211.4,1081.9,687.7,542.5,435.1,5642.2,9975.8,555.5,9975.8,3703.8,655.6,9619.4,1672.5,5523.4,1163.6,980.5,9934.1,490.5,9263.7,9729.4,3075.7,10352.8,6156.9,10939.8,4684.7,8768.9,7452.7,2789.2,3834.9,3075.7,10939.8,6156.9,9711.0,7605.1,4045.0,3075.7,6361.1,4684.7,1708.2,3102.2,6361.1,7621.4,10337.2,10345.9,10301.6,1031.0,6159.2,1226.7,659.5,1514.7,3478.2,11751.6,682.5,7985.4,7985.4,7407.2,8636.4,7738.8,7738.8,3533.4,3609.7,7404.3,11045.4,3102.2,2244.1,849.5,2102.9,789.9,1443.2,7801.8,5090.2,3075.7,9975.8,8768.9,769.8,1061.3,647.8,509.5,647.9,736.9,564.6,1995.7,758.3,229.2,1108.6,3772.4,1455.3,1092.4,191.8,1493.7,3052.9,1702.3,759.0,477.1,185.7,702.6,473.2,836.4,724.3,562.7,312.0,811.4,455.0,8954.6,1216.2,1123.2,724.3,1894.8,121.7,4398.5,503.6,628.9,781.6,1466.6,10299.6,850.5,652.6,8342.5,1405.7,8440.7,3834.9,2869.5,4595.0,7562.0,6648.2,7452.7,7362.0,3382.8,11410.2,10278.7,29654.9,2310.3,852.4,7828.0,1125.2,428.2,3255.5,9637.8,1067.6,7885.2,804.5,7470.7,5131.9,1009.2,9263.7,10698.5,3410.0,4045.0,6414.0,9001.6,11042.1,8790.7,9070.7,12720.9,9236.2,11538.4,4797.4,7024.2,5238.0,5544.5,6680.3,13098.7,15476.8,10309.9,12112.1,8946.7,11904.4,7989.2,889.1,8305.6,336.9,6149.4,7191.5,9065.0,6145.5,1002.9,4829.1,3609.7,4828.7,7434.1,5113.3,6046.7
151,3187.2,2352.8,3840.1,1366.2,2415.1,1691.4,2389.5,2882.1,3251.2,3584.2,3613.7,3315.6,2711.0,3056.0,1511.8,4246.5,2481.9,1371.2,2274.4,4825.9,3087.3,6564.7,4377.8,2722.9,4975.5,8908.2,3390.6,2020.7,2415.8,2260.9,1402.3,2474.8,4275.5,4019.3,10821.4,2398.1,2938.2,3556.8,3821.5,2459.3,1871.2,3260.9,2999.2,2689.5,2931.6,2672.3,2091.4,7299.5,3668.7,3581.2,7876.0,2509.2,2512.9,2721.2,2744.1,2629.7,2934.8,2789.2,0.0,3495.3,3883.1,1810.4,3654.5,2932.4,3105.9,2991.4,3017.0,1686.6,3995.8,2095.9,2852.2,2785.1,3256.1,3191.5,4170.3,2899.4,3832.4,3621.1,1816.0,2256.2,2588.8,2947.4,5068.2,7513.3,2251.4,7513.3,5105.6,2926.2,8305.6,3931.9,2991.2,1976.2,2230.4,7532.5,2890.6,6801.1,7266.9,4188.1,11489.4,3912.8,8477.2,2602.5,6123.4,4927.7,0.0,2784.5,4188.1,8477.2,3912.8,7248.4,4959.6,3345.7,4188.1,5528.4,2602.5,2435.9,4519.5,5528.4,9095.7,11473.8,11482.5,11438.3,2690.8,3759.4,1890.7,2514.9,2313.9,2772.0,9289.1,2456.7,7876.0,7876.0,8072.2,5990.9,5276.3,5276.3,2864.1,2885.1,8069.3,8801.8,4519.5,3923.8,2051.3,3491.7,2110.8,2664.3,9276.1,2866.7,4188.1,7513.3,6123.4,2618.4,1864.9,2418.4,2888.9,2440.0,2727.3,2654.2,3775.9,2388.9,2989.7,1866.8,5246.7,1456.9,3255.2,2651.6,2244.7,4470.2,1493.2,2661.8,2826.9,2946.1,2843.9,2800.3,2997.0,3040.0,2634.4,2477.4,2499.8,3088.2,6492.1,2815.7,1926.1,3040.0,2406.5,2882.1,3176.4,2447.2,2328.3,2999.2,2953.4,7897.9,2050.3,2624.6,8270.9,2405.1,5795.1,2784.5,4286.9,2428.6,8365.8,4246.5,4927.7,8026.9,2682.9,8947.7,11753.0,27192.4,3699.1,2299.3,8301.0,2636.2,2459.3,4935.2,7236.2,2950.6,9359.5,3236.2,8945.0,2499.9,1888.7,6801.1,8236.0,2703.8,3345.7,6337.1,6599.9,12427.7,9144.1,6669.0,10258.3,7922.4,9075.8,6208.4,6923.8,5004.6,5416.2,7157.4,10636.2,13014.3,7908.2,9649.5,6629.9,9441.8,8025.1,2013.1,8161.1,2853.3,5996.6,7082.1,9095.1,3847.8,2137.0,6240.1,2885.1,3040.2,4916.7,2650.8,3584.2
61,1697.2,2709.7,4135.5,2509.3,1707.3,2198.1,1755.5,1967.2,5769.9,6681.9,3909.1,1347.6,1503.3,1308.0,4849.8,7344.3,4178.1,2166.9,1789.9,5121.2,2173.9,7065.5,7195.1,2369.5,8073.3,12005.9,6063.8,1590.6,2772.6,5598.8,2483.5,2258.5,791.4,7117.1,11659.8,2647.6,2262.2,155.2,4116.8,2386.2,2238.0,974.3,1326.7,2353.1,2172.1,1789.6,3743.8,10397.2,194.2,165.7,9960.4,3354.0,1157.1,1562.8,1585.8,2564.4,1972.7,2084.0,3495.3,0.0,4437.6,2159.7,3949.9,1962.0,1156.6,1350.2,1843.5,3226.4,511.7,1931.7,1564.5,1467.2,1214.9,1773.5,769.4,1837.5,4127.8,137.0,2195.4,2567.2,1793.8,1934.0,7617.3,10611.1,2333.0,10611.1,5678.9,1483.4,11594.5,695.1,5662.7,2842.1,1815.4,10630.2,1873.4,9898.9,10364.7,5050.8,12327.9,7010.6,11575.0,5700.2,9461.4,8025.5,3495.3,3126.3,5050.8,11575.0,7010.6,10346.2,8297.5,6020.1,5050.8,4574.8,5700.2,1214.8,5077.2,4574.8,9596.5,12312.3,12321.0,12276.7,1404.8,6857.1,2756.6,1705.1,1498.1,2690.5,12386.8,1702.4,9960.4,9960.4,9382.3,9328.9,8374.0,8374.0,2755.7,2767.1,9379.4,11899.6,5077.2,4219.2,1976.2,4078.0,1990.6,1260.0,9776.9,5964.5,5050.8,10611.1,9461.4,2739.2,2190.8,1789.2,1732.3,1765.4,1514.4,2541.0,450.8,2771.5,1921.5,2242.3,5747.5,2431.7,1007.3,2249.6,1537.8,5028.0,2137.5,1550.0,2433.4,1971.5,1510.4,2429.5,1265.6,1374.5,2568.4,2261.2,1615.2,1662.7,9589.9,1285.7,2252.6,1374.5,1166.2,1967.2,6373.6,1922.8,1959.6,1326.7,1019.6,10995.7,1977.2,1721.2,10317.6,3378.6,9133.1,3126.3,4844.6,5526.4,9537.1,7344.3,8025.5,9337.0,2578.3,12045.5,12253.8,30290.1,4285.4,1757.5,9803.0,3119.8,2386.2,5230.6,10333.9,1175.0,9860.3,1471.2,9445.8,5837.9,2138.7,9898.9,11333.8,2617.4,6020.1,8389.0,9697.7,13017.2,10765.8,9766.8,13356.1,11211.2,12173.6,6772.5,8999.3,3229.1,7519.6,8655.4,13734.0,16112.1,11006.0,12747.3,9727.7,12539.6,9964.3,2015.8,10280.8,2286.5,8124.5,9166.6,11040.1,6945.6,2857.6,6804.2,2767.1,4120.1,8014.5,5748.6,6681.9
62,2798.7,1816.1,1277.8,2744.6,2970.8,2604.4,2917.5,2482.1,1965.4,4295.9,1081.5,3186.1,3094.1,3182.6,5201.0,4897.4,5939.9,3317.4,2749.8,1117.1,5615.8,2782.4,8038.9,2095.8,5687.2,9619.9,2172.6,3382.2,2035.5,5680.4,2703.3,2546.5,4875.5,5043.7,7535.6,1919.5,2239.0,4551.6,1301.0,2288.6,2784.2,3479.8,3135.2,2095.3,2315.3,3059.3,2151.6,8011.2,4622.2,4576.0,5847.1,1759.3,3671.8,3029.0,3031.9,1886.4,2765.0,2462.5,3883.1,4437.6,0.0,2723.4,1082.2,2806.3,3297.8,3125.8,2616.9,2452.5,4595.8,2703.3,2979.5,3168.2,3268.4,2721.8,5197.3,2836.8,1286.2,4564.9,2729.0,2012.3,2966.0,2795.2,3504.0,8225.0,2384.2,8225.0,1378.3,3015.6,7481.2,4025.7,6652.3,1988.0,2876.9,8183.3,2850.5,7512.8,7978.6,1142.7,8203.6,4141.0,9189.0,2933.9,9690.4,5701.9,3883.1,5757.8,1142.7,9189.0,4141.0,7960.1,8526.6,2128.8,1142.7,8378.0,2933.9,3724.6,1159.6,8378.0,5313.4,8188.1,8196.7,8152.5,3302.8,4408.4,2071.0,3070.5,3483.0,5401.1,10000.8,3012.3,5847.1,5847.1,5076.6,9557.9,5988.0,5988.0,5456.3,5532.5,4950.8,9176.8,1159.6,879.3,2746.0,616.5,2686.4,3456.8,5493.8,3339.4,1142.7,8225.0,9690.4,1713.5,2777.9,2892.0,2869.5,2936.8,3096.8,1902.1,4348.8,1721.1,2589.6,2779.8,1464.4,2680.6,3446.0,2615.3,3462.0,1110.3,3075.0,3136.4,2080.0,2546.1,3062.6,2066.1,3189.9,3077.8,1965.9,2545.6,3055.6,2815.0,7203.8,3265.2,2839.1,3077.8,3868.4,2482.1,2482.4,2747.8,2873.1,3135.2,3563.3,8548.8,2746.9,3080.7,6011.9,1786.4,9362.1,5757.8,1259.8,2844.1,5175.4,4897.4,5701.9,5031.4,5311.9,9659.4,7970.7,27904.1,595.6,2748.9,5497.4,1507.5,2288.6,1496.2,7887.0,3427.6,5577.2,3073.8,5162.7,6225.8,2801.7,7512.8,8947.7,5332.9,2128.8,4275.7,7250.8,8734.1,6404.1,7319.9,10970.0,7097.9,9787.5,2410.8,4885.9,7350.5,3406.3,4349.7,11347.9,13726.0,8559.0,10361.3,7078.1,10153.5,5658.6,2785.5,5975.0,2215.7,4011.2,5053.3,6734.4,4862.6,1962.8,2442.5,5532.5,6498.2,5683.2,3362.5,4295.9
66,1406.9,1124.5,2680.4,445.4,634.8,130.4,609.2,1210.5,4052.4,4951.6,2454.0,1535.3,930.7,1275.7,3164.9,5614.0,3384.3,1027.1,494.1,3666.2,3066.3,5405.0,5843.5,1341.7,6343.0,10275.6,4346.3,732.0,1187.4,3914.0,419.6,803.2,2893.8,5386.8,10301.2,1168.0,1398.1,2221.2,2661.7,923.4,90.9,1480.5,1218.9,1308.3,1314.1,892.0,1825.4,8667.0,2333.1,2245.6,8242.9,1380.6,1236.5,940.9,963.8,1322.6,1154.5,1117.7,1810.4,2159.7,2723.4,0.0,2494.8,1152.1,1325.6,1211.1,1315.5,1162.5,2614.1,315.6,1071.9,1004.7,1475.8,1483.2,2917.9,1119.0,2672.7,2285.5,35.7,1026.0,808.5,1167.1,5899.8,8880.8,870.2,8880.8,3945.9,1145.9,9877.0,2151.6,4456.9,763.1,450.1,8900.0,1110.3,8168.6,8634.4,3333.3,10969.2,5280.3,9844.7,3969.9,7776.5,6295.2,1810.4,3107.7,3333.3,9844.7,5280.3,8615.9,6612.7,4302.6,3333.3,5727.9,3969.9,1199.0,3359.7,5727.9,7935.9,10953.7,10962.3,10918.1,910.5,5126.8,677.5,734.5,901.2,2751.0,10656.5,676.3,8242.9,8242.9,7664.8,7644.0,6643.8,6643.8,2806.1,2882.4,7661.9,10169.3,3359.7,2764.1,271.0,2332.0,330.5,991.1,8116.4,4234.2,3333.3,8880.8,7776.5,1390.1,84.6,638.0,1108.6,659.7,947.0,1314.0,2334.6,1186.3,1318.1,86.5,4087.0,367.7,1474.9,980.1,853.3,3310.5,617.9,881.5,1445.7,1274.6,1063.6,1419.1,1216.7,1259.7,1255.1,805.8,719.5,1307.9,7859.6,1035.4,145.8,1259.7,1224.7,1210.5,4656.1,666.9,548.0,1218.9,1273.3,9265.4,270.0,844.3,8600.1,1426.8,7448.2,3107.7,3127.1,3796.1,7941.0,5614.0,6295.2,7619.6,2661.8,10315.2,10593.3,28559.8,2539.4,519.0,8085.6,1476.4,923.4,3775.5,8603.6,1170.3,8199.8,1455.9,7785.2,4153.1,108.4,8168.6,9603.5,2682.7,4302.6,6671.6,7967.4,11356.7,9169.7,8036.5,11625.8,9493.8,10443.3,5048.7,7281.8,4896.3,5802.1,6937.9,12003.7,14381.8,9275.7,11017.0,7997.4,10809.3,8246.8,232.8,8563.2,1375.9,6407.0,7449.1,9322.6,5215.3,923.8,5080.4,2882.4,4084.3,6284.2,4018.3,4951.6
68,2310.9,1563.8,246.0,2516.0,2483.1,2375.8,2429.7,1994.3,2508.8,4760.7,49.1,2698.4,2606.4,2694.9,4972.4,5362.2,5711.4,3088.8,2454.8,1732.8,5320.7,3677.1,7810.3,1608.1,6152.0,10084.7,2802.7,3168.3,1547.7,5399.6,2474.7,2058.8,4387.8,5508.5,8271.4,1661.1,1751.3,4063.9,255.7,1800.9,2555.6,2992.1,2647.4,1607.6,1827.6,2571.6,1870.7,8476.0,4134.4,4088.3,6597.7,1478.5,3376.7,2541.3,2544.2,1398.7,2277.3,1974.8,3654.5,3949.9,1082.2,2494.8,0.0,2318.6,2810.1,2638.1,2129.2,2223.9,4108.0,2408.2,2491.8,2680.4,2780.7,2234.1,4709.6,2349.1,238.3,4077.2,2500.4,1719.8,2478.3,2307.4,4254.6,8689.8,1896.5,8689.8,2372.6,2527.9,8231.7,3537.9,6423.7,1759.4,2581.8,8648.1,2362.8,7977.6,8443.4,1688.0,8939.4,4870.9,9653.7,3398.7,9409.6,6166.7,3654.5,5508.2,1688.0,9653.7,4870.9,8424.9,8245.8,2759.0,1688.0,8082.4,3398.7,3429.5,1714.5,8082.4,6208.0,8923.9,8932.5,8888.3,2815.0,4873.2,1842.4,2582.8,3187.9,5151.5,10465.6,2524.6,6597.7,6597.7,6068.1,9277.1,6452.8,6452.8,5206.7,5282.9,5942.4,9759.3,1714.5,603.4,2450.9,711.0,2391.3,3161.7,6388.5,3804.2,1688.0,8689.8,9409.6,1225.8,2549.3,2404.2,2381.8,2449.1,2609.1,1414.3,3861.1,1474.2,2101.9,2551.2,2359.1,2452.0,2958.2,2127.5,3166.9,1665.3,2846.4,2648.7,1592.3,2058.3,2574.9,1578.3,2702.2,2590.1,1478.1,2057.8,2567.8,2327.2,7668.6,2970.1,2610.5,2590.1,3573.3,1994.3,3112.5,2260.0,2385.3,2647.4,3268.2,9013.6,2451.8,2592.9,7003.5,1505.6,9081.3,5508.2,1583.5,3308.9,6167.0,5362.2,6166.7,6022.9,5054.2,10124.2,8865.4,28368.9,918.4,2453.8,6488.9,1278.9,1800.9,1690.5,8351.8,2939.9,6471.8,2586.1,6057.3,5997.2,2573.1,7977.6,9412.5,5083.3,2759.0,5026.3,7715.6,9628.7,7395.7,7784.7,11434.8,7848.5,10252.3,3402.4,5636.5,7055.4,4156.8,5341.3,11812.7,14190.8,9023.8,10826.0,7660.6,10618.4,6650.2,2490.4,6966.6,1727.9,4761.7,5803.8,7725.9,5327.4,1712.7,3434.1,5282.9,6269.6,6148.0,3827.3,4760.7
97,433.1,1106.1,2504.2,1567.4,536.1,1252.4,550.2,329.2,4138.6,6390.5,2277.8,802.6,482.7,733.0,4286.9,6992.1,4285.1,2022.9,802.0,3490.0,3347.9,5434.3,6965.5,742.5,7781.9,11714.5,4432.6,1503.2,1146.0,5036.0,1541.6,731.7,2426.3,6508.8,10028.6,1009.5,664.7,2028.5,2485.6,873.0,1143.0,1023.7,686.1,720.5,567.7,330.6,2112.5,10105.9,2140.4,2052.8,8329.2,1721.5,1403.9,417.6,420.5,931.9,41.4,446.0,2932.4,1962.0,2806.3,1152.1,2318.6,0.0,828.1,670.9,221.8,2270.6,2146.6,836.7,456.3,556.8,818.8,509.4,2725.1,125.3,2496.5,2092.7,1116.4,1132.6,343.6,71.7,5986.1,10319.6,1000.3,10319.6,4047.6,492.4,9963.2,1576.4,5578.9,1608.4,938.3,10278.0,115.0,9607.5,10073.3,3419.5,10696.6,6500.8,11283.6,5028.6,8898.5,7796.6,2932.4,3606.2,3419.5,11283.6,6500.8,10054.8,7734.7,4388.8,3419.5,6109.7,5028.6,1456.7,3446.0,6109.7,7965.2,10681.1,10689.7,10645.5,793.2,6503.1,1671.5,513.4,1368.6,3235.7,12095.4,536.4,8329.2,8329.2,7751.1,8766.0,8082.6,8082.6,3290.9,3367.1,7748.2,11389.2,3446.0,2587.9,881.2,2446.7,895.6,1191.8,8145.7,5434.1,3419.5,10319.6,8898.5,1112.2,1095.8,522.7,243.8,501.8,485.4,908.5,1899.6,1203.2,283.4,1147.3,4116.3,1489.8,977.4,611.5,1347.6,3396.8,1736.7,525.0,811.1,333.5,452.5,807.2,719.2,628.2,935.8,731.7,649.8,334.1,9298.5,964.8,1157.6,628.2,1643.4,329.2,4742.3,604.0,673.9,686.1,1215.2,10643.5,882.2,450.6,8686.4,1747.3,8570.2,3606.2,3213.4,4938.8,7905.9,6992.1,7796.6,7705.8,3131.4,11754.1,10622.6,29998.7,2654.1,783.6,8171.8,1487.3,873.0,3599.3,9981.7,816.2,8229.0,723.2,7814.5,5275.1,1043.7,9607.5,11042.4,3167.5,4388.8,6757.8,9345.5,11385.9,9134.5,9414.5,13064.7,9580.0,11882.2,5141.3,7368.0,4986.6,5888.3,7024.2,13442.5,15820.7,10653.7,12455.9,9290.5,12248.2,8333.1,920.8,8649.5,670.9,6493.2,7535.3,9408.9,6337.4,1447.7,5172.9,3367.1,4600.0,7777.9,5457.2,6390.5
107,557.4,1604.4,2995.7,1740.9,700.7,1425.9,746.6,827.5,4630.1,6247.2,2769.3,497.0,433.6,229.1,4460.4,6909.5,4475.0,2062.4,966.0,3981.5,3237.3,5925.8,7139.0,1229.8,7638.5,11571.2,4924.1,1542.7,1638.8,5209.5,1715.2,1230.0,1761.1,6682.4,10520.1,1507.8,1122.5,1298.5,2977.1,1380.9,1316.5,195.6,172.2,1213.3,1032.3,670.7,2604.0,9962.5,1350.8,1322.2,8820.7,2214.3,1335.4,458.2,481.1,1424.7,838.7,944.3,3105.9,1156.6,3297.8,1325.6,2810.1,828.1,0.0,195.8,703.7,2458.0,1481.3,1010.2,430.5,345.5,437.5,633.7,1925.9,703.5,2988.0,1293.5,1289.9,1630.8,689.2,800.0,6477.6,10176.3,1396.5,10176.3,4539.1,349.4,10454.7,911.2,5752.4,1996.9,1008.5,10195.5,739.4,9464.1,9929.9,3911.0,11188.1,6575.8,11140.2,5520.1,9072.0,7590.7,3105.9,3537.7,3911.0,11140.2,6575.8,9911.5,7908.2,4880.3,3911.0,5695.4,5520.1,1388.2,3937.5,5695.4,8456.7,11172.6,11181.2,11137.0,730.2,6422.4,1973.1,619.1,1357.0,3167.2,11952.1,671.2,8820.7,8820.7,8242.5,8939.5,7939.3,7939.3,3222.3,3298.6,8239.7,11464.8,3937.5,3079.4,1054.7,2938.2,1069.1,1127.4,8637.2,5925.6,3911.0,10176.3,9072.0,1599.4,1269.3,780.3,598.3,748.6,392.7,1401.3,1242.2,1701.5,781.7,1320.8,4607.8,1663.3,149.3,1109.8,1336.0,3888.3,1875.0,492.2,1293.6,831.8,376.4,1289.8,109.0,220.0,1428.6,1230.0,675.9,523.0,9155.1,837.1,1331.1,220.0,1574.9,827.5,5233.8,912.4,982.3,172.2,866.8,10561.0,1055.7,618.4,9177.9,2238.8,8743.8,3537.7,3704.9,5430.3,8397.4,6909.5,7590.7,8197.3,3062.9,11610.7,11114.1,29855.4,3145.6,933.7,8663.3,1980.1,1380.9,4090.8,9899.2,377.4,8720.5,417.6,8306.0,5448.6,1217.2,9464.1,10899.0,3098.9,4880.3,7249.3,9262.9,11877.4,9626.0,9332.0,12921.3,10071.5,11738.8,5632.8,7859.5,4372.3,6379.8,7515.7,13299.2,15677.3,10571.2,12312.6,9293.0,12104.9,8824.6,1094.3,9141.0,1146.7,6984.7,8026.8,9900.4,6510.9,1929.4,5664.4,3298.6,4531.5,7579.7,5313.8,6247.2
99,385.4,1432.3,2823.7,1626.4,586.1,1311.3,632.1,655.4,4458.1,6132.6,2597.3,324.9,335.3,105.5,4345.9,6795.0,4210.0,1947.8,851.4,3809.4,3199.9,5753.7,7024.4,1057.7,7524.0,11456.6,4752.0,1428.1,1466.7,5094.9,1600.6,1057.9,1831.2,6567.8,10348.0,1335.8,950.4,1480.2,2805.0,1199.3,1201.9,377.8,23.6,1041.3,860.3,513.5,2432.0,9847.9,1544.4,1504.5,8648.6,2042.2,1255.9,301.1,324.0,1252.6,681.5,772.2,2991.4,1350.2,3125.8,1211.1,2638.1,670.9,195.8,0.0,531.7,2343.4,1551.4,895.6,273.4,255.1,265.4,461.7,2119.6,546.4,2816.0,1487.2,1175.3,1458.8,532.0,642.9,6305.5,10061.7,1247.5,10061.7,4367.1,192.2,10282.7,981.3,5637.9,1847.8,893.9,10080.9,582.3,9349.6,9815.4,3739.0,11016.1,6820.2,11025.7,5348.0,8957.5,7476.1,2991.4,3458.2,3739.0,11025.7,6820.2,9796.9,7793.6,4708.3,3739.0,5877.1,5348.0,1308.7,3765.4,5877.1,8284.7,11000.5,11009.1,10964.9,645.1,6307.8,1876.3,504.5,1258.9,3087.7,11837.5,556.6,8648.6,8648.6,8070.5,8825.0,7824.7,7824.7,3142.8,3219.1,8067.6,11350.3,3765.4,2907.4,940.2,2766.2,954.5,1043.8,8465.1,5753.5,3739.0,10061.7,8957.5,1427.4,1154.8,665.8,441.2,634.0,302.3,1229.2,1304.5,1529.4,609.7,1206.3,4435.7,1548.7,343.9,937.8,1237.9,3716.2,1760.4,377.6,1121.6,659.8,219.3,1117.7,87.9,49.3,1256.6,1058.0,561.4,350.9,9040.6,816.8,1216.6,49.3,1495.3,655.4,5061.8,763.4,833.2,23.6,1010.5,10446.4,941.1,473.0,9005.8,2066.8,8629.2,3458.2,3532.8,5258.2,8225.3,6795.0,7476.1,8025.3,2983.3,11496.1,10942.0,29740.8,2973.6,819.1,8491.3,1808.0,1199.3,3918.8,9784.6,553.0,8548.5,245.6,8134.0,5334.0,1102.6,9349.6,10784.4,3019.4,4708.3,7077.3,9148.4,11705.4,9454.0,9217.5,12806.8,9899.5,11624.3,5460.7,7687.5,4554.0,6207.8,7343.6,13184.6,15562.7,10456.6,12198.0,9610.0,11990.3,8652.5,979.7,8969.0,974.7,6812.7,7854.8,9728.3,6396.3,1780.3,5492.4,3219.1,4451.9,7465.1,5199.3,6132.6
101,253.7,916.6,2314.8,1730.8,699.5,1415.8,713.6,139.7,3949.2,6201.1,2088.4,658.1,493.6,588.5,4334.9,6802.6,4368.3,2106.1,965.4,3300.6,3358.8,5244.9,7128.9,554.5,7592.5,11525.1,4243.2,1586.4,956.5,5083.9,1705.0,542.2,2281.8,6544.7,9839.2,820.1,467.0,1951.1,2296.1,683.6,1306.4,885.7,541.0,531.1,372.5,458.7,1923.1,9916.4,2028.0,1975.4,8139.8,1532.1,1414.8,428.4,431.4,742.4,180.5,256.5,3017.0,1843.5,2616.9,1315.5,2129.2,221.8,703.7,531.7,0.0,2081.2,2002.0,1000.1,378.9,567.6,674.3,330.6,2603.2,236.3,2307.1,1970.8,1279.8,943.1,507.0,194.6,5796.7,10130.2,810.9,10130.2,3858.2,415.1,9773.8,1431.9,5742.3,1419.0,1052.2,10088.6,250.0,9418.1,9883.8,3230.1,10507.2,6311.4,11094.2,4839.1,8996.7,7607.1,3017.0,3617.1,3230.1,11094.2,6311.4,9865.4,7832.9,4199.4,3230.1,6120.5,4839.1,1467.6,3256.6,6120.5,7775.8,10491.6,10500.3,10456.1,804.0,6313.6,1482.1,641.6,1417.1,3246.6,11906.0,693.8,8139.8,8139.8,7561.6,8864.2,7893.2,7893.2,3301.7,3378.0,7558.8,11199.8,3256.6,2398.5,1044.6,2257.3,1017.7,1202.7,7956.2,5244.7,3230.1,10130.2,8996.7,924.1,1259.2,686.1,268.9,665.2,496.3,719.1,1755.1,1013.7,94.0,1310.7,3926.8,1653.2,851.9,422.1,1396.2,3207.3,1918.6,535.9,618.3,144.1,462.0,614.5,595.8,483.7,746.4,542.3,719.6,214.4,9109.0,975.7,1321.0,483.7,1654.2,139.7,4552.9,726.1,837.3,541.0,1226.0,10454.0,1045.6,542.8,8497.0,1557.9,8668.4,3617.1,3023.9,4749.4,7716.4,6802.6,7607.1,7516.4,3142.2,11564.6,10433.2,29809.3,2464.7,947.0,7982.4,1297.9,683.6,3409.9,9792.3,827.1,8039.6,578.7,7625.1,5359.6,1207.1,9418.1,10852.9,3178.3,4199.4,6568.4,9156.0,11196.5,8945.1,9225.1,12875.3,9390.6,11692.8,4951.9,7178.6,4997.4,5698.9,6834.8,13253.1,15631.2,10464.3,12266.5,9101.1,12058.8,8143.6,1084.2,8460.1,478.1,6303.8,7345.9,9219.4,6373.2,1258.3,4983.5,3378.0,4610.8,7588.5,5267.8,6201.1
104,2307.5,1164.5,2409.5,773.0,1767.2,1043.4,1741.5,1946.3,3781.5,4571.4,2183.1,2667.7,2063.1,2408.1,3004.5,5233.7,3845.3,1248.6,1626.5,3395.3,3912.3,5134.1,5930.5,1624.2,5962.7,9895.4,4075.4,1668.5,1213.7,3753.5,809.1,1525.2,3960.5,5006.5,10030.3,1267.9,1810.5,3288.0,2390.8,1509.8,1223.2,2612.9,2351.3,1590.8,1868.9,2024.4,1002.6,8286.7,3399.9,3312.3,7972.0,1078.6,2253.4,2073.2,2096.2,1390.6,2229.2,1825.8,1686.6,3226.4,2452.5,1162.5,2223.9,2270.6,2458.0,2343.4,2081.2,0.0,3680.8,1447.9,2204.3,2137.1,2608.2,2260.3,3984.6,2251.4,2401.8,3352.2,1168.1,1184.3,1940.9,2259.8,5628.9,8500.5,1301.9,8500.5,3674.9,2278.3,9606.1,3283.9,4543.9,740.3,1582.5,8519.6,2242.7,7788.3,8254.1,3062.4,10698.3,4872.6,9464.4,3410.9,7666.3,5914.9,1686.6,3953.7,3062.4,9464.4,4872.6,8235.6,6502.4,4031.7,3062.4,6573.9,3410.9,2176.4,3088.8,6573.9,7665.0,10682.8,10691.4,10647.2,2042.8,4746.6,654.7,1866.9,1909.6,3597.0,10276.2,1808.7,7972.0,7972.0,7393.9,7533.8,6263.4,6263.4,3652.2,3728.4,7391.0,9761.0,3088.8,2493.2,1403.3,2061.1,1462.9,2057.9,7845.5,3833.0,3062.4,8500.5,7666.3,1204.2,1217.0,1770.4,2241.0,1792.1,2079.3,1392.8,3401.3,1074.9,2053.9,1218.9,3816.1,863.7,2607.3,1702.1,1849.0,3039.6,1106.1,2013.8,1651.6,2010.3,2196.0,1637.6,2349.1,2392.0,1395.2,1527.9,1851.9,2279.6,7479.3,2167.8,1278.2,2392.0,2200.9,1946.3,3968.5,1672.0,1680.4,2351.3,2340.1,8885.1,1402.4,1976.7,8329.2,1124.8,7338.0,3953.7,2856.2,3220.7,7670.1,5233.7,5914.9,7348.6,3507.8,9934.9,10322.4,28179.5,2268.5,1651.4,7814.6,1205.5,1509.8,3504.6,8223.4,2302.6,7928.8,2588.3,7514.4,4029.2,1240.8,7788.3,9223.2,3528.8,4031.7,6400.6,7587.1,11085.8,8898.8,7656.2,11245.5,9222.8,10063.0,4777.8,7010.9,5779.8,5531.2,6667.0,11623.4,14001.5,8895.4,10636.7,7662.3,10429.0,7975.9,1365.2,8292.3,1754.6,6136.1,7178.2,9051.7,4835.0,823.0,4809.5,3728.4,4403.6,5903.9,3638.0,4571.4
106,1848.2,2902.7,4293.6,2963.7,2096.8,2652.5,2142.7,2125.8,5928.0,7182.5,4067.2,1418.1,1829.6,1469.5,5350.3,7844.9,4492.7,2667.4,2244.3,5279.4,2395.8,7223.7,7416.9,2528.1,8573.9,12506.5,6222.0,2091.1,2937.1,6099.4,2937.9,2528.3,297.4,7617.7,11818.0,2806.1,2362.8,626.7,4275.0,2669.7,2692.4,1285.8,1527.9,2511.6,2313.5,2045.5,3901.9,10897.8,622.0,593.5,10118.6,3512.6,1657.7,1833.0,1856.0,2723.0,2157.2,2242.6,3995.8,511.7,4595.8,2614.1,4108.0,2146.6,1481.3,1551.4,2002.0,3680.8,0.0,2386.1,1805.3,1741.5,1343.9,1911.3,721.9,2078.3,4286.0,423.6,2649.8,2929.2,2064.0,2118.5,7775.5,11111.6,2779.4,11111.6,5837.0,1724.2,11752.6,695.6,5977.3,3296.5,2269.8,11130.8,2114.3,10399.5,10865.2,5208.9,12486.0,7511.1,12075.6,6200.8,9961.9,8526.0,3995.8,3362.0,5208.9,12075.6,7511.1,10846.8,8798.1,6178.3,5208.9,4796.7,6200.8,1715.3,5235.4,4796.7,9754.6,12470.5,12479.1,12434.9,1859.2,7357.7,3210.9,2015.1,1998.7,2912.3,12887.4,2067.3,10118.6,10118.6,9540.5,9829.4,8874.6,8874.6,2977.5,2988.9,9537.6,12400.1,5235.4,4377.3,2430.6,4236.2,2445.0,1760.5,9935.1,6465.1,5208.9,11111.6,9961.9,2897.7,2645.2,2176.4,1973.2,2144.7,1788.8,2699.6,337.6,2999.8,2080.1,2696.7,5905.7,2886.1,1332.6,2408.1,2038.3,5186.2,2638.1,1888.3,2534.0,2130.1,1751.2,2530.1,1567.1,1548.1,2726.9,2528.3,2047.0,1821.3,10090.4,1740.1,2707.0,1548.1,1666.7,2125.8,6531.8,2295.3,2365.2,1527.9,1466.6,11496.3,2431.6,2005.0,10475.8,3536.8,9633.6,3362.0,5002.8,6026.9,9695.3,7844.9,8526.0,9495.2,2800.2,12546.0,12412.0,30790.7,4443.6,2211.9,9961.2,3278.4,2669.7,5388.8,10834.5,1606.8,10018.5,1531.0,9604.0,6338.4,2593.1,10399.5,11834.3,2839.2,6178.3,8547.2,10198.2,13175.4,10924.0,10267.3,13856.6,11369.4,12674.2,6930.7,9157.4,3245.0,7677.7,8813.6,14234.5,16612.6,11506.5,13247.9,10228.3,13040.2,10122.5,2470.2,10438.9,2427.9,8282.7,9324.8,11198.3,7446.2,3244.3,6962.4,2988.9,4355.7,8515.0,6249.1,7182.5
18,1091.5,936.1,2593.8,730.9,319.4,415.8,293.8,899.8,4032.3,5237.1,2367.4,1219.9,615.3,960.3,3450.4,5899.5,3559.8,1297.6,183.8,3579.6,3001.0,5523.9,6128.9,1030.9,6628.5,10561.1,4326.2,781.0,999.0,4199.4,705.1,492.4,2665.8,5672.3,10118.2,914.6,1087.3,1993.3,2575.1,612.6,306.4,1165.1,903.5,997.5,1003.3,576.6,2042.0,8952.4,2105.2,2017.6,8222.8,1597.1,1056.9,625.4,648.4,1011.8,839.0,806.9,2095.9,1931.7,2703.3,315.6,2408.2,836.7,1010.2,895.6,1000.1,1447.9,2386.1,0.0,756.5,689.3,1160.4,1167.8,2689.9,803.6,2586.1,2057.5,279.8,793.6,493.1,851.7,5879.7,9166.2,559.4,9166.2,3925.8,830.5,9856.9,1836.2,4742.4,1048.6,173.7,9185.4,794.9,8454.1,8919.8,3313.2,10786.2,5565.8,10130.2,4255.4,8062.0,6580.6,2095.9,3141.4,3313.2,10130.2,5565.8,8901.4,6898.1,4282.5,3313.2,5761.6,4255.4,1109.8,3339.6,5761.6,8054.8,10770.6,10779.3,10735.1,595.1,5412.3,963.0,419.1,821.1,2784.7,10942.0,360.9,8222.8,8222.8,7644.7,7929.5,6929.2,6929.2,2839.8,2916.1,7641.8,10454.8,3339.6,2677.5,44.7,2311.8,59.0,811.6,8235.2,4519.7,3313.2,9166.2,8062.0,1203.3,259.2,322.6,793.2,344.3,631.5,1003.2,2106.6,997.9,1007.3,310.8,4205.9,653.2,1159.5,669.3,800.1,3290.4,900.2,566.0,1134.9,963.8,748.2,1108.3,901.3,944.2,944.3,495.0,404.1,992.5,8145.1,720.0,321.1,944.2,1206.5,899.8,4636.0,351.5,232.6,903.5,1018.1,9550.9,45.6,528.9,8580.0,1643.4,7733.7,3141.4,3107.0,4081.6,7920.9,5899.5,6580.6,7599.4,2687.4,10600.6,10712.2,28845.3,2519.3,203.6,8065.4,1456.3,612.6,3688.9,8889.1,854.9,8318.6,1140.5,7904.1,4438.5,207.1,8454.1,9888.9,2716.4,4282.5,6651.4,8252.9,11475.5,9149.6,8322.0,11911.3,9473.6,10728.8,5028.6,7261.6,4778.2,5782.0,6917.8,12289.1,14667.2,9561.1,11302.5,8282.9,11094.8,8226.7,84.2,8543.1,1065.1,6386.9,7429.0,9302.5,5500.8,1084.0,5060.3,2916.1,4133.2,6569.6,4303.8,5237.1
44,408.7,1279.6,2677.3,1487.2,447.0,1172.2,492.9,502.7,4311.8,5993.5,2450.9,597.6,196.2,359.4,4206.7,6655.8,4070.9,1808.7,712.3,3663.1,3061.4,5607.4,6885.3,911.4,7384.8,11317.5,4605.7,1289.0,1320.4,4955.8,1461.5,905.2,2085.1,6428.6,10201.7,1183.0,823.9,1630.9,2658.7,1046.5,1062.8,626.1,288.5,895.0,729.4,302.7,2285.7,9708.8,1742.8,1655.2,8502.3,1895.9,1117.4,131.1,134.0,1106.3,466.9,619.5,2852.2,1564.5,2979.5,1071.9,2491.8,456.3,430.5,273.4,378.9,2204.3,1805.3,756.5,0.0,270.2,538.1,485.1,2327.5,335.5,2669.7,1695.1,1036.2,1306.1,349.9,428.3,6159.2,9922.6,1094.3,9922.6,4220.7,123.3,10136.4,1235.2,5498.7,1694.6,754.8,9941.8,371.4,9210.4,9676.2,3592.7,10869.8,6673.9,10886.5,5201.7,8818.3,7337.0,2852.2,3319.7,3592.7,10886.5,6673.9,9657.8,7654.5,4562.0,3592.7,5823.1,5201.7,1170.2,3619.1,5823.1,8138.4,10854.2,10862.8,10818.6,506.6,6168.7,1723.1,365.4,1119.8,2949.2,11698.4,417.5,8502.3,8502.3,7924.2,8685.8,7685.6,7685.6,3004.3,3080.6,7921.3,11211.1,3619.1,2761.1,801.0,2619.9,815.4,905.3,8318.8,5607.2,3592.7,9922.6,8818.3,1281.1,1015.6,528.8,230.3,494.9,198.9,1082.9,1558.4,1376.7,456.9,1067.1,4289.4,1409.6,579.8,785.0,1098.8,3569.9,1621.2,238.5,975.3,507.0,155.7,971.4,321.6,322.0,1110.3,905.2,422.2,309.7,8901.4,678.3,1077.4,322.0,1356.8,502.7,4915.5,610.2,680.0,288.5,928.7,10307.2,802.0,319.8,8859.5,1920.5,8490.1,3319.7,3386.5,5111.9,8079.0,6655.8,7337.0,7878.9,2844.9,11357.0,10795.7,29601.7,2827.3,680.0,8345.0,1661.7,1046.5,3772.5,9645.5,529.7,8402.2,518.2,7987.7,5194.9,963.5,9210.4,10645.3,2880.9,4562.0,6930.9,9009.2,11559.1,9307.7,9078.3,12667.6,9753.1,11485.1,5314.4,7541.1,4700.1,6061.5,7197.3,13045.5,15423.6,10317.5,12058.9,9463.7,11851.1,8506.2,840.6,8822.6,835.1,6666.4,7708.5,9582.0,6257.2,1627.2,5346.1,3080.6,4313.4,7326.0,5060.1,5993.5
46,605.3,1452.4,2866.0,1420.1,379.8,1105.0,425.7,691.4,4500.5,5926.3,2639.7,563.5,112.7,295.6,4139.6,6588.7,4154.2,1741.5,645.1,3851.8,2969.4,5796.1,6818.1,1100.1,7317.7,11250.3,4794.4,1221.8,1509.1,4888.6,1394.3,927.3,2021.3,6361.5,10390.4,1371.7,1012.6,1533.6,2847.4,1060.0,995.6,541.1,238.7,1083.7,918.1,365.9,2474.4,9641.6,1645.5,1558.0,8691.0,2084.6,1025.3,139.2,162.1,1295.0,577.7,808.2,2785.1,1467.2,3168.2,1004.7,2680.4,556.8,345.5,255.1,567.6,2137.1,1741.5,689.3,270.2,0.0,504.0,681.6,2230.2,431.4,2858.4,1597.8,969.0,1309.9,370.1,539.0,6347.9,9855.4,1075.7,9855.4,4409.4,294.2,10325.1,1171.4,5431.5,1676.0,687.6,9874.6,467.4,9143.3,9609.0,3781.4,11058.5,6254.9,10819.4,5390.4,8751.1,7269.8,2785.1,3227.7,3781.4,10819.4,6254.9,9590.6,7587.3,4750.7,3781.4,5698.4,5390.4,1078.2,3807.8,5698.4,8327.0,11042.9,11051.5,11007.3,414.6,6101.5,1652.2,298.2,1036.1,2857.2,11631.2,350.3,8691.0,8691.0,8112.9,8618.7,7618.4,7618.4,2912.3,2988.6,8110.0,11144.0,3807.8,2949.8,733.9,2808.6,748.2,813.3,8507.5,5208.9,3781.4,9855.4,8751.1,1469.8,948.4,459.4,326.3,427.7,71.8,1271.6,1494.6,1514.2,645.6,999.9,4478.1,1342.4,494.8,941.9,1015.1,3758.6,1554.1,171.3,1164.0,695.7,261.9,1160.1,236.6,286.5,1299.0,930.0,355.0,506.2,8834.2,586.2,1010.3,286.5,1264.8,691.4,5104.2,591.6,661.5,238.7,779.9,10240.1,734.8,297.5,9048.2,2109.2,8422.9,3227.7,3575.2,4770.8,8267.7,6588.7,7269.8,8067.6,2752.8,11289.8,10984.4,29534.5,3016.0,612.8,8533.6,1850.4,1060.0,3961.2,9578.3,365.4,8590.9,484.1,8176.4,5127.7,896.3,9143.3,10578.1,2788.9,4750.7,7119.6,8942.1,11747.8,9496.4,9011.1,12600.5,9941.8,11418.0,5503.1,7729.9,4535.8,6250.2,7386.0,12978.3,15356.4,10250.3,11991.7,8972.1,11784.0,8694.9,773.4,9011.3,1023.8,6855.1,7897.2,9770.7,6190.0,1608.6,5534.8,2988.6,4221.4,7258.8,4992.9,5926.3
30,528.0,1575.0,2966.3,1891.1,850.9,1576.1,896.8,798.0,4600.7,6397.4,2739.9,398.8,592.1,274.8,4610.6,7059.7,4474.8,2212.6,1116.2,3952.1,3389.0,5896.4,7289.2,1200.4,7788.7,11721.4,4894.7,1692.9,1609.3,5359.7,1865.3,1200.6,1623.7,6832.5,10490.6,1478.4,1093.0,1364.9,2947.6,1341.9,1466.7,500.2,274.8,1183.9,1002.9,778.3,2574.6,10112.7,1386.3,1357.7,8791.3,2184.9,1504.7,565.8,588.7,1395.2,829.4,914.9,3256.1,1214.9,3268.4,1475.8,2780.7,818.8,437.5,265.4,674.3,2608.2,1343.9,1160.4,538.1,504.0,0.0,604.3,1961.4,807.5,2958.6,1329.0,1440.1,1601.5,796.8,790.8,6448.1,10326.5,1469.2,10326.5,4509.7,457.0,10425.3,773.8,5902.6,2077.3,1158.7,10345.7,847.0,9614.3,10080.1,3881.6,11158.7,6962.8,11290.4,5490.6,9222.2,7740.9,3256.1,3707.0,3881.6,11290.4,6962.8,10061.6,8058.4,4850.9,3881.6,5778.9,5490.6,1557.5,3908.1,5778.9,8427.3,11143.1,11151.8,11107.5,894.0,6572.6,2141.0,769.2,1515.5,3336.5,12102.2,821.4,8791.3,8791.3,8213.1,9089.7,8089.5,8089.5,3391.7,3467.9,8210.3,11851.3,3908.1,3050.0,1204.9,2908.8,1219.3,1292.6,8607.7,5896.2,3881.6,10326.5,9222.2,1570.0,1419.5,930.5,705.9,898.8,551.2,1371.9,1097.0,1672.1,752.3,1471.0,4578.4,1813.5,547.0,1080.4,1494.5,3858.8,2025.1,642.4,1264.2,802.4,484.0,1260.4,329.6,217.5,1399.2,1200.6,826.1,493.5,9305.3,1065.6,1481.3,217.5,1744.2,798.0,5204.4,1028.1,1098.0,274.8,1048.4,10711.1,1205.9,737.8,9148.5,2209.4,8893.9,3707.0,3675.4,5400.9,8367.9,7059.7,7740.9,8167.9,3232.2,11760.9,11084.6,30005.6,3116.2,1083.9,8633.9,1950.7,1341.9,4061.4,10049.4,794.7,8691.1,319.4,8276.6,5598.8,1367.4,9614.3,11049.2,3268.3,4850.9,7219.9,9413.1,11848.0,9596.6,9482.2,13071.5,10042.1,11889.0,5603.4,7830.1,4433.1,6350.4,7486.3,13449.4,15827.5,10721.4,12462.7,9752.6,12255.0,8795.1,1244.5,9111.6,1117.3,6955.3,7997.4,9870.9,6661.0,1916.6,5635.0,3467.9,4700.8,7729.9,5464.0,6397.4
37,76.9,1095.7,2419.7,1898.6,858.3,1583.5,904.2,322.9,4054.1,6306.0,2193.3,501.6,607.5,518.5,4509.4,6907.5,4482.2,2220.0,1123.6,3405.5,3472.8,5349.8,7296.6,643.6,7697.4,11630.0,4348.1,1700.3,1109.5,5258.5,1872.8,716.7,2191.0,7053.8,9944.1,999.2,488.9,1918.1,2401.0,866.2,1474.1,815.7,471.0,684.1,398.8,714.0,2028.0,10021.3,1958.0,1929.5,8244.7,1635.8,1528.7,542.4,545.3,895.4,504.4,431.0,3191.5,1773.5,2721.8,1483.2,2234.1,509.4,633.7,461.7,330.6,2260.3,1911.3,1167.8,485.1,681.6,604.3,0.0,2533.2,498.1,2412.0,1900.8,1447.5,1122.2,761.2,481.4,5901.6,10235.1,993.5,10235.1,3963.1,521.2,9878.7,1341.1,5910.0,1598.1,1166.1,10193.5,536.8,9523.0,9988.8,3335.0,10612.1,6416.2,11199.1,4944.0,9171.2,7712.0,3191.5,3731.0,3335.0,11199.1,6416.2,9970.3,8007.4,4304.3,3335.0,6234.5,4944.0,1581.5,3361.5,6234.5,7880.7,10596.5,10605.2,10561.0,918.0,6418.5,1661.2,776.7,1531.1,3360.5,12010.9,828.8,8244.7,8244.7,7666.5,9038.7,7998.1,7998.1,3415.7,3491.9,7663.7,11304.7,3361.5,2503.4,1212.4,2362.2,1192.2,1316.6,8061.1,5349.6,3335.0,10235.1,9171.2,1059.8,1426.9,940.2,530.8,906.2,610.2,872.0,1664.3,1192.8,362.5,1478.5,4031.8,1820.9,781.8,596.6,1510.1,3312.3,2032.6,649.8,660.0,327.2,569.3,656.2,525.8,413.7,899.4,716.8,833.5,184.1,9214.0,1089.6,1488.8,413.7,1768.2,322.9,4657.8,900.6,1025.9,471.0,1340.0,10558.9,1213.3,731.2,8601.9,1662.8,8842.9,3731.0,3128.8,4854.3,7821.3,6907.5,7712.0,7621.3,3256.2,11669.5,10538.1,29914.2,2569.6,1091.3,8087.3,1436.2,866.2,3514.8,9897.2,941.0,8144.5,389.3,7730.0,5534.1,1374.8,9523.0,10957.8,3292.3,4304.3,6673.3,9260.9,11301.4,9050.0,9330.0,12980.2,9495.5,11797.7,5056.8,7283.5,4991.9,5803.8,6939.7,13358.0,15736.1,10569.2,12371.4,9206.0,12163.7,8248.6,1251.9,8565.0,513.1,6408.7,7450.8,9324.3,6872.7,1437.4,5088.4,3491.9,4724.8,7693.4,5372.7,6306.0
40,2456.9,3467.9,4895.2,3267.6,2465.5,2956.3,2513.7,2727.0,6529.6,7357.0,4668.8,2065.4,2261.6,2067.8,5524.8,8019.4,4315.8,2841.9,2548.1,5881.0,2218.9,7825.3,7240.0,3129.3,8748.4,12681.0,6823.6,2348.8,3530.9,6273.9,3241.8,3016.8,468.6,7792.2,12419.6,3407.3,3010.1,647.9,4876.5,3144.4,2996.2,1743.6,2096.0,3112.8,2931.8,2547.8,4503.5,11072.3,684.2,680.0,10720.2,4113.8,1915.3,2321.1,2344.0,3324.2,2735.7,2843.8,4170.3,769.4,5197.3,2917.9,4709.6,2725.1,1925.9,2119.6,2603.2,3984.6,721.9,2689.9,2327.5,2230.2,1961.4,2533.2,0.0,2600.5,4887.5,822.5,2953.6,3325.5,2552.0,2697.1,8377.1,11286.1,3091.2,11286.1,6438.6,2246.4,12354.2,1301.7,5800.4,3600.3,2573.6,11305.3,2636.5,10574.0,11039.7,5810.5,13087.6,7685.6,12250.1,6375.3,10136.4,8700.5,4170.3,3185.1,5810.5,12250.1,7685.6,11021.3,8972.6,6779.8,5810.5,4637.8,6375.3,1973.0,5837.0,4637.8,10356.2,13072.0,13080.7,13036.5,2163.1,7532.2,3514.8,2463.3,2256.4,2735.4,13061.9,2460.6,10720.2,10720.2,10142.0,10003.9,9049.1,9049.1,2800.6,2812.0,10139.2,12574.7,5837.0,4978.9,2734.4,4837.7,2748.8,2018.2,10536.6,6639.6,5810.5,11286.1,10136.4,3498.9,2949.0,2547.5,2495.4,2523.6,2277.5,3300.8,943.7,3529.7,2681.2,3000.5,6507.3,3189.9,1776.6,3009.3,2296.0,5787.8,2895.8,2308.2,3181.3,2731.3,2273.4,3177.5,2034.9,2143.8,3328.1,3019.4,2373.4,2422.4,10265.0,2043.9,3010.8,2143.8,1841.3,2727.0,7133.3,2681.0,2717.8,2096.0,1777.8,11670.8,2735.4,2479.4,11077.4,4138.3,9808.2,3185.1,5604.4,6201.5,10296.8,8019.4,8700.5,10096.8,2623.2,12720.5,13013.6,30965.2,5045.1,2515.8,10562.8,3879.6,3144.4,5990.3,11009.0,1933.2,10620.0,2178.3,10205.5,6513.0,2896.9,10574.0,12008.8,2662.3,6779.8,9148.8,10372.8,13776.9,11525.5,10441.9,14031.2,11971.0,12848.7,7532.3,9759.0,3009.3,8279.3,9415.2,14409.0,16787.1,11681.0,13422.4,10402.8,13214.7,10724.0,2774.0,11040.5,3046.2,8884.2,9926.3,11799.8,7620.7,3615.8,7563.9,2812.0,4178.8,8689.5,6423.6,7357.0
48,421.8,1136.9,2534.7,1534.4,503.1,1219.3,517.2,360.0,4169.1,6040.6,2308.3,791.4,357.4,632.4,4253.9,7022.6,4232.1,1969.9,769.0,3520.5,3222.6,5464.8,6932.4,768.8,7432.0,11364.6,4463.1,1450.2,1177.8,5002.9,1508.6,762.5,2358.1,6475.8,10059.1,1040.4,681.3,1903.9,2516.0,903.9,1109.9,899.1,561.5,752.3,586.8,244.2,2143.0,9755.9,2015.8,1928.2,8359.7,1753.3,1278.6,292.2,295.2,963.7,146.3,476.9,2899.4,1837.5,2836.8,1119.0,2349.1,125.3,703.5,546.4,236.3,2251.4,2078.3,803.6,335.5,431.4,807.5,498.1,2600.5,0.0,2527.0,1968.1,1083.3,1163.5,310.5,107.6,6016.6,9969.7,1031.2,9969.7,4078.1,409.5,9993.7,1508.2,5545.9,1639.3,905.2,10308.5,97.9,9257.6,9723.3,3450.0,10727.1,6531.3,10933.7,5059.1,8865.5,7384.1,2899.4,3480.9,3450.0,10933.7,6531.3,9704.9,7701.6,4419.3,3450.0,5984.3,5059.1,1331.4,3476.5,5984.3,7995.7,10711.6,10720.2,10676.0,667.8,6533.6,1683.9,463.0,1280.9,3110.4,11745.5,503.4,8359.7,8359.7,7781.5,8733.0,7732.7,7732.7,3165.5,3241.8,7778.7,11419.7,3476.5,2618.4,848.2,2477.2,862.5,1066.5,8176.2,5464.6,3450.0,9969.7,8865.5,1138.4,1062.7,489.6,118.4,468.7,360.1,940.3,1831.4,1234.0,314.3,1114.2,4146.8,1456.7,852.8,642.4,1260.0,3427.3,1703.7,399.7,832.6,364.4,327.1,828.8,594.6,595.0,967.6,762.6,583.4,322.8,8948.5,839.5,1124.6,595.0,1518.0,360.0,4772.8,571.0,640.9,561.5,1089.9,10674.0,849.1,364.2,8716.9,1777.8,8537.2,3480.9,3243.9,4969.3,7936.4,7022.6,7384.1,7736.3,3006.0,11404.1,10653.1,29648.8,2684.6,750.5,8202.3,1519.1,903.9,3629.8,10012.2,690.9,8259.5,712.0,7845.0,5242.0,1010.6,9257.6,10692.4,3042.1,4419.3,6788.3,9376.0,11416.4,9165.0,9445.0,12714.8,9610.5,11532.3,5171.8,7398.5,4861.2,5918.8,7054.7,13092.6,15470.7,10684.2,12106.0,9321.0,11898.3,8363.6,887.7,8680.0,692.5,6523.7,7565.8,9439.4,6304.3,1478.6,5203.4,3241.8,4474.6,7373.1,5107.3,6040.6
54,2488.8,1741.7,45.0,2693.9,2661.0,2553.7,2607.7,2172.2,2686.7,4938.6,218.8,2876.3,2784.3,2872.8,5150.4,5540.1,5889.3,3266.8,2632.7,1853.5,5498.6,3850.8,7988.2,1786.0,6329.9,10262.6,2980.7,3346.2,1725.7,5577.5,2652.6,2236.7,4565.7,5686.4,8445.0,1839.0,1929.2,4241.8,121.3,1978.8,2733.5,3170.0,2825.3,1785.5,2005.5,2749.5,2048.7,8653.9,4312.4,4266.2,6877.2,1656.5,3554.6,2719.2,2722.1,1576.6,2455.2,2152.7,3832.4,4127.8,1286.2,2672.7,238.3,2496.5,2988.0,2816.0,2307.1,2401.8,4286.0,2586.1,2669.7,2858.4,2958.6,2412.0,4887.5,2527.0,0.0,4255.1,2678.4,1897.7,2656.2,2485.3,4534.1,8867.7,2074.4,8867.7,2550.2,2705.8,8511.3,3715.8,6601.6,1937.3,2759.7,8826.0,2540.7,8155.6,8621.3,1967.6,9113.1,5048.8,9831.7,3576.6,9587.5,6344.6,3832.4,5686.1,1967.6,9831.7,5048.8,8602.9,8423.7,2936.9,1967.6,8260.4,3576.6,3607.4,1994.1,8260.4,6381.7,9097.5,9106.2,9062.0,2993.0,5051.1,2020.3,2760.7,3365.8,5329.4,10643.5,2702.5,6877.2,6877.2,6245.8,9455.0,6630.7,6630.7,5384.6,5460.9,6120.0,9937.3,1994.1,570.0,2628.8,994.8,2569.2,3339.6,6562.1,3982.2,1967.6,8867.7,9587.5,1403.7,2727.2,2582.2,2559.7,2627.0,2787.0,1592.3,4039.0,1652.1,2279.8,2729.2,2523.1,2630.0,3136.2,2305.4,3344.9,1944.8,3024.3,2826.6,1770.2,2236.3,2752.8,1756.2,2880.1,2768.0,1656.1,2235.7,2745.7,2505.2,7846.5,3148.0,2788.4,2768.0,3751.3,2172.2,3290.4,2438.0,2563.2,2825.3,3446.2,9191.5,2629.8,2770.9,7181.1,1683.5,9259.2,5686.1,1761.4,3486.9,6344.6,5540.1,6344.6,6200.5,5232.2,10302.1,9039.0,28546.8,1202.2,2631.7,6666.5,1456.8,1978.8,1520.5,8529.8,3117.8,6645.5,2764.0,6231.0,6175.1,2751.1,8155.6,9590.4,5261.2,2936.9,5305.9,7893.5,9802.4,7573.3,7962.6,11612.8,8128.1,10430.3,3580.0,5916.1,7233.3,4436.4,5518.9,11990.6,14368.7,9201.8,11004.0,7838.6,10796.3,6827.8,2668.3,7144.2,1905.9,5041.3,6083.4,7903.6,5505.3,1890.6,3611.7,5460.9,6447.6,6326.0,4005.2,4938.6
60,1824.5,2835.5,4262.8,2635.2,1833.2,2323.9,1881.3,2094.6,5897.2,6807.8,4036.4,1450.2,1629.2,1435.4,4975.6,7470.1,4303.9,2292.7,1915.7,5248.6,2239.1,7192.9,7260.2,2496.9,8199.1,12131.8,6191.2,1716.4,2898.5,5724.7,2609.4,2384.4,703.4,7242.9,11787.2,2774.9,2387.0,252.0,4244.1,2512.0,2363.8,1111.2,1463.6,2480.4,2299.4,1915.4,3871.1,10523.1,247.3,218.8,10087.8,3481.4,1282.9,1688.7,1711.6,2691.8,2103.3,2211.4,3621.1,137.0,4564.9,2285.5,4077.2,2092.7,1293.5,1487.2,1970.8,3352.2,423.6,2057.5,1695.1,1597.8,1329.0,1900.8,822.5,1968.1,4255.1,0.0,2321.2,2693.1,1919.7,2064.7,7744.7,10736.9,2458.8,10736.9,5806.2,1614.0,11721.8,797.8,5788.5,2968.0,1941.2,10756.1,2004.1,10024.7,10490.5,5178.1,12455.2,7136.4,11700.9,5826.1,9587.2,8151.3,3621.1,3205.3,5178.1,11700.9,7136.4,10472.0,8423.4,6147.4,5178.1,4639.9,5826.1,1340.6,5204.6,4639.9,9723.8,12439.7,12448.3,12404.1,1530.7,6983.0,2882.4,1830.9,1624.0,2755.6,12512.7,1828.2,10087.8,10087.8,9509.6,9454.7,8499.9,8499.9,2820.8,2832.2,9506.8,12025.4,5204.6,4346.5,2102.1,4205.3,2116.4,1385.8,9904.3,6090.4,5178.1,10736.9,9587.2,2866.5,2316.6,1915.1,1863.0,1891.2,1645.1,2668.4,512.5,2897.4,2048.8,2368.1,5874.9,2557.5,1144.2,2376.9,1663.6,5155.4,2263.4,1675.8,2558.2,2098.9,1641.0,2554.3,1402.5,1511.4,2695.7,2387.0,1741.0,1790.1,9715.7,1411.5,2378.5,1511.4,1292.0,2094.6,6500.9,2048.6,2085.4,1463.6,1145.4,11121.5,2103.0,1847.0,10445.0,3505.9,9258.9,3205.3,4972.0,5652.2,9664.5,7470.1,8151.3,9464.4,2643.4,12171.3,12381.2,30416.0,4412.7,1883.4,9930.4,3247.2,2512.0,5357.9,10459.8,1300.9,9987.6,1573.9,9573.1,5963.7,2264.5,10024.7,11459.6,2682.5,6147.4,8516.4,9823.5,13144.5,10893.1,9892.6,13481.9,11338.6,12299.4,6899.9,9126.6,3294.2,7646.9,8782.8,13859.8,16237.9,11131.8,12873.2,9853.5,12665.5,10091.7,2141.6,10408.1,2413.8,8251.8,9293.9,11167.4,7071.5,2983.5,6931.5,2832.2,4199.0,8140.3,5874.4,6807.8
65,1371.2,1130.1,2686.0,451.1,599.1,136.0,573.4,1174.8,4058.0,4957.3,2459.6,1499.6,895.0,1240.0,3170.6,5619.7,3420.1,1058.6,458.4,3671.8,3102.0,5410.6,5849.1,1305.9,6348.7,10281.3,4352.0,767.8,1193.0,3919.6,425.3,767.4,2929.5,5392.5,10306.8,1173.6,1362.3,2257.0,2667.4,887.6,73.7,1444.8,1183.1,1272.5,1278.4,856.3,1831.1,8672.6,2368.9,2281.3,8248.6,1386.2,1272.2,905.1,928.0,1286.9,1118.7,1081.9,1816.0,2195.4,2729.0,35.7,2500.4,1116.4,1289.9,1175.3,1279.8,1168.1,2649.8,279.8,1036.2,969.0,1440.1,1447.5,2953.6,1083.3,2678.4,2321.2,0.0,1031.7,772.8,1131.4,5905.5,8886.4,834.4,8886.4,3951.5,1110.2,9882.6,2115.8,4462.5,768.8,414.3,8905.6,1074.5,8174.3,8640.0,3338.9,10974.9,5285.9,9850.4,3975.6,7782.1,6300.8,1816.0,3143.4,3338.9,9850.4,5285.9,8621.6,6618.3,4308.2,3338.9,5763.6,3975.6,1234.7,3365.4,5763.6,7941.6,10959.3,10968.0,10923.7,874.7,5132.5,683.2,698.8,936.9,2786.7,10662.2,640.6,8248.6,8248.6,7670.4,7649.7,6649.4,6649.4,2841.9,2918.1,7667.6,10175.0,3365.4,2769.7,235.2,2337.6,294.8,1026.9,8122.0,4239.9,3338.9,8886.4,7782.1,1395.7,48.9,602.3,1072.9,624.0,911.2,1278.2,2370.3,1191.9,1282.4,69.3,4092.7,373.4,1439.2,944.3,889.0,3316.2,649.4,845.7,1410.0,1238.8,1027.8,1383.3,1181.0,1223.9,1219.4,770.1,683.8,1272.2,7865.2,999.6,110.7,1223.9,1260.5,1174.8,4661.7,631.2,512.3,1183.1,1297.7,9271.1,234.2,808.5,8605.8,1432.5,7453.9,3143.4,3132.8,3801.8,7946.7,5619.7,6300.8,7625.2,2697.5,10320.8,10599.0,28565.5,2545.0,483.3,8091.2,1482.1,887.6,3781.2,8609.3,1134.5,8205.4,1420.2,7790.9,4158.7,72.7,8174.3,9609.1,2718.4,4308.2,6677.2,7973.1,11362.3,9175.4,8042.1,11631.5,9499.4,10449.0,5054.4,7287.4,4932.1,5807.7,6943.6,12009.3,14387.4,9281.3,11022.7,8003.1,10815.0,8252.5,197.0,8568.9,1340.2,6412.6,7454.7,9328.2,5221.0,929.5,5086.0,2918.1,4120.0,6289.8,4023.9,4957.3
92,1169.5,196.2,1905.3,1090.8,941.4,907.0,888.0,808.3,3341.3,5348.8,1679.0,1585.3,1235.9,1515.6,3574.1,6194.7,4303.5,1681.0,840.1,2891.2,3706.1,4835.4,6402.5,557.5,6740.1,10672.8,3635.2,1553.7,241.9,4323.2,1049.5,571.6,3208.9,5783.9,9429.7,142.1,756.7,2628.8,1886.7,459.8,1086.8,1787.2,1468.2,524.1,802.3,1062.3,1343.3,9064.1,2740.7,2653.2,7531.9,898.4,1762.1,1202.2,1220.4,441.0,1091.2,687.7,2256.2,2567.2,2012.3,1026.0,1719.8,1132.6,1630.8,1458.8,943.1,1184.3,2929.2,793.6,1306.1,1309.9,1601.5,1122.2,3325.5,1163.5,1897.7,2693.1,1031.7,0.0,978.8,1121.8,5188.8,9277.9,313.9,9277.9,3234.8,1342.2,9165.9,2359.1,5015.9,510.1,967.2,9480.6,1177.1,8565.7,9031.5,2622.2,10097.8,5703.4,10241.9,4231.2,8235.9,6692.3,2256.2,3893.6,2622.2,10241.9,5703.4,9013.0,7072.1,3591.5,2622.2,6467.9,4231.2,1814.9,2648.7,6467.9,7366.4,10082.2,10090.9,10046.6,1230.6,5705.7,539.1,1041.1,1573.3,3536.9,11053.7,982.9,7531.9,7531.9,6953.7,8103.4,7040.9,7040.9,3592.1,3668.3,6950.9,10591.9,2648.7,1989.1,836.3,1620.9,776.7,1547.1,7546.8,4636.8,2622.2,9277.9,8235.9,514.8,1048.1,862.5,1196.1,907.4,1248.5,465.5,2682.3,293.3,915.9,1082.5,3517.4,1026.9,1780.1,748.5,1552.3,2599.4,1351.6,1186.6,661.6,872.3,1320.2,634.9,1521.9,1410.9,410.3,574.3,1026.1,1141.6,8256.7,1355.5,1109.9,1410.9,1958.8,808.3,3945.0,718.4,821.1,1468.2,1653.6,9846.1,837.3,1051.2,7889.0,944.7,7907.6,3893.6,2416.0,4141.5,7230.0,6194.7,6692.3,6908.5,3439.7,10712.3,10023.7,28957.0,1828.3,839.2,7374.5,765.4,459.8,3000.5,9184.4,1476.9,7630.2,1495.8,7215.7,4598.8,996.0,8565.7,10000.6,3468.7,3591.5,5960.5,8548.1,10787.1,8458.6,8617.2,12022.9,8782.7,10840.5,4337.6,6570.7,5440.8,5091.0,6226.9,12400.8,14778.9,9856.4,11414.2,8493.2,11206.5,7535.7,875.8,7852.2,687.9,5695.9,6738.0,8611.5,5612.5,416.5,4369.3,3668.3,4861.8,6681.3,4415.4,5348.8
98,684.9,1121.2,2663.9,1223.9,192.6,908.8,206.7,597.3,4298.3,5730.1,2437.5,856.3,296.1,618.1,3943.3,6392.4,3941.6,1679.3,458.4,3649.7,3121.4,5593.9,6621.9,914.5,7121.4,11054.1,4592.2,1159.7,1184.2,4692.4,1198.1,596.2,2343.8,6165.3,10188.2,1056.3,880.9,1855.4,2645.2,728.9,799.4,884.8,547.2,880.2,739.0,83.5,2233.1,9445.4,1967.3,1879.8,8488.9,1788.2,1177.4,238.8,241.7,1091.5,345.9,542.5,2588.8,1793.8,2966.0,808.5,2478.3,343.6,689.2,532.0,507.0,1940.9,2064.0,493.1,349.9,370.1,796.8,761.2,2552.0,310.5,2656.2,1919.7,772.8,978.8,0.0,358.6,6145.8,9659.2,744.5,9659.2,4207.3,423.9,10122.9,1493.9,5235.3,1344.9,594.7,9678.4,301.8,8947.0,9412.8,3579.2,10856.3,6058.7,10623.2,5188.2,8554.9,7073.6,2588.8,3345.3,3579.2,10623.2,6058.7,9394.4,7391.1,4548.5,3579.2,5883.1,5188.2,1230.2,3605.7,5883.1,8124.9,10840.7,10849.4,10805.1,541.4,5905.3,1373.4,169.8,1025.0,2988.6,11435.0,192.8,8488.9,8488.9,7910.7,8422.5,7422.2,7422.2,3043.8,3120.0,7907.9,10947.7,3605.7,2747.6,537.6,2606.4,552.0,962.3,8305.3,5012.7,3579.2,9659.2,8554.9,1273.3,752.2,179.1,300.1,158.2,298.8,1068.2,1817.1,1183.1,585.0,803.7,4275.9,1146.2,838.5,629.4,1004.0,3556.4,1393.2,298.3,980.6,635.1,341.5,976.7,580.2,580.6,1054.3,598.9,306.2,585.9,8638.0,740.4,814.0,580.6,1410.4,597.3,4902.0,260.4,330.3,547.2,1011.1,10043.9,538.6,162.9,8846.0,1834.4,8226.7,3345.3,3373.0,4574.5,8065.5,6392.4,7073.6,7865.5,2891.3,11093.6,10782.2,29338.3,2813.8,440.0,8331.5,1616.8,728.9,3759.0,9382.1,629.6,8388.7,776.9,7974.2,4931.5,700.1,8947.0,10381.9,2920.3,4548.5,6917.5,8745.9,11545.6,9294.2,8814.9,12404.2,9739.7,11221.8,5300.9,7527.7,4800.0,6048.0,7183.9,12782.1,15160.2,10054.1,11795.5,8775.9,11587.8,8492.7,577.2,8809.2,840.4,6652.9,7695.0,9568.5,5993.8,1277.4,5332.6,3120.0,4339.1,7062.6,4796.7,5730.1
100,405.1,1095.2,2493.0,1582.5,551.2,1267.4,565.3,318.3,4127.4,6379.3,2266.6,774.6,465.0,704.9,4301.9,6980.9,4300.1,2038.0,817.0,3478.8,3330.2,5423.1,6980.5,727.1,7770.7,11703.3,4421.4,1518.2,1136.1,5051.0,1556.7,720.8,2398.2,6523.9,10017.4,998.7,639.6,2000.4,2474.3,862.2,1158.0,995.6,658.1,710.6,545.0,317.2,2101.3,10094.6,2112.3,2024.8,8318.0,1711.6,1386.2,399.9,402.8,922.0,41.7,435.1,2947.4,1934.0,2795.2,1167.1,2307.4,71.7,800.0,642.9,194.6,2259.8,2118.5,851.7,428.3,539.0,790.8,481.4,2697.1,107.6,2485.3,2064.7,1131.4,1121.8,358.6,0.0,5974.9,10308.5,989.5,10308.5,4036.4,464.4,9952.0,1548.4,5593.9,1597.6,953.3,10266.8,101.6,9596.3,10062.1,3408.3,10685.4,6489.6,11272.4,5017.4,8913.5,7785.4,2947.4,3588.5,3408.3,11272.4,6489.6,10043.6,7749.7,4377.6,3408.3,6091.9,5017.4,1439.0,3434.8,6091.9,7954.0,10669.9,10678.5,10634.3,775.4,6491.9,1660.7,528.4,1373.1,3218.0,12084.2,551.4,8318.0,8318.0,7739.8,8781.0,8071.4,8071.4,3273.1,3349.4,7737.0,11378.0,3434.8,2576.7,896.2,2435.5,910.6,1174.1,8134.5,5422.9,3408.3,10308.5,8913.5,1096.7,1110.8,537.7,226.0,516.8,467.7,898.6,1871.6,1192.3,272.6,1162.3,4105.1,1504.8,949.3,600.7,1352.2,3385.6,1751.8,507.3,790.9,322.7,434.8,787.1,691.1,600.2,925.9,720.9,664.8,306.0,9287.3,947.1,1172.7,600.2,1625.7,318.3,4731.1,619.0,688.9,658.1,1197.5,10632.3,897.2,437.2,8675.2,1736.1,8585.3,3588.5,3202.2,4927.6,7894.7,6980.9,7785.4,7694.6,3113.7,11742.9,10611.4,29987.5,2642.9,798.6,8160.6,1477.4,862.2,3588.1,9970.5,798.5,8217.8,695.2,7803.3,5290.1,1058.7,9596.3,11031.1,3149.7,4377.6,6746.6,9334.2,11374.7,9123.3,9403.3,13053.5,9568.8,11871.0,5130.1,7356.8,4968.9,5877.1,7013.0,13431.4,15809.5,10642.5,12444.7,9279.3,12237.0,8321.9,935.8,8638.3,650.8,6482.0,7524.1,9397.6,6352.4,1436.9,5161.8,3349.4,4582.2,7766.7,5446.0,6379.3
105,5978.4,4992.6,4541.8,5921.0,6150.5,5780.8,6097.2,5661.8,2983.1,3308.7,4315.4,6365.9,6273.9,6362.3,5873.6,3889.2,7223.2,6041.9,5926.3,3563.2,7928.7,3646.9,8832.1,5275.6,4700.0,7793.5,2396.9,6558.6,5041.7,6241.5,5879.7,5726.3,8055.2,4318.0,6067.3,5095.9,5418.7,7731.4,4523.1,5468.3,5960.6,6659.6,6314.9,5275.0,5495.1,6239.0,5328.0,6873.6,7801.9,7755.7,3121.9,4935.8,6848.2,6208.7,6211.7,5066.2,5944.7,5642.2,5068.2,7617.3,3504.0,5899.8,4254.6,5986.1,6477.6,6305.5,5796.7,5628.9,7775.5,5879.7,6159.2,6347.9,6448.1,5901.6,8377.1,6016.6,4534.1,7744.7,5905.5,5188.8,6145.8,5974.9,0.0,7087.8,5400.0,7087.8,2698.4,6195.4,4327.2,7205.4,7671.9,5164.4,6053.3,5822.9,6030.3,6334.1,6856.7,2661.0,6735.4,2044.6,7436.5,2657.8,10251.5,4714.7,5068.2,7525.8,2661.0,7436.5,2044.6,6849.4,9087.7,2550.4,2661.0,10269.7,2657.8,6901.1,2797.0,10269.7,4608.5,6719.8,6728.4,6684.2,6316.7,3400.2,5247.4,6250.3,6659.4,7646.2,8439.3,6192.1,3121.9,3121.9,3318.1,10119.0,4814.7,4814.7,7605.4,7626.3,3315.2,6565.6,2797.0,4251.3,5922.4,3627.9,5862.8,6633.2,4798.2,2407.6,2661.0,7087.8,10251.5,4893.2,5954.4,6071.7,6049.2,6116.6,6276.6,5081.8,7528.6,4897.5,5769.4,5956.3,3385.6,5857.1,6625.7,5795.0,6638.5,2747.8,6251.4,6316.2,5259.8,5725.8,6242.3,5245.8,6369.6,6257.6,5145.6,5725.3,6235.3,5994.7,6025.1,6441.6,6015.5,6257.6,7044.9,5661.8,2246.4,5927.5,6052.8,6314.9,6739.8,6347.9,5923.4,6260.4,3516.9,4962.8,9923.3,7525.8,3197.6,2732.8,3611.7,3889.2,4714.7,3272.9,7524.3,8174.0,7265.9,23309.1,3413.0,5925.3,3547.0,4684.0,5468.3,4047.6,5464.1,6607.4,4881.6,6253.6,4383.6,6773.4,5978.2,6334.1,7445.3,7545.2,2550.4,1583.0,4996.5,7673.7,4390.1,5067.6,8719.1,3943.9,8216.0,1735.9,2169.7,9846.0,662.1,2403.4,9696.8,11942.1,6502.1,8789.8,4466.9,7707.1,3271.1,5961.9,3407.1,5395.4,1271.2,2328.1,4341.1,3884.0,5139.2,1701.2,7626.3,7781.5,4696.0,2646.8,3308.7
169,10312.0,9326.1,8875.4,8436.6,9485.5,8761.7,9459.8,9995.4,6301.8,3929.1,8649.0,10699.4,9781.4,10126.4,8318.7,3353.3,9668.3,8487.0,9344.8,9041.7,10373.8,10034.1,7965.3,9609.1,2732.3,1395.5,6305.5,9136.5,9375.3,8686.6,8472.6,9496.4,11391.3,4188.5,11749.5,9429.5,9752.3,10672.6,8856.7,9801.9,8941.5,10331.2,10069.5,9608.6,9828.6,9742.7,8197.9,287.1,10784.5,10697.0,8621.2,8613.5,9628.7,9791.5,9814.5,9399.7,10278.3,9975.8,7513.3,10611.1,8225.0,8880.8,8689.8,10319.6,10176.3,10061.7,10130.2,8500.5,11111.6,9166.2,9922.6,9855.4,10326.5,10235.1,11286.1,9969.7,8867.7,10736.9,8886.4,9277.9,9659.2,10308.5,7087.8,0.0,9273.1,0.0,8137.3,9996.6,4725.8,11002.2,10117.0,8998.0,9300.8,1383.9,9961.0,753.7,260.6,7221.8,12417.5,5280.9,964.6,5341.8,6643.6,2943.7,7513.3,9970.9,7221.8,964.6,5280.9,278.1,5887.7,6260.6,7221.8,12714.8,5341.8,9551.7,7357.7,12714.8,10683.6,12402.0,12410.6,12366.4,9761.1,3916.3,8912.4,9585.2,9429.7,10091.3,1776.4,9527.0,8621.2,8621.2,9239.6,6233.8,2289.4,2289.4,10050.5,10071.4,9309.9,1972.7,7357.7,8847.1,9121.6,8002.9,9181.2,9780.1,10878.5,4957.0,7221.8,0.0,6643.6,9226.8,8935.3,9488.7,9959.3,9510.4,9797.6,9415.4,10891.7,9231.1,10102.9,8937.2,9354.5,8527.3,10325.6,9673.3,9360.5,7308.5,8609.0,9732.1,9593.3,10059.4,9914.3,9579.4,10067.4,10110.3,9479.2,9499.1,9570.2,10328.3,1115.8,9886.0,8996.5,10110.3,9522.2,9995.4,6091.4,9517.6,9398.7,10069.5,10069.2,1000.1,9120.7,9694.9,9016.2,8511.6,6298.0,9970.9,7112.9,5432.1,9514.4,3353.3,2943.7,9277.2,9969.4,1435.1,13341.0,19679.7,7783.8,9369.7,9207.0,9017.5,9801.9,9526.1,1740.3,10020.9,10961.8,10587.1,10458.6,7116.3,8959.1,753.7,723.4,9990.3,6260.6,8055.8,2102.2,13355.9,9956.9,2004.8,2745.7,5422.3,1563.2,8509.5,8503.1,12291.1,7435.8,8830.8,3123.6,5501.7,931.7,2136.9,2648.2,1929.2,8931.0,9083.5,8906.4,9729.0,7395.0,7793.3,9907.9,3983.0,9158.7,8474.9,10071.4,10226.6,2884.6,4862.5,3929.1
111,1040.7,432.2,2082.1,1068.0,707.1,883.0,653.8,676.0,3552.6,5343.9,1855.7,1453.0,1001.6,1333.5,3569.3,6006.3,4101.4,1658.2,605.9,3067.9,3471.9,5012.1,6379.7,471.7,6735.3,10668.0,3846.5,1319.4,477.9,4318.3,1026.7,336.8,3059.2,5779.1,9606.5,378.1,670.9,2394.6,2063.4,215.6,856.8,1552.9,1262.6,438.3,689.5,828.0,1568.2,9059.3,2506.5,2418.9,7743.1,1123.3,1527.9,968.0,986.1,506.7,958.9,555.5,2251.4,2333.0,2384.2,870.2,1896.5,1000.3,1396.5,1247.5,810.9,1301.9,2779.4,559.4,1094.3,1075.7,1469.2,993.5,3091.2,1031.2,2074.4,2458.8,834.4,313.9,744.5,989.5,5400.0,9273.1,0.0,9273.1,3446.1,1168.3,9377.2,2209.3,4993.1,718.5,733.0,9292.2,1044.8,8560.9,9026.7,2833.5,10274.5,5914.7,10237.0,4442.5,8231.1,6687.5,2251.4,3659.4,2833.5,10237.0,5914.7,9008.2,7067.3,3802.8,2833.5,6233.6,4442.5,1580.7,2859.9,6233.6,7543.1,10258.9,10267.6,10223.4,996.4,5519.1,747.2,806.9,1339.1,3302.7,11048.9,748.7,7743.1,7743.1,7165.0,8098.6,7036.1,7036.1,3357.8,3434.1,7162.1,10561.6,2859.9,2165.8,602.0,1832.2,542.4,1312.8,7723.5,4848.0,2833.5,9273.1,8231.1,691.5,813.9,628.3,1044.6,673.2,1014.2,483.3,2507.9,518.2,783.6,861.1,3694.2,1004.1,1545.8,510.3,1318.1,2810.7,1328.8,952.4,575.7,740.0,1085.9,549.1,1287.6,1278.6,446.7,335.9,791.9,1009.3,8251.9,1121.3,875.7,1278.6,1724.5,676.0,4156.3,484.1,586.8,1262.6,1419.4,9657.7,603.0,817.0,8100.3,1169.5,7902.8,3659.4,2627.3,4352.7,7483.7,6006.3,6687.5,7119.7,3205.4,10707.5,10200.5,28952.2,2039.5,604.9,7585.7,976.6,215.6,3177.2,8996.0,1242.6,7806.9,1367.0,7392.4,4594.0,761.7,8560.9,9995.8,3234.4,3802.8,6171.7,8359.7,10963.8,8712.4,8428.8,12018.1,8993.9,10835.6,4548.9,6781.9,5206.6,5302.2,6438.1,12396.0,14774.1,9668.0,11409.3,8704.5,11201.6,7747.0,641.6,8063.4,602.1,5907.2,6949.3,8822.8,5607.6,625.2,4580.6,3434.1,4653.1,6676.5,4410.6,5343.9
170,10312.0,9326.1,8875.4,8436.6,9485.5,8761.7,9459.8,9995.4,6301.8,3929.1,8649.0,10699.4,9781.4,10126.4,8318.7,3353.3,9668.3,8487.0,9344.8,9041.7,10373.8,10034.1,7965.3,9609.1,2732.3,1395.5,6305.5,9136.5,9375.3,8686.6,8472.6,9496.4,11391.3,4188.5,11749.5,9429.5,9752.3,10672.6,8856.7,9801.9,8941.5,10331.2,10069.5,9608.6,9828.6,9742.7,8197.9,287.1,10784.5,10697.0,8621.2,8613.5,9628.7,9791.5,9814.5,9399.7,10278.3,9975.8,7513.3,10611.1,8225.0,8880.8,8689.8,10319.6,10176.3,10061.7,10130.2,8500.5,11111.6,9166.2,9922.6,9855.4,10326.5,10235.1,11286.1,9969.7,8867.7,10736.9,8886.4,9277.9,9659.2,10308.5,7087.8,0.0,9273.1,0.0,8137.3,9996.6,4725.8,11002.2,10117.0,8998.0,9300.8,1383.9,9961.0,753.7,260.6,7221.8,12417.5,5280.9,964.6,5341.8,6643.6,2943.7,7513.3,9970.9,7221.8,964.6,5280.9,278.1,5887.7,6260.6,7221.8,12714.8,5341.8,9551.7,7357.7,12714.8,10683.6,12402.0,12410.6,12366.4,9761.1,3916.3,8912.4,9585.2,9429.7,10091.3,1776.4,9527.0,8621.2,8621.2,9239.6,6233.8,2289.4,2289.4,10050.5,10071.4,9309.9,1972.7,7357.7,8847.1,9121.6,8002.9,9181.2,9780.1,10878.5,4957.0,7221.8,0.0,6643.6,9226.8,8935.3,9488.7,9959.3,9510.4,9797.6,9415.4,10891.7,9231.1,10102.9,8937.2,9354.5,8527.3,10325.6,9673.3,9360.5,7308.5,8609.0,9732.1,9593.3,10059.4,9914.3,9579.4,10067.4,10110.3,9479.2,9499.1,9570.2,10328.3,1115.8,9886.0,8996.5,10110.3,9522.2,9995.4,6091.4,9517.6,9398.7,10069.5,10069.2,1000.1,9120.7,9694.9,9016.2,8511.6,6298.0,9970.9,7112.9,5432.1,9514.4,3353.3,2943.7,9277.2,9969.4,1435.1,13341.0,19679.7,7783.8,9369.7,9207.0,9017.5,9801.9,9526.1,1740.3,10020.9,10961.8,10587.1,10458.6,7116.3,8959.1,753.7,723.4,9990.3,6260.6,8055.8,2102.2,13355.9,9956.9,2004.8,2745.7,5422.3,1563.2,8509.5,8503.1,12291.1,7435.8,8830.8,3123.6,5501.7,931.7,2136.9,2648.2,1929.2,8931.0,9083.5,8906.4,9729.0,7395.0,7793.3,9907.9,3983.0,9158.7,8474.9,10071.4,10226.6,2884.6,4862.5,3929.1
232,4039.9,3038.6,2541.8,3967.1,4212.0,3826.8,4158.7,3723.3,1877.7,4208.1,2376.6,4427.4,4335.4,4423.8,5892.1,4809.7,7162.4,4539.9,3972.3,1145.3,6838.3,1939.9,8850.6,3337.1,5599.5,9532.1,2084.9,4604.6,3087.8,6260.0,3925.7,3787.8,6116.8,4956.0,6416.8,3142.0,3480.2,5792.9,2594.4,3529.9,4006.6,4721.1,4376.4,3336.6,3556.6,4300.5,3374.0,7923.5,5863.4,5817.2,4847.3,2981.8,4894.2,4270.3,4273.2,3127.7,4006.2,3703.8,5105.6,5678.9,1378.3,3945.9,2372.6,4047.6,4539.1,4367.1,3858.2,3674.9,5837.0,3925.8,4220.7,4409.4,4509.7,3963.1,6438.6,4078.1,2550.2,5806.2,3951.5,3234.8,4207.3,4036.4,2698.4,8137.3,3446.1,8137.3,0.0,4256.9,6590.1,5266.9,7874.8,3210.4,4099.3,8024.7,4091.8,7425.1,7890.9,1054.9,7084.8,4114.1,9101.2,2846.2,10270.0,5614.2,5105.6,6980.3,1054.9,9101.2,4114.1,7872.4,9106.2,2041.1,1054.9,9600.5,2846.2,4947.1,1071.8,9600.5,4663.1,7069.3,7077.9,7033.7,4362.8,4320.7,3293.5,4311.8,4705.5,6623.6,9913.0,4253.6,4847.3,4847.3,3780.4,10137.5,5900.2,5900.2,6678.7,6755.0,3777.5,8767.4,1071.8,2040.4,3968.4,1613.9,3908.8,4679.2,4852.8,3251.7,1054.9,8137.3,10270.0,2954.7,4000.4,4133.2,4110.8,4178.1,4338.1,3143.3,5590.1,2943.6,3830.9,4002.3,1293.0,3903.1,4687.2,3856.5,4684.5,1022.6,4297.4,4377.7,3321.3,3787.3,4303.9,3307.3,4431.2,4319.1,3207.1,3786.8,4296.8,4056.2,7116.1,4487.7,4061.6,4319.1,5090.9,3723.3,2394.6,3989.0,4114.3,4376.4,4785.8,8461.1,3969.4,4321.9,4715.7,3008.8,9941.7,6980.3,1463.0,2756.4,4056.6,4809.7,5614.2,3735.1,6534.4,9571.7,7320.5,27816.3,1434.7,3971.3,4201.1,2730.0,3529.9,1629.7,7665.9,4668.9,4936.2,4315.1,4438.2,6791.9,4024.2,7425.1,8860.0,6555.3,2041.1,3275.9,7163.1,8023.2,5285.3,7232.1,10920.9,6206.8,9699.8,1114.7,3864.8,8573.0,2406.4,3053.5,11260.2,13638.3,8471.3,10273.5,6668.7,9908.9,4362.4,4008.0,4678.8,3456.9,3011.3,4053.4,5438.2,4774.8,3185.2,1146.3,6755.0,7720.7,5595.5,3274.8,4208.1
112,444.9,1315.7,2713.5,1561.2,521.0,1246.2,566.9,538.8,4347.9,6067.5,2487.1,516.5,270.2,278.3,4280.7,6729.9,4144.9,1882.7,786.3,3699.3,3135.4,5643.5,6959.3,947.6,7458.8,11391.5,4641.9,1363.0,1356.5,5029.8,1535.5,941.3,2004.0,6502.6,10237.8,1219.1,860.0,1549.8,2694.8,1082.7,1136.8,545.0,207.4,931.1,765.5,376.7,2321.8,9782.8,1661.7,1574.1,8538.5,1932.1,1191.4,205.1,208.0,1142.4,503.1,655.6,2926.2,1483.4,3015.6,1145.9,2527.9,492.4,349.4,192.2,415.1,2278.3,1724.2,830.5,123.3,294.2,457.0,521.2,2246.4,409.5,2705.8,1614.0,1110.2,1342.2,423.9,464.4,6195.4,9996.6,1168.3,9996.6,4256.9,0.0,10172.5,1154.1,5572.7,1768.6,828.8,10015.8,445.4,9284.5,9750.2,3628.8,10905.9,6710.0,10960.6,5237.8,8892.3,7411.0,2926.2,3393.7,3628.8,10960.6,6710.0,9731.8,7728.5,4598.1,3628.8,5897.1,5237.8,1244.2,3655.3,5897.1,8174.5,10890.3,10899.0,10854.8,580.6,6242.7,1797.1,439.4,1193.8,3023.2,11772.4,491.5,8538.5,8538.5,7960.3,8759.9,7759.6,7759.6,3078.3,3154.6,7957.4,11598.5,3655.3,2797.2,875.0,2656.0,889.4,979.3,8354.9,5643.4,3628.8,9996.6,8892.3,1317.2,1089.6,602.8,304.3,568.9,272.9,1119.0,1477.3,1412.8,493.1,1141.1,4325.5,1483.6,498.7,821.1,1172.8,3606.0,1695.3,312.5,1011.4,543.1,127.7,1007.5,240.5,240.8,1146.4,941.4,496.2,345.9,8975.4,752.3,1151.4,240.8,1430.9,538.8,4951.6,684.2,754.1,207.4,1002.7,10381.3,876.0,393.8,8895.6,1956.6,8564.1,3393.7,3422.6,5148.1,8115.1,6729.9,7411.0,7915.1,2918.9,11431.0,10831.9,29675.7,2863.4,754.0,8381.1,1697.8,1082.7,3808.6,9719.5,603.7,8438.3,437.1,8023.8,5268.9,1037.5,9284.5,10719.3,2954.9,4598.1,6967.1,9083.2,11595.2,9343.8,9152.3,12741.6,9789.3,11559.1,5350.5,7577.3,4623.6,6097.6,7233.4,13119.5,15497.6,10391.5,12132.9,9499.8,11925.2,8542.3,914.6,8858.8,871.2,6702.5,7744.6,9618.1,6331.2,1657.3,5382.2,3154.6,4387.5,7400.0,5134.1,6067.5
113,9955.5,8969.7,8519.0,9228.9,10127.7,9757.9,10074.4,9638.9,6610.9,5269.0,8292.6,10343.0,10251.0,10339.5,9111.0,5349.7,10460.6,9279.4,9903.4,7457.3,11166.1,7541.1,10948.6,9252.7,5517.7,5114.3,6024.7,9928.8,9018.9,9478.9,9265.0,9703.4,12032.4,6471.3,7712.5,9073.1,9395.9,11708.5,8500.3,9445.5,9937.8,10636.7,10292.0,9252.2,9472.2,10216.2,9305.1,5032.4,11779.0,11732.9,5161.9,8912.9,10825.4,10185.9,10188.8,9043.3,9921.9,9619.4,8305.6,11594.5,7481.2,9877.0,8231.7,9963.2,10454.7,10282.7,9773.8,9606.1,11752.6,9856.9,10136.4,10325.1,10425.3,9878.7,12354.2,9993.7,8511.3,11721.8,9882.6,9165.9,10122.9,9952.0,4327.2,4725.8,9377.2,4725.8,6590.1,10172.5,0.0,11182.5,10909.3,9141.5,10030.5,3524.5,10007.4,4680.5,4986.6,6638.2,8380.6,4534.6,4796.8,5908.2,9627.0,5729.1,8305.6,10763.2,6638.2,4796.8,4534.6,5004.1,8871.1,6178.3,6638.2,13507.1,5908.2,10878.2,6774.1,13507.1,7224.2,8365.0,8373.6,8329.4,10293.9,5183.7,9224.6,10227.4,10636.6,10883.6,5909.5,10169.2,5161.9,5161.9,5780.3,9217.1,5057.5,5057.5,10842.8,10863.8,5850.6,3621.2,6774.1,8228.5,9899.5,7605.1,9839.9,10610.3,7419.1,5509.9,6638.2,4725.8,9627.0,8870.4,9931.5,10048.9,10026.4,10093.7,10253.7,9059.0,11505.7,8874.7,9746.5,9933.4,7279.7,9834.2,10602.9,9772.1,10615.6,6724.9,9401.3,10293.3,9236.9,9703.0,10219.5,9223.0,10346.8,10234.7,9122.8,9702.4,10212.4,9971.9,4831.8,10418.8,9992.7,10234.7,10314.6,9638.9,5874.3,9904.7,10029.9,10292.0,10716.9,3810.7,9900.5,10237.6,4781.9,8940.0,9281.3,10763.2,7088.6,6360.6,6055.1,5349.7,5729.1,5817.9,10761.7,5774.4,9479.9,19152.3,7390.1,9902.4,5747.6,8661.1,9445.5,7941.8,3516.9,10584.5,7502.5,10230.7,6999.3,10010.9,9955.3,4680.5,5029.4,10782.6,6178.3,4633.7,3693.0,8943.6,5847.1,3601.2,5618.4,696.5,5569.7,5630.0,5044.5,13083.4,4283.1,5408.8,6733.4,8872.6,3942.7,6143.4,3442.5,4516.1,5268.5,9939.1,4848.2,9372.6,3995.6,4334.7,5291.9,6020.3,9116.3,5595.3,10863.8,11018.9,5670.0,5739.7,5269.0
119,1278.1,2332.6,3723.5,2566.9,1526.6,2251.8,1572.6,1555.7,5357.9,7073.1,3497.1,855.9,1259.5,899.4,5286.4,7735.5,4748.7,2624.8,1766.9,4709.3,2846.8,6653.6,7765.1,1958.0,8464.5,12397.1,5651.9,2041.8,2367.0,6035.4,2541.1,1958.2,975.3,7508.3,11247.9,2236.0,1792.7,845.1,3704.8,2099.5,2142.4,715.7,957.7,1941.5,1743.4,1475.4,3331.8,10788.4,855.0,826.5,9548.5,2942.5,1554.8,1262.9,1285.9,2152.8,1587.0,1672.5,3931.9,695.1,4025.7,2151.6,3537.9,1576.4,911.2,981.3,1431.9,3283.9,695.6,1836.2,1235.2,1171.4,773.8,1341.1,1301.7,1508.2,3715.8,797.8,2115.8,2359.1,1493.9,1548.4,7205.4,11002.2,2209.3,11002.2,5266.9,1154.1,11182.5,0.0,6224.5,2809.7,1809.4,11021.4,1544.2,10290.1,10755.9,4638.8,11915.9,7720.1,11966.2,6247.9,9898.0,8416.6,3931.9,3685.9,4638.8,11966.2,7720.1,10737.4,8734.1,5608.1,4638.8,5247.7,6247.9,1613.3,4665.3,5247.7,9184.5,11900.4,11909.0,11864.8,1389.5,7248.3,2799.0,1445.0,1869.3,3310.8,12778.0,1497.1,9548.5,9548.5,8970.3,9765.5,8765.2,8765.2,3366.0,3403.8,8967.5,12608.5,4665.3,3807.2,1880.7,3666.0,1895.0,1539.9,9365.0,6653.4,4638.8,11002.2,9898.0,2327.6,2095.2,1606.3,1403.1,1574.5,1218.6,2129.5,405.2,2429.7,1509.9,2146.8,5335.6,2489.2,762.4,1838.0,1848.3,4616.1,2596.2,1318.1,1963.8,1560.0,1181.1,1960.0,997.0,978.0,2156.8,1958.2,1476.8,1251.2,9981.1,1314.5,2157.1,978.0,1629.4,1555.7,5961.6,1725.2,1795.1,957.7,1114.4,11386.9,1881.7,1434.9,9905.7,2966.6,9569.7,3685.9,4432.7,6158.1,9125.2,7735.5,8416.6,8925.1,3206.5,12436.6,11841.9,30681.3,3873.4,1734.6,9391.1,2708.3,2099.5,4818.6,10725.1,1036.7,9448.3,979.5,9033.8,6274.5,2043.1,10290.1,11724.9,3242.6,5608.1,7977.1,10088.9,12605.2,10353.8,10158.0,13747.3,10799.3,12564.8,6360.6,8587.3,3901.9,7107.6,8243.5,14125.1,16503.2,11397.1,13138.5,10509.8,12930.8,9552.4,1920.2,9868.8,1857.8,7712.5,8754.6,10628.1,7336.8,2674.2,6392.2,3403.8,4679.7,8405.6,6139.8,7073.1
218,5833.7,5114.3,6609.3,4012.7,5061.6,4337.8,5035.9,5616.3,5854.9,6187.9,6382.9,5962.1,5357.5,5702.5,2039.1,6850.2,1604.5,3905.4,4920.9,7595.1,3700.4,9333.9,2886.9,5464.6,7579.2,11511.9,5994.3,4351.2,5177.2,2451.4,4048.8,5209.0,5975.3,6623.0,13425.1,5157.8,5674.5,5600.4,6590.6,5195.6,4517.6,5900.2,5645.7,5431.2,5667.9,5318.8,4968.8,9903.2,5669.1,5604.4,10479.7,5278.4,4793.3,5367.6,5390.6,5391.2,5581.2,5523.4,2991.2,5662.7,6652.3,4456.9,6423.7,5578.9,5752.4,5637.9,5742.3,4543.9,5977.3,4742.4,5498.7,5431.5,5902.6,5910.0,5800.4,5545.9,6601.6,5788.5,4462.5,5015.9,5235.3,5593.9,7671.9,10117.0,4993.1,10117.0,7874.8,5572.7,10909.3,6224.5,0.0,4742.1,4876.9,10136.2,5537.1,9404.8,9870.6,6791.8,14093.1,6516.5,11081.0,5206.2,5801.7,7531.4,2991.2,2722.9,6791.8,11081.0,6516.5,9852.1,4637.9,5949.4,6791.8,4611.7,5206.2,4716.3,6896.0,4611.7,11966.3,14077.5,14086.2,14042.0,5237.1,6363.1,4656.5,5161.3,4637.7,3098.0,11892.8,5103.1,10479.7,10479.7,10675.9,5669.2,7880.0,7880.0,3057.2,3078.2,10673.0,11405.5,6896.0,6693.0,4697.8,6260.9,4757.3,5044.7,12156.0,5470.4,6791.8,10117.0,5801.7,5379.9,4511.4,5064.9,5535.4,5086.5,5373.8,5415.7,5977.9,5154.8,5723.9,4513.3,8015.9,4103.4,5911.2,5385.8,4681.5,6846.8,4024.8,5308.3,5568.6,5680.4,5490.4,5542.0,5643.5,5686.4,5395.8,5211.6,5146.3,5734.7,9095.8,5294.9,4572.6,5686.4,4601.2,5616.3,5780.1,5093.7,4974.8,5645.7,5249.8,10501.6,4696.8,5271.1,10874.6,5324.6,5473.4,2722.9,6492.4,5032.3,10969.5,6850.2,7531.4,10630.6,3203.3,11551.4,14623.6,29796.1,6468.3,4945.8,10904.8,5405.3,5195.6,7704.4,9839.9,5589.9,12239.4,5882.7,11741.3,2307.9,4535.2,9404.8,10839.7,3172.7,5949.4,8940.8,9203.6,15031.5,11747.9,9272.7,12862.0,10526.1,11679.5,8660.4,9527.5,5085.6,8019.9,9761.1,13239.9,15618.0,10511.9,12253.3,9233.6,12045.5,10628.8,4659.6,10764.8,5595.0,8600.3,9685.8,11698.9,6451.6,4902.8,8652.1,3078.2,1778.3,7520.4,5254.5,6187.9
171,1645.4,502.4,1945.0,817.1,1307.5,644.1,1254.1,1284.1,3316.9,5068.8,1718.6,2061.2,1602.0,1933.8,3294.2,5731.2,4029.7,1407.2,1198.0,2930.8,3756.1,4669.6,6128.7,989.5,6460.2,10392.8,3610.9,1421.9,551.5,4043.2,775.8,937.7,3576.2,5504.0,9565.8,605.8,1188.7,2903.7,1926.3,898.9,823.9,2153.2,1863.0,956.1,1234.3,1428.4,1061.8,8784.1,3015.6,2928.1,7507.5,616.9,1918.9,1568.3,1586.5,755.9,1567.1,1163.6,1976.2,2842.1,1988.0,763.1,1759.4,1608.4,1996.9,1847.8,1419.0,740.3,3296.5,1048.6,1694.6,1676.0,2077.3,1598.1,3600.3,1639.3,1937.3,2968.0,768.8,510.1,1344.9,1597.6,5164.4,8998.0,718.5,8998.0,3210.4,1768.6,9141.5,2809.7,4742.1,0.0,1183.1,9017.1,1646.6,8285.8,8751.6,2597.8,10233.8,5397.5,9961.9,4206.9,7955.9,6412.4,1976.2,3797.5,2597.8,9961.9,5397.5,8733.1,6792.1,3567.2,2597.8,6417.7,4206.9,1888.8,2624.3,6417.7,7200.5,10218.3,10226.9,10182.7,1588.4,5244.0,85.6,1407.2,1583.7,3440.8,10773.7,1349.0,7507.5,7507.5,6929.4,7823.5,6760.9,6760.9,3496.0,3572.2,6926.5,10286.5,2624.3,2028.7,1004.0,1596.5,1063.5,1673.6,7381.0,4351.4,2597.8,8998.0,7955.9,668.5,817.6,1228.6,1645.0,1273.5,1614.6,780.5,3017.1,412.8,1391.7,819.5,3351.6,753.1,2146.2,1114.6,1543.2,2575.1,1088.6,1552.7,1071.9,1348.2,1686.3,1045.2,1888.0,1896.4,760.6,940.4,1392.2,1617.4,7976.8,1713.3,878.8,1896.4,1914.6,1284.1,3920.7,1084.4,1178.9,1863.0,1955.8,9382.6,1003.0,1417.3,7864.7,663.1,7627.7,3797.5,2391.7,3855.4,7205.6,5731.2,6412.4,6884.1,3351.6,10432.4,9857.9,28677.0,1803.9,1197.0,7350.1,741.0,898.9,3040.1,8720.8,1843.0,7464.3,1971.6,7049.8,4318.9,841.4,8285.8,9720.6,3372.6,3567.2,5936.1,8084.6,10621.2,8434.3,8153.7,11743.0,8758.3,10560.5,4313.3,6546.3,5586.2,5066.6,6202.5,12120.9,14499.0,9392.8,11134.2,8114.6,10926.5,7511.4,965.8,7827.8,1119.9,5671.6,6713.7,8587.2,5332.5,160.8,4344.9,3572.2,4588.0,6401.4,4135.5,5068.8
73,1089.8,1109.7,2767.4,865.4,421.0,550.3,395.3,1073.3,4205.9,5371.6,2541.0,1218.2,613.6,958.6,3584.9,6034.0,3408.9,1146.7,144.5,3753.2,2836.2,5697.4,6263.5,1204.5,6763.0,10695.6,4499.8,627.0,1172.6,4333.9,839.6,666.0,2549.5,5806.8,10291.8,1088.2,1260.8,1876.9,2748.7,786.1,440.9,1093.8,901.8,1171.1,1176.9,678.2,2245.4,9086.9,1988.8,1901.3,8396.4,1800.5,892.2,623.7,646.7,1185.4,940.6,980.5,2230.4,1815.4,2876.9,450.1,2581.8,938.3,1008.5,893.9,1052.2,1582.5,2269.8,173.7,754.8,687.6,1158.7,1166.1,2573.6,905.2,2759.7,1941.2,414.3,967.2,594.7,953.3,6053.3,9300.8,733.0,9300.8,4099.3,828.8,10030.5,1809.4,4876.9,1183.1,0.0,9319.9,896.4,8588.6,9054.4,3486.8,10959.8,5700.3,10264.7,4389.9,8196.5,6715.1,2230.4,2976.6,3486.8,10264.7,5700.3,9035.9,7032.7,4456.1,3486.8,5596.8,4389.9,945.0,3513.2,5596.8,8228.4,10944.2,10952.9,10908.6,495.5,5546.8,1097.5,490.3,656.3,2619.9,11076.5,458.1,8396.4,8396.4,7818.3,8064.0,7063.7,7063.7,2675.1,2751.3,7815.4,10589.3,3513.2,2851.1,179.2,2485.4,200.2,646.9,8408.8,4654.2,3486.8,9300.8,8196.5,1376.8,393.8,424.2,810.8,445.9,629.8,1176.8,1990.3,1171.5,1130.2,445.3,4379.4,787.7,1104.8,842.9,635.4,3464.0,959.2,516.6,1308.5,1137.4,746.5,1281.9,899.6,942.5,1117.9,668.6,350.9,990.8,8279.6,620.4,455.6,942.5,1041.8,1073.3,4809.6,481.8,362.9,901.8,903.7,9685.4,180.2,627.9,8753.6,1846.8,7868.2,2976.6,3280.6,4216.1,8094.5,6034.0,6715.1,7773.0,2522.7,10735.1,10885.8,28979.8,2692.8,211.7,8239.0,1629.9,786.1,3862.5,9023.6,783.6,8492.2,1138.8,8077.7,4573.0,341.6,8588.6,10023.5,2551.7,4456.1,6825.0,8387.4,11649.1,9323.2,8456.5,12045.8,9647.2,10863.3,5202.2,7435.2,4613.5,5955.6,7091.4,12423.6,14801.8,9695.6,11437.0,8417.4,11229.3,8400.3,218.7,8716.7,1238.7,6560.5,7602.6,9476.1,5635.3,1257.6,5233.9,2751.3,3970.4,6704.1,4438.3,5371.6
77,10270.3,9284.5,8833.7,8455.8,9504.7,8780.9,9479.0,9953.7,6260.1,3948.3,8607.3,10657.8,9800.6,10145.6,8337.9,3285.9,9687.5,8506.2,9364.0,9000.0,10393.0,9155.7,8291.8,9567.5,2860.9,2167.9,6256.4,9155.6,9333.6,8705.8,8491.8,9515.6,11410.5,4312.0,10482.2,9387.8,9710.6,10691.8,8815.1,9760.2,8960.7,10350.4,10088.7,9567.0,9787.0,9761.9,8217.1,1690.5,10803.7,10716.2,7353.9,8632.7,9647.9,9810.7,9833.6,9358.1,10236.6,9934.1,7532.5,10630.2,8183.3,8900.0,8648.1,10278.0,10195.5,10080.9,10088.6,8519.6,11130.8,9185.4,9941.8,9874.6,10345.7,10193.5,11305.3,10308.5,8826.0,10756.1,8905.6,9480.6,9678.4,10266.8,5822.9,1383.9,9292.2,1383.9,8024.7,10015.8,3524.5,11021.4,10136.2,9017.1,9319.9,0.0,10322.2,1531.7,1644.7,7172.6,11150.2,4367.2,1675.8,5292.6,6970.1,3072.3,7532.5,9990.0,7172.6,1675.8,4367.2,1662.2,6214.3,6211.5,7172.6,12734.0,5292.6,9570.9,7308.6,12734.0,9416.3,11134.7,11143.3,11099.1,9780.3,3854.7,8931.6,9604.4,9448.9,10110.5,2650.1,9546.2,7353.9,7353.9,7972.3,6560.3,2400.7,2400.7,10069.6,10090.6,8042.6,1462.6,7308.6,8805.5,9140.8,7961.2,9200.4,9799.3,9611.1,4907.9,7172.6,1383.9,6970.1,9185.1,8954.5,9507.9,10341.1,9529.6,9816.8,9373.7,10910.9,9189.4,10061.3,8956.4,8894.4,8546.5,10344.8,9692.5,9379.7,7259.4,8628.2,9751.3,9551.7,10017.7,9933.5,9537.7,10086.6,10129.5,9437.5,9518.3,9589.4,10286.6,1683.1,9905.2,9015.7,10129.5,9541.4,9953.7,6042.2,9536.8,9417.9,10088.7,10088.4,558.7,9139.9,9714.1,7748.9,8530.8,6624.5,9990.0,7071.3,5451.3,8247.1,3285.9,3072.3,8009.9,9988.5,2470.1,12073.6,20543.4,7742.2,9388.9,7939.7,8975.9,9760.2,9484.4,425.1,10040.1,9694.5,10545.5,9191.3,7442.9,8978.3,1531.7,1769.9,10009.5,6211.5,6788.5,1042.1,12088.5,8689.6,929.6,3408.8,4221.0,2426.9,7244.6,7235.8,12310.3,6170.9,7563.5,3987.2,6365.3,712.9,3000.6,1384.0,2396.9,7663.7,9102.6,7639.1,9687.3,6127.7,6526.0,8640.6,4006.8,9177.9,7210.0,10090.6,10245.8,3013.2,4881.7,3948.3
78,460.4,1150.6,2548.4,1525.6,494.3,1210.5,508.4,373.7,4182.8,6031.8,2322.0,830.0,393.3,668.3,4245.1,7036.2,4243.3,1981.1,760.2,3534.2,3258.6,5478.5,6923.7,782.5,7423.2,11355.9,4476.8,1461.4,1191.5,4994.2,1499.8,776.2,2394.0,6467.0,10072.8,1054.1,695.0,1939.8,2529.7,917.6,1101.2,935.0,597.5,766.0,600.4,235.4,2156.7,9747.2,2051.7,1964.2,8373.4,1767.0,1314.5,328.2,331.1,977.4,140.2,490.5,2890.6,1873.4,2850.5,1110.3,2362.8,115.0,739.4,582.3,250.0,2242.7,2114.3,794.9,371.4,467.4,847.0,536.8,2636.5,97.9,2540.7,2004.1,1074.5,1177.1,301.8,101.6,6030.3,9961.0,1044.8,9961.0,4091.8,445.4,10007.4,1544.2,5537.1,1646.6,896.4,10322.2,0.0,9248.8,9714.6,3463.7,10740.8,6544.9,10924.9,5072.7,8856.7,7375.4,2890.6,3516.8,3463.7,10924.9,6544.9,9696.1,7692.9,4433.0,3463.7,6020.3,5072.7,1367.3,3490.2,6020.3,8009.4,10725.2,10733.9,10689.7,703.8,6547.2,1675.1,454.2,1291.3,3146.3,11736.7,494.6,8373.4,8373.4,7795.2,8724.2,7723.9,7723.9,3201.5,3277.7,7792.4,11433.4,3490.2,2632.1,839.4,2490.9,853.7,1102.5,8189.9,5478.3,3463.7,9961.0,8856.7,1152.1,1054.0,480.9,163.8,460.0,396.0,954.0,1867.4,1247.7,328.0,1105.5,4160.5,1447.9,888.7,656.1,1270.4,3441.0,1694.9,428.4,846.3,378.1,363.1,842.5,630.5,630.9,981.3,776.3,593.8,361.4,8939.8,875.4,1115.8,630.9,1554.0,373.7,4786.5,562.2,632.1,597.5,1125.8,10687.6,840.4,355.4,8730.6,1791.5,8528.4,3516.8,3257.6,4983.0,7950.0,7036.2,7375.4,7750.0,3042.0,11395.4,10666.8,29640.0,2698.3,741.8,8216.0,1532.8,917.6,3643.5,10025.9,726.8,8273.2,750.6,7858.7,5233.2,1001.9,9248.8,10683.7,3078.1,4433.0,6802.0,9389.6,11430.1,9178.7,9458.7,12706.0,9624.2,11523.5,5185.5,7412.2,4897.2,5932.5,7068.4,13083.9,15462.0,10697.9,12097.2,9334.7,11889.5,8377.3,878.9,8693.7,706.1,6537.4,7579.5,9453.0,6295.5,1492.3,5217.1,3277.7,4510.6,7364.4,5098.5,6031.8
176,9599.8,8614.0,8163.2,7724.4,8773.3,8049.6,8747.7,9283.2,5589.6,3217.0,7936.8,9987.3,9069.2,9414.2,7606.6,2641.2,8956.1,7774.9,8632.6,8329.5,9661.7,9322.0,7279.5,8897.0,2020.2,2148.6,5593.4,8424.3,8663.1,7974.5,7760.5,8784.3,10679.2,3512.3,10995.8,8717.4,9040.1,9960.5,8144.6,9089.8,8229.4,9619.1,9357.4,8896.5,9116.5,9030.5,7485.8,539.4,10072.4,9984.9,7867.5,7901.4,8916.6,9079.4,9102.3,8687.6,9566.1,9263.7,6801.1,9898.9,7512.8,8168.6,7977.6,9607.5,9464.1,9349.6,9418.1,7788.3,10399.5,8454.1,9210.4,9143.3,9614.3,9523.0,10574.0,9257.6,8155.6,10024.7,8174.3,8565.7,8947.0,9596.3,6334.1,753.7,8560.9,753.7,7425.1,9284.5,4680.5,10290.1,9404.8,8285.8,8588.6,1531.7,9248.8,0.0,522.5,6509.6,11663.8,4568.8,1717.6,4629.6,5957.9,2231.6,6801.1,9258.7,6509.6,1717.6,4568.8,511.1,5202.0,5548.5,6509.6,12002.6,4629.6,8839.6,6645.6,12002.6,9929.9,11648.3,11656.9,11612.7,9049.0,3204.2,8200.2,8873.1,8717.6,9379.1,2529.5,8814.9,7867.5,7867.5,8485.9,5548.0,1535.7,1535.7,9338.3,9359.3,8556.2,2653.3,6645.6,8135.0,8409.5,7290.8,8469.0,9068.0,10124.8,4244.9,6509.6,753.7,5957.9,8514.6,8223.1,8776.6,9247.1,8798.2,9085.5,8703.2,10179.6,8519.0,9390.8,8225.1,8642.4,7815.1,9613.5,8961.2,8648.4,6596.4,7896.8,9020.0,8881.2,9347.2,9202.1,8867.2,9355.2,9398.2,8767.0,8787.0,8858.0,9616.1,362.1,9173.9,8284.3,9398.2,8810.1,9283.2,5379.2,8805.4,8686.5,9357.4,9357.1,1680.7,8408.5,8982.8,8262.5,7799.5,5612.2,9258.7,6400.8,4720.0,8760.7,2641.2,2231.6,8523.5,9257.2,2188.1,12587.3,20432.8,7071.7,8657.5,8453.3,8305.4,9089.8,8814.0,1246.5,9308.8,10208.1,9875.0,9705.0,6430.6,8247.0,0.0,1476.4,9278.1,5548.5,7302.1,1348.5,12602.2,9203.2,1251.1,3498.7,5377.0,2316.2,7755.9,7749.4,11578.9,6682.1,8077.2,3876.6,6254.7,1612.2,2889.9,1894.5,2682.2,8177.4,8371.3,8152.7,9016.8,6641.3,7039.6,9154.2,3270.8,8446.5,7721.2,9359.3,9514.4,2172.4,4150.3,3217.0
167,10065.6,9079.7,8629.0,8190.2,9239.1,8515.3,9213.5,9749.0,6055.4,3682.7,8402.6,10453.0,9535.0,9880.0,8072.3,3106.9,9421.9,8240.7,9098.4,8795.3,10127.4,9787.7,7718.9,9362.8,2485.9,1655.5,6059.2,8890.1,9128.9,8440.2,8226.2,9250.1,11145.0,3942.1,11518.3,9183.1,9505.9,10426.2,8610.3,9555.5,8695.1,10084.9,9823.2,9362.2,9582.3,9496.3,7951.6,48.6,10538.2,10450.6,8390.1,8367.1,9382.4,9545.1,9568.1,9153.4,10031.9,9729.4,7266.9,10364.7,7978.6,8634.4,8443.4,10073.3,9929.9,9815.4,9883.8,8254.1,10865.2,8919.8,9676.2,9609.0,10080.1,9988.8,11039.7,9723.3,8621.3,10490.5,8640.0,9031.5,9412.8,10062.1,6856.7,260.6,9026.7,260.6,7890.9,9750.2,4986.6,10755.9,9870.6,8751.6,9054.4,1644.7,9714.6,522.5,0.0,6975.4,12186.4,5034.6,1224.6,5095.4,6397.2,2697.3,7266.9,9724.5,6975.4,1224.6,5034.6,31.8,5641.3,6014.2,6975.4,12468.4,5095.4,9305.3,7111.3,12468.4,10452.4,12170.8,12179.5,12135.2,9514.8,3669.9,8666.0,9338.8,9183.3,9844.9,2036.4,9280.6,8390.1,8390.1,9008.5,5987.4,2058.3,2058.3,9804.1,9825.0,9078.7,2233.5,7111.3,8600.7,8875.3,7756.5,8934.8,9533.7,10647.3,4710.6,6975.4,260.6,6397.2,8980.4,8688.9,9242.3,9712.9,9264.0,9551.2,9169.0,10645.3,8984.7,9856.5,8690.8,9108.2,8280.9,10079.2,9426.9,9114.1,7062.1,8362.6,9485.8,9346.9,9813.0,9667.9,9333.0,9821.0,9864.0,9232.8,9252.7,9323.8,10081.9,884.7,9639.7,8750.1,9864.0,9275.9,9749.0,5845.0,9271.2,9152.3,9823.2,9822.9,1260.8,8874.3,9448.6,8785.0,8265.2,6051.6,9724.5,6866.6,5185.8,9283.3,3106.9,2697.3,9046.1,9723.0,1695.0,13109.8,19939.7,7537.5,9123.3,8975.8,8771.1,9555.5,9279.7,1769.1,9774.5,10730.7,10340.8,10227.5,6869.9,8712.7,522.5,983.3,9743.9,6014.2,7824.7,1871.1,13124.7,9725.7,1773.7,3005.7,5683.1,1823.2,8278.4,8272.0,12044.7,7204.6,8599.7,3383.5,5761.6,1192.4,2396.9,2417.0,2189.2,8699.9,8837.1,8675.2,9482.6,7163.9,7562.1,9676.7,3736.6,8912.3,8243.7,9825.0,9980.2,2638.2,4616.1,3682.7
178,3411.8,2426.0,1975.3,3354.5,3584.0,3214.2,3530.7,3095.2,979.1,3292.6,1748.9,3799.3,3707.3,3795.8,4993.5,3886.7,6549.8,3927.3,3359.7,1959.3,6225.7,2951.8,7952.0,2709.0,4684.0,8616.6,1041.5,3992.1,2475.2,5361.4,3313.2,3159.7,5488.7,4057.4,7077.3,2529.4,2852.2,5164.8,1956.6,2901.8,3394.0,4093.0,3748.3,2708.5,2928.5,3672.5,2761.4,7008.0,5235.4,5189.2,5004.1,2369.2,4281.7,3642.2,3645.1,2499.6,3378.2,3075.7,4188.1,5050.8,1142.7,3333.3,1688.0,3419.5,3911.0,3739.0,3230.1,3062.4,5208.9,3313.2,3592.7,3781.4,3881.6,3335.0,5810.5,3450.0,1967.6,5178.1,3338.9,2622.2,3579.2,3408.3,2661.0,7221.8,2833.5,7221.8,1054.9,3628.8,6638.2,4638.8,6791.8,2597.8,3486.8,7172.6,3463.7,6509.6,6975.4,0.0,7745.4,3009.9,8185.7,1923.2,9371.4,4698.7,4188.1,6367.7,0.0,8185.7,3009.9,6956.9,8207.6,997.8,0.0,8987.9,1923.2,4334.5,136.0,8987.9,5323.6,7729.8,7738.5,7694.2,3750.2,3397.7,2680.9,3683.7,4092.9,6011.0,8997.5,3625.5,5004.1,5004.1,4440.9,9238.9,4984.7,4984.7,6066.1,6142.4,4438.1,8045.8,136.0,1830.8,3355.8,1042.4,3296.2,4066.6,5513.4,2328.7,0.0,7221.8,9371.4,2326.7,3387.8,3505.2,3482.7,3550.0,3710.0,2515.3,4962.0,2331.0,3202.8,3389.7,2272.2,3290.5,4059.2,3228.4,4071.9,86.7,3684.8,3749.6,2693.2,3159.3,3675.8,2679.2,3803.1,3691.0,2579.1,3158.7,3668.7,3428.2,6200.6,3875.1,3449.0,3691.0,4478.3,3095.2,1351.3,3360.9,3486.2,3748.3,4173.2,7538.1,3356.8,3693.8,5376.3,2396.3,9043.2,6367.7,595.3,1842.1,4717.2,3886.7,4698.7,4395.7,5921.8,8656.2,7981.0,26900.8,846.4,3358.7,4861.7,2117.4,2901.8,2443.8,6876.3,4040.8,5596.8,3687.0,5098.7,5893.3,3411.6,6509.6,7944.5,5942.7,997.8,3432.7,6240.1,8683.7,5945.9,6309.2,9966.8,6254.9,8784.3,1927.3,4042.9,7960.4,2563.3,3714.1,10344.7,12722.8,7548.4,9358.0,5947.1,9150.3,5023.0,3395.4,5339.4,2828.9,3168.2,4210.3,6098.7,3868.0,2572.6,1919.0,6142.4,7108.1,4680.0,2360.4,3292.6
187,10688.9,10062.0,9080.2,10990.5,10861.1,10850.2,10807.8,10372.3,8665.8,9729.9,8943.5,11076.4,10984.4,11072.9,12294.8,10080.8,13644.4,11563.3,10832.8,7310.7,13698.7,5884.3,15253.4,9986.1,10396.1,12964.7,8524.4,11628.0,9925.7,12662.7,10949.1,10436.8,12765.8,10739.2,709.7,10165.4,10129.3,12441.9,9161.3,10178.9,11030.0,11370.1,11025.4,9985.6,10205.6,10949.6,10397.4,12203.3,12512.5,12466.3,5136.1,10005.2,11754.7,10919.3,10922.2,9776.7,10655.3,10352.8,11489.4,12327.9,8203.6,10969.2,8939.4,10696.6,11188.1,11016.1,10507.2,10698.3,12486.0,10786.2,10869.8,11058.5,11158.7,10612.1,13087.6,10727.1,9113.1,12455.2,10974.9,10097.8,10856.3,10685.4,6735.4,12417.5,10274.5,12417.5,7084.8,10905.9,8380.6,11915.9,14093.1,10233.8,10959.8,11150.2,10740.8,11663.8,12186.4,7745.4,0.0,8465.8,12647.2,9079.0,14750.3,10429.0,11489.4,14003.6,7745.4,12647.2,8465.8,12175.0,13994.4,8678.0,7745.4,16623.8,9079.0,11807.5,7881.4,16623.8,2998.7,133.8,155.5,200.8,11193.1,9821.4,10316.9,10960.8,11565.9,13647.0,13766.5,10902.6,5136.1,5136.1,3499.5,14340.5,10301.6,10301.6,13702.1,13778.4,3541.5,11578.3,7881.4,8593.7,10828.9,8656.1,10769.3,11539.7,3282.8,8828.8,7745.4,12417.5,14750.3,9603.8,11023.8,10782.3,10759.8,10827.1,10987.1,9792.4,12239.1,9967.0,10479.9,11025.7,6755.0,10926.5,11336.2,10505.5,11545.0,7832.1,11320.8,11026.7,9970.3,10436.4,10952.9,9956.3,11080.2,10968.1,9856.1,10435.8,10945.8,10705.2,11354.8,11348.1,11085.0,10968.1,11951.4,10372.3,8747.4,10638.0,10763.3,11025.4,11646.2,11675.2,10829.9,10971.0,3715.8,10032.2,14404.6,14003.6,8282.0,9154.0,3160.5,10080.8,10429.0,3597.0,13557.8,13501.3,1621.0,25546.6,8476.9,10831.8,3326.4,9753.4,10178.9,7645.1,10791.4,11317.9,3231.7,10964.1,3087.1,13194.7,11047.6,11663.8,12772.6,13578.7,8678.0,5222.3,10323.8,1467.0,2533.8,10394.9,13828.6,7712.8,13420.1,5975.8,4964.3,15433.4,6165.6,4516.2,14868.0,17082.8,11829.4,13993.9,9794.2,12726.4,3638.5,10868.4,3817.6,10106.0,6019.6,4814.5,3382.2,10305.2,10208.6,5945.9,13778.4,14202.7,10392.2,9068.0,9729.9
174,6493.1,5507.2,5056.5,4836.1,5885.0,5161.2,5859.4,6176.5,2482.9,1385.5,4830.1,6880.6,6180.9,6877.0,4718.2,1933.3,6067.8,4886.6,5744.3,4957.6,6773.4,5377.4,7676.8,5790.3,2743.2,6337.9,2003.9,5536.0,5556.4,5086.1,4872.2,6240.9,7790.9,2424.9,7797.8,5610.6,5933.4,7072.2,5037.8,5983.0,5341.1,6730.8,6829.6,5789.7,6009.8,6142.2,4597.5,5067.1,7184.1,7096.5,4852.4,5013.0,6028.3,6191.1,6214.0,5580.9,6459.4,6156.9,3912.8,7010.6,4141.0,5280.3,4870.9,6500.8,6575.8,6820.2,6311.4,4872.6,7511.1,5565.8,6673.9,6254.9,6962.8,6416.2,7685.6,6531.3,5048.8,7136.4,5285.9,5703.4,6058.7,6489.6,2044.6,5280.9,5914.7,5280.9,4114.1,6710.0,4534.6,7720.1,6516.5,5397.5,5700.3,4367.2,6544.9,4568.8,5034.6,3009.9,8465.8,0.0,5980.8,1515.4,7097.3,2757.9,3912.8,6370.4,3009.9,5980.8,0.0,5016.1,6341.4,2034.7,3009.9,9114.3,1515.4,5951.2,3145.9,9114.3,6338.9,8450.2,8458.9,8414.6,6160.7,1403.0,5311.9,5984.8,5829.2,6490.8,7056.7,5926.5,4852.4,4852.4,5048.6,6687.5,3043.9,3043.9,6450.0,6471.0,5045.7,5109.9,3145.9,5028.2,5521.2,4184.0,5580.7,6179.6,6528.7,1117.1,3009.9,5280.9,7097.3,5407.9,5334.8,5888.2,6563.9,5909.9,6197.2,5596.5,7291.2,5412.2,6284.1,5336.7,5201.9,4926.8,6725.1,6309.7,5760.0,3096.7,5008.5,6131.7,5774.4,6240.5,6313.8,5760.5,6466.9,6772.2,5660.3,6240.0,5969.7,6509.4,4259.8,6285.6,5396.0,6772.2,5921.8,6176.5,1744.6,5917.1,5798.2,6829.6,6468.8,4892.2,5520.2,6094.5,5247.3,4911.2,6751.7,6370.4,3294.1,1679.0,5342.2,1933.3,2757.9,5003.3,6368.9,6715.4,8996.3,24664.5,3965.0,5769.2,5277.4,5198.6,5983.0,5442.1,4008.4,6420.5,6612.0,6768.3,6114.0,5618.1,5358.6,4568.8,6003.6,6389.8,2034.7,3313.5,3540.8,9404.1,6120.5,3611.9,7263.4,4151.3,6843.5,3466.3,3900.2,8690.6,2392.6,4133.8,8241.1,10486.4,5046.4,7417.2,3011.2,6251.4,5001.5,5483.0,5137.5,5910.1,2931.5,4113.6,6071.5,1966.7,5653.9,3431.6,6471.0,6626.1,2739.2,1346.9,1385.5
154,11275.9,10290.1,9839.3,9400.6,10449.4,9725.7,10423.8,10959.3,7265.7,4893.1,9612.9,11663.4,10745.3,11090.4,9282.7,4317.3,10632.3,9451.0,10308.8,10005.6,11337.8,10769.3,8929.2,10573.1,3696.3,492.1,7269.5,10100.4,10339.2,9650.6,9436.6,10460.4,12355.3,5152.5,11979.2,10393.5,10716.2,11636.6,9820.7,10765.9,9905.5,11295.2,11033.5,10572.6,10792.6,10706.6,9161.9,1251.1,11748.5,11661.0,8851.0,9577.5,10592.7,10755.5,10778.4,10363.7,11242.2,10939.8,8477.2,11575.0,9189.0,9844.7,9653.7,11283.6,11140.2,11025.7,11094.2,9464.4,12075.6,10130.2,10886.5,10819.4,11290.4,11199.1,12250.1,10933.7,9831.7,11700.9,9850.4,10241.9,10623.2,11272.4,7436.5,964.6,10237.0,964.6,9101.2,10960.6,4796.8,11966.2,11081.0,9961.9,10264.7,1675.8,10924.9,1717.6,1224.6,8185.7,12647.2,5980.8,0.0,6305.7,7607.6,3907.7,8477.2,10934.8,8185.7,0.0,5980.8,1242.1,6851.7,7224.6,8185.7,13678.7,6305.7,10515.7,8321.7,13678.7,10913.3,12631.7,12640.3,12596.1,10725.1,4880.3,9876.3,10549.2,10393.7,11055.2,1249.2,10491.0,8851.0,8851.0,9469.4,7197.7,3253.4,3253.4,11014.4,11035.4,9539.6,1809.9,8321.7,9811.1,10085.6,8966.9,10145.1,10744.1,11108.2,5921.0,8185.7,964.6,7607.6,10190.7,9899.2,10452.7,10923.2,10474.4,10761.6,10379.3,11855.7,10195.0,11066.9,9901.2,10318.5,9491.3,11289.6,10637.3,10324.5,8272.5,9573.0,10696.1,10557.3,11023.3,10878.2,10543.3,11031.4,11074.3,10443.1,10463.1,10534.1,11292.2,2079.8,10850.0,9960.4,11074.3,10486.2,10959.3,7055.3,10481.5,10362.7,11033.5,11033.2,1139.7,10084.6,10658.9,9245.9,9475.6,7261.9,10934.8,8076.9,6396.1,9744.1,4317.3,3907.7,9506.9,10933.3,1183.4,13570.7,18926.2,8747.8,10333.7,9436.7,9981.5,10765.9,10490.1,2095.7,10984.9,11191.5,11551.1,10688.4,8080.3,9923.1,1717.6,570.4,10954.2,7224.6,8285.5,2525.4,13585.6,10186.6,2412.9,1847.7,5493.4,891.1,8858.2,8732.8,13255.0,7784.5,9060.6,2370.0,4748.1,1052.3,1464.9,2973.3,1075.1,9160.8,10047.4,9136.1,10692.9,7624.7,8023.0,10124.0,4946.9,10122.6,8823.5,11035.4,11190.5,3848.6,5826.4,4893.1
184,5020.9,4035.0,3584.3,3525.8,4574.7,3850.9,4549.0,4704.3,1010.7,1412.6,3357.9,5408.3,5316.4,5404.8,3407.9,2006.7,4757.5,3576.2,4434.0,3750.6,5463.0,4743.0,6366.4,4318.1,2804.0,6736.6,1007.0,4225.7,4084.2,3775.8,3561.8,4768.7,6480.5,2249.8,8410.9,4138.4,4461.2,5761.8,3565.6,4510.8,4030.7,5702.0,5357.4,4317.5,4537.6,5281.5,3287.1,5127.9,5873.7,5786.2,5465.6,3978.2,4717.9,5251.2,5254.1,4108.6,4987.2,4684.7,2602.5,5700.2,2933.9,3969.9,3398.7,5028.6,5520.1,5348.0,4839.1,3410.9,6200.8,4255.4,5201.7,5390.4,5490.6,4944.0,6375.3,5059.1,3576.6,5826.1,3975.6,4231.2,5188.2,5017.4,2657.8,5341.8,4442.5,5341.8,2846.2,5237.8,5908.2,6247.9,5206.2,4206.9,4389.9,5292.6,5072.7,4629.6,5095.4,1923.2,9079.0,1515.4,6305.7,0.0,7785.8,2818.7,2602.5,5060.0,1923.2,6305.7,1515.4,5076.9,6622.0,962.1,1923.2,7804.0,0.0,4640.9,2059.2,7804.0,6952.1,9063.4,9072.1,9027.8,4850.3,1517.7,3960.0,4674.4,4518.9,5180.5,7117.5,4616.2,5465.6,5465.6,5661.8,7653.3,3104.7,3104.7,5139.7,5160.6,5658.9,6403.9,2059.2,3556.0,4210.8,2711.8,4270.4,4869.3,7141.9,448.7,1923.2,5341.8,7785.8,3935.7,4024.5,4577.9,5091.7,4599.6,5319.1,4124.3,5980.9,3940.0,4811.8,4026.4,4063.5,3616.5,5668.2,4837.5,4449.7,2010.0,3698.2,4821.3,4302.2,4768.3,5284.8,4288.3,5412.1,5300.0,4188.1,4767.8,4659.4,5037.2,4320.6,4975.2,4085.7,5300.0,4611.4,4704.3,792.8,4970.0,4487.9,5357.4,5158.4,5658.1,4209.9,4784.1,5860.5,4005.3,7457.5,5060.0,1821.8,190.2,5955.4,2006.7,2818.7,5616.5,5058.6,6776.1,9609.5,25020.8,2492.8,4458.9,5890.6,3726.4,4510.8,4235.0,4996.3,5110.1,7225.2,5296.1,6727.2,4307.7,4048.3,4629.6,6064.4,5079.5,962.1,3926.7,4360.1,10017.3,6733.7,4429.2,8086.8,5525.0,6904.3,3791.8,4513.4,7380.3,3005.8,4747.0,8464.6,10842.8,5668.3,7478.0,4305.2,7270.3,5614.7,4172.6,5750.7,4437.9,3586.2,4671.7,6684.7,1988.0,4181.6,3783.5,5160.6,5315.8,2800.0,480.8,1412.6
194,9153.3,8332.5,9595.2,7332.3,8381.2,7657.5,8355.6,8861.8,8434.5,5745.5,9368.8,9281.7,8677.1,9022.1,4717.5,5169.7,6468.5,7337.4,8240.5,10581.0,8493.6,12525.2,4132.6,8702.6,4354.1,8038.5,8573.9,7986.8,8395.5,4077.2,7368.4,8454.5,10241.6,5308.0,14082.2,8377.8,8917.9,9522.9,9576.5,8439.0,7837.3,9227.0,8965.3,8669.2,8911.3,8638.4,7590.1,6429.8,9634.8,9547.3,10954.0,8005.7,8479.0,8687.3,8710.2,8609.4,8900.9,8768.9,6123.4,9461.4,9690.4,7776.5,9409.6,8898.5,9072.0,8957.5,8996.7,7666.3,9961.9,8062.0,8818.3,8751.1,9222.2,9171.2,10136.4,8865.5,9587.5,9587.2,7782.1,8235.9,8554.9,8913.5,10251.5,6643.6,8231.1,6643.6,10270.0,8892.3,9627.0,9898.0,5801.7,7955.9,8196.5,6970.1,8856.7,5957.9,6397.2,9371.4,14750.3,7097.3,7607.6,7785.8,0.0,4531.4,6123.4,7524.5,9371.4,7607.6,7097.3,6378.8,1216.7,8529.0,9371.4,9276.9,7785.8,8402.0,9475.6,9276.9,13016.3,14734.7,14743.4,14699.1,8656.9,5732.7,7870.4,8481.0,8280.0,7883.8,7490.1,8422.8,10954.0,10954.0,11572.4,731.2,4604.5,4604.5,7842.9,7863.9,11642.6,8239.5,9475.6,9678.9,8017.4,9299.0,8076.9,8630.4,13211.2,8050.1,9371.4,6643.6,0.0,8598.1,7831.0,8384.5,8855.0,8406.1,8693.4,8634.0,9742.0,8368.6,8969.4,7832.9,11207.2,7423.0,9221.3,8631.3,8210.8,9426.4,7459.3,8627.9,8806.6,8925.8,8810.0,8780.0,8963.1,9006.1,8614.1,8457.1,8465.9,9054.3,5648.9,8781.8,7892.2,9006.1,8372.5,8861.8,8359.8,8413.3,8294.4,8965.3,8919.5,7335.6,8016.4,8590.7,11348.9,7903.8,345.9,7524.5,9072.0,7611.9,11847.2,5169.7,4531.4,11610.0,7975.1,7236.3,15673.7,25790.5,9506.4,8265.4,11539.7,8304.6,8439.0,10690.3,6673.8,8916.7,13294.6,9202.3,12791.4,3623.4,7854.8,5957.9,7366.3,7958.4,8529.0,11520.4,6037.6,15688.6,12289.6,6106.7,9388.6,9635.9,8206.1,11240.0,12107.1,9898.0,10599.5,12340.8,9766.5,11334.7,7345.9,7784.1,6217.8,8572.1,11263.8,7979.2,11239.1,8833.0,11179.9,10126.0,12240.6,5374.0,8116.7,11231.7,7863.9,6579.9,4481.9,7834.1,5745.5
165,7788.9,6803.0,6352.3,5851.0,6899.9,6176.1,6874.2,7472.3,3778.7,1406.0,6125.9,8176.4,7195.8,7540.8,5733.1,830.2,7082.7,5901.5,6759.2,6518.6,7788.2,7511.0,5853.1,7086.1,257.7,4338.6,3782.5,6550.9,6852.2,6101.0,5887.1,6910.9,8805.8,1340.5,9761.0,6906.4,7229.2,8087.0,6333.6,6895.4,6355.9,7745.6,7484.0,7085.5,7305.6,7157.1,5612.4,2729.9,8199.0,8111.4,6632.7,6027.9,7043.1,7205.9,7228.9,6876.6,7755.2,7452.7,4927.7,8025.5,5701.9,6295.2,6166.7,7796.6,7590.7,7476.1,7607.1,5914.9,8526.0,6580.6,7337.0,7269.8,7740.9,7712.0,8700.5,7384.1,6344.6,8151.3,6300.8,6692.3,7073.6,7785.4,4714.7,2943.7,6687.5,2943.7,5614.2,7411.0,5729.1,8416.6,7531.4,6412.4,6715.1,3072.3,7375.4,2231.6,2697.3,4698.7,10429.0,2757.9,3907.7,2818.7,4531.4,0.0,4927.7,7385.3,4698.7,3907.7,2757.9,2678.9,3775.6,3737.5,4698.7,10129.2,2818.7,6966.1,4834.6,10129.2,8695.1,10413.4,10422.1,10377.9,7175.6,1393.2,6326.8,6999.6,6844.1,7505.7,4719.5,6941.4,6632.7,6632.7,7251.1,4121.6,706.7,706.7,7464.9,7485.9,7321.4,4341.7,4834.6,6324.0,6536.1,5479.8,6595.6,7194.5,8889.9,2433.9,4698.7,2943.7,4531.4,6703.7,6349.7,6903.1,7373.7,6924.8,7212.1,6892.3,8306.1,6708.0,7579.9,6351.6,6831.5,5941.7,7740.0,7087.7,6774.9,4785.4,6023.4,7146.6,7070.2,7536.3,7328.7,7056.3,7481.8,7524.7,6956.1,6913.5,6984.6,7805.2,1922.5,7300.5,6410.9,7524.7,6936.7,7472.3,3568.3,6932.0,6813.1,7484.0,7483.7,3437.8,6535.1,7109.4,7027.7,5926.1,4185.8,7385.3,4589.9,2909.1,7525.9,830.2,0.0,7288.7,7383.8,4378.1,11352.4,22622.8,5260.8,6784.1,7218.5,6494.4,6895.4,7003.0,2776.0,7435.4,8973.3,8064.1,8470.1,6632.9,6373.5,2231.6,3666.4,7404.7,3737.5,5983.6,2139.8,11367.3,7968.4,2208.9,5688.8,5314.6,4506.3,6136.4,6514.6,9705.5,5062.7,6803.9,6066.6,8444.7,3448.0,5080.0,2319.9,4872.3,6942.5,6497.9,6917.9,7205.9,5406.5,5804.8,7919.4,1145.0,6573.1,6101.7,7485.9,7641.0,93.2,2339.4,1406.0
155,3187.2,2352.8,3840.1,1366.2,2415.1,1691.4,2389.5,2882.1,3251.2,3584.2,3613.7,3315.6,2711.0,3056.0,1511.8,4246.5,2481.9,1371.2,2274.4,4825.9,3087.3,6564.7,4377.8,2722.9,4975.5,8908.2,3390.6,2020.7,2415.8,2260.9,1402.3,2474.8,4275.5,4019.3,10821.4,2398.1,2938.2,3556.8,3821.5,2459.3,1871.2,3260.9,2999.2,2689.5,2931.6,2672.3,2091.4,7299.5,3668.7,3581.2,7876.0,2509.2,2512.9,2721.2,2744.1,2629.7,2934.8,2789.2,0.0,3495.3,3883.1,1810.4,3654.5,2932.4,3105.9,2991.4,3017.0,1686.6,3995.8,2095.9,2852.2,2785.1,3256.1,3191.5,4170.3,2899.4,3832.4,3621.1,1816.0,2256.2,2588.8,2947.4,5068.2,7513.3,2251.4,7513.3,5105.6,2926.2,8305.6,3931.9,2991.2,1976.2,2230.4,7532.5,2890.6,6801.1,7266.9,4188.1,11489.4,3912.8,8477.2,2602.5,6123.4,4927.7,0.0,2784.5,4188.1,8477.2,3912.8,7248.4,4959.6,3345.7,4188.1,5528.4,2602.5,2435.9,4519.5,5528.4,9095.7,11473.8,11482.5,11438.3,2690.8,3759.4,1890.7,2514.9,2313.9,2772.0,9289.1,2456.7,7876.0,7876.0,8072.2,5990.9,5276.3,5276.3,2864.1,2885.1,8069.3,8801.8,4519.5,3923.8,2051.3,3491.7,2110.8,2664.3,9276.1,2866.7,4188.1,7513.3,6123.4,2618.4,1864.9,2418.4,2888.9,2440.0,2727.3,2654.2,3775.9,2388.9,2989.7,1866.8,5246.7,1456.9,3255.2,2651.6,2244.7,4470.2,1493.2,2661.8,2826.9,2946.1,2843.9,2800.3,2997.0,3040.0,2634.4,2477.4,2499.8,3088.2,6492.1,2815.7,1926.1,3040.0,2406.5,2882.1,3176.4,2447.2,2328.3,2999.2,2953.4,7897.9,2050.3,2624.6,8270.9,2405.1,5795.1,2784.5,4286.9,2428.6,8365.8,4246.5,4927.7,8026.9,2682.9,8947.7,11753.0,27192.4,3699.1,2299.3,8301.0,2636.2,2459.3,4935.2,7236.2,2950.6,9359.5,3236.2,8945.0,2499.9,1888.7,6801.1,8236.0,2703.8,3345.7,6337.1,6599.9,12427.7,9144.1,6669.0,10258.3,7922.4,9075.8,6208.4,6923.8,5004.6,5416.2,7157.4,10636.2,13014.3,7908.2,9649.5,6629.9,9441.8,8025.1,2013.1,8161.1,2853.3,5996.6,7082.1,9095.1,3847.8,2137.0,6240.1,2885.1,3040.2,4916.7,2650.8,3584.2
156,3654.7,4036.1,5693.8,3283.0,3163.5,3146.1,3191.7,3740.8,5708.7,6041.7,5467.4,3766.5,3159.4,3498.6,3059.8,6704.1,1238.3,2764.1,3067.6,6679.6,1113.3,8623.9,4238.5,4130.9,7433.1,11365.7,5848.2,2422.6,4099.0,3772.1,3319.0,3592.4,3360.0,6476.9,13335.6,4014.6,4062.1,2985.1,5675.1,3712.6,3193.0,3451.3,3441.8,4097.5,3967.5,3415.3,4664.7,9757.0,3053.8,2989.2,10333.5,4415.0,2260.1,3188.6,3211.6,4111.8,3627.2,3834.9,2784.5,3126.3,5757.8,3107.7,5508.2,3606.2,3537.7,3458.2,3617.1,3953.7,3362.0,3141.4,3319.7,3227.7,3707.0,3731.0,3185.1,3480.9,5686.1,3205.3,3143.4,3893.6,3345.3,3588.5,7525.8,9970.9,3659.4,9970.9,6980.3,3393.7,10763.2,3685.9,2722.9,3797.5,2976.6,9990.0,3516.8,9258.7,9724.5,6367.7,14003.6,6370.4,10934.8,5060.0,7524.5,7385.3,2784.5,0.0,6367.7,10934.8,6370.4,9706.0,6360.7,5803.2,6367.7,2866.1,5060.0,2183.1,6394.1,2866.1,11154.8,13988.1,13996.7,13952.5,2852.8,6216.9,3711.9,3175.5,2381.4,484.1,11746.6,3158.6,10333.5,10333.5,10699.2,7392.0,7733.8,7733.8,443.3,464.3,10696.3,11259.4,6394.1,5777.5,3154.5,5366.4,3168.8,2511.6,11335.3,5324.3,6367.7,9970.9,7524.5,4303.3,3145.8,3225.4,3375.7,3208.5,3194.7,4103.2,3441.5,4097.9,3695.1,3194.2,7305.9,3308.7,3479.6,3769.3,2425.2,6344.9,2944.7,3126.8,4213.4,3745.2,3311.4,4208.3,3439.6,3489.6,4044.3,3595.1,3051.4,3555.7,8949.7,2862.6,3207.7,3489.6,2068.0,3740.8,5634.0,3358.9,3285.9,3441.8,2716.6,10355.5,3155.5,3301.0,10728.5,4461.2,7196.2,0.0,6161.5,4886.2,10975.5,6704.1,7385.3,10654.0,589.4,11405.3,13812.2,29649.9,5573.8,3097.6,10758.6,4510.8,3712.6,6788.9,9693.7,3171.1,11418.6,3687.2,11004.1,3943.8,3095.1,9258.7,10693.6,558.8,5803.2,8794.7,9057.5,14575.5,11601.7,9126.6,12715.9,10380.0,11533.4,8083.1,9381.4,2820.4,7873.7,9615.0,13093.8,15471.9,10365.8,12107.1,9087.5,11899.4,10482.7,3165.5,10618.7,4073.2,8454.2,9539.7,11552.7,6305.4,3958.2,8114.8,464.3,1153.0,7374.3,5108.4,6041.7
179,3411.8,2426.0,1975.3,3354.5,3584.0,3214.2,3530.7,3095.2,979.1,3292.6,1748.9,3799.3,3707.3,3795.8,4993.5,3886.7,6549.8,3927.3,3359.7,1959.3,6225.7,2951.8,7952.0,2709.0,4684.0,8616.6,1041.5,3992.1,2475.2,5361.4,3313.2,3159.7,5488.7,4057.4,7077.3,2529.4,2852.2,5164.8,1956.6,2901.8,3394.0,4093.0,3748.3,2708.5,2928.5,3672.5,2761.4,7008.0,5235.4,5189.2,5004.1,2369.2,4281.7,3642.2,3645.1,2499.6,3378.2,3075.7,4188.1,5050.8,1142.7,3333.3,1688.0,3419.5,3911.0,3739.0,3230.1,3062.4,5208.9,3313.2,3592.7,3781.4,3881.6,3335.0,5810.5,3450.0,1967.6,5178.1,3338.9,2622.2,3579.2,3408.3,2661.0,7221.8,2833.5,7221.8,1054.9,3628.8,6638.2,4638.8,6791.8,2597.8,3486.8,7172.6,3463.7,6509.6,6975.4,0.0,7745.4,3009.9,8185.7,1923.2,9371.4,4698.7,4188.1,6367.7,0.0,8185.7,3009.9,6956.9,8207.6,997.8,0.0,8987.9,1923.2,4334.5,136.0,8987.9,5323.6,7729.8,7738.5,7694.2,3750.2,3397.7,2680.9,3683.7,4092.9,6011.0,8997.5,3625.5,5004.1,5004.1,4440.9,9238.9,4984.7,4984.7,6066.1,6142.4,4438.1,8045.8,136.0,1830.8,3355.8,1042.4,3296.2,4066.6,5513.4,2328.7,0.0,7221.8,9371.4,2326.7,3387.8,3505.2,3482.7,3550.0,3710.0,2515.3,4962.0,2331.0,3202.8,3389.7,2272.2,3290.5,4059.2,3228.4,4071.9,86.7,3684.8,3749.6,2693.2,3159.3,3675.8,2679.2,3803.1,3691.0,2579.1,3158.7,3668.7,3428.2,6200.6,3875.1,3449.0,3691.0,4478.3,3095.2,1351.3,3360.9,3486.2,3748.3,4173.2,7538.1,3356.8,3693.8,5376.3,2396.3,9043.2,6367.7,595.3,1842.1,4717.2,3886.7,4698.7,4395.7,5921.8,8656.2,7981.0,26900.8,846.4,3358.7,4861.7,2117.4,2901.8,2443.8,6876.3,4040.8,5596.8,3687.0,5098.7,5893.3,3411.6,6509.6,7944.5,5942.7,997.8,3432.7,6240.1,8683.7,5945.9,6309.2,9966.8,6254.9,8784.3,1927.3,4042.9,7960.4,2563.3,3714.1,10344.7,12722.8,7548.4,9358.0,5947.1,9150.3,5023.0,3395.4,5339.4,2828.9,3168.2,4210.3,6098.7,3868.0,2572.6,1919.0,6142.4,7108.1,4680.0,2360.4,3292.6
153,11275.9,10290.1,9839.3,9400.6,10449.4,9725.7,10423.8,10959.3,7265.7,4893.1,9612.9,11663.4,10745.3,11090.4,9282.7,4317.3,10632.3,9451.0,10308.8,10005.6,11337.8,10769.3,8929.2,10573.1,3696.3,492.1,7269.5,10100.4,10339.2,9650.6,9436.6,10460.4,12355.3,5152.5,11979.2,10393.5,10716.2,11636.6,9820.7,10765.9,9905.5,11295.2,11033.5,10572.6,10792.6,10706.6,9161.9,1251.1,11748.5,11661.0,8851.0,9577.5,10592.7,10755.5,10778.4,10363.7,11242.2,10939.8,8477.2,11575.0,9189.0,9844.7,9653.7,11283.6,11140.2,11025.7,11094.2,9464.4,12075.6,10130.2,10886.5,10819.4,11290.4,11199.1,12250.1,10933.7,9831.7,11700.9,9850.4,10241.9,10623.2,11272.4,7436.5,964.6,10237.0,964.6,9101.2,10960.6,4796.8,11966.2,11081.0,9961.9,10264.7,1675.8,10924.9,1717.6,1224.6,8185.7,12647.2,5980.8,0.0,6305.7,7607.6,3907.7,8477.2,10934.8,8185.7,0.0,5980.8,1242.1,6851.7,7224.6,8185.7,13678.7,6305.7,10515.7,8321.7,13678.7,10913.3,12631.7,12640.3,12596.1,10725.1,4880.3,9876.3,10549.2,10393.7,11055.2,1249.2,10491.0,8851.0,8851.0,9469.4,7197.7,3253.4,3253.4,11014.4,11035.4,9539.6,1809.9,8321.7,9811.1,10085.6,8966.9,10145.1,10744.1,11108.2,5921.0,8185.7,964.6,7607.6,10190.7,9899.2,10452.7,10923.2,10474.4,10761.6,10379.3,11855.7,10195.0,11066.9,9901.2,10318.5,9491.3,11289.6,10637.3,10324.5,8272.5,9573.0,10696.1,10557.3,11023.3,10878.2,10543.3,11031.4,11074.3,10443.1,10463.1,10534.1,11292.2,2079.8,10850.0,9960.4,11074.3,10486.2,10959.3,7055.3,10481.5,10362.7,11033.5,11033.2,1139.7,10084.6,10658.9,9245.9,9475.6,7261.9,10934.8,8076.9,6396.1,9744.1,4317.3,3907.7,9506.9,10933.3,1183.4,13570.7,18926.2,8747.8,10333.7,9436.7,9981.5,10765.9,10490.1,2095.7,10984.9,11191.5,11551.1,10688.4,8080.3,9923.1,1717.6,570.4,10954.2,7224.6,8285.5,2525.4,13585.6,10186.6,2412.9,1847.7,5493.4,891.1,8858.2,8732.8,13255.0,7784.5,9060.6,2370.0,4748.1,1052.3,1464.9,2973.3,1075.1,9160.8,10047.4,9136.1,10692.9,7624.7,8023.0,10124.0,4946.9,10122.6,8823.5,11035.4,11190.5,3848.6,5826.4,4893.1
173,6493.1,5507.2,5056.5,4836.1,5885.0,5161.2,5859.4,6176.5,2482.9,1385.5,4830.1,6880.6,6180.9,6877.0,4718.2,1933.3,6067.8,4886.6,5744.3,4957.6,6773.4,5377.4,7676.8,5790.3,2743.2,6337.9,2003.9,5536.0,5556.4,5086.1,4872.2,6240.9,7790.9,2424.9,7797.8,5610.6,5933.4,7072.2,5037.8,5983.0,5341.1,6730.8,6829.6,5789.7,6009.8,6142.2,4597.5,5067.1,7184.1,7096.5,4852.4,5013.0,6028.3,6191.1,6214.0,5580.9,6459.4,6156.9,3912.8,7010.6,4141.0,5280.3,4870.9,6500.8,6575.8,6820.2,6311.4,4872.6,7511.1,5565.8,6673.9,6254.9,6962.8,6416.2,7685.6,6531.3,5048.8,7136.4,5285.9,5703.4,6058.7,6489.6,2044.6,5280.9,5914.7,5280.9,4114.1,6710.0,4534.6,7720.1,6516.5,5397.5,5700.3,4367.2,6544.9,4568.8,5034.6,3009.9,8465.8,0.0,5980.8,1515.4,7097.3,2757.9,3912.8,6370.4,3009.9,5980.8,0.0,5016.1,6341.4,2034.7,3009.9,9114.3,1515.4,5951.2,3145.9,9114.3,6338.9,8450.2,8458.9,8414.6,6160.7,1403.0,5311.9,5984.8,5829.2,6490.8,7056.7,5926.5,4852.4,4852.4,5048.6,6687.5,3043.9,3043.9,6450.0,6471.0,5045.7,5109.9,3145.9,5028.2,5521.2,4184.0,5580.7,6179.6,6528.7,1117.1,3009.9,5280.9,7097.3,5407.9,5334.8,5888.2,6563.9,5909.9,6197.2,5596.5,7291.2,5412.2,6284.1,5336.7,5201.9,4926.8,6725.1,6309.7,5760.0,3096.7,5008.5,6131.7,5774.4,6240.5,6313.8,5760.5,6466.9,6772.2,5660.3,6240.0,5969.7,6509.4,4259.8,6285.6,5396.0,6772.2,5921.8,6176.5,1744.6,5917.1,5798.2,6829.6,6468.8,4892.2,5520.2,6094.5,5247.3,4911.2,6751.7,6370.4,3294.1,1679.0,5342.2,1933.3,2757.9,5003.3,6368.9,6715.4,8996.3,24664.5,3965.0,5769.2,5277.4,5198.6,5983.0,5442.1,4008.4,6420.5,6612.0,6768.3,6114.0,5618.1,5358.6,4568.8,6003.6,6389.8,2034.7,3313.5,3540.8,9404.1,6120.5,3611.9,7263.4,4151.3,6843.5,3466.3,3900.2,8690.6,2392.6,4133.8,8241.1,10486.4,5046.4,7417.2,3011.2,6251.4,5001.5,5483.0,5137.5,5910.1,2931.5,4113.6,6071.5,1966.7,5653.9,3431.6,6471.0,6626.1,2739.2,1346.9,1385.5
163,10047.1,9061.3,8610.5,8171.8,9220.6,8496.9,9195.0,9730.5,6036.9,3664.3,8384.1,10434.6,9516.5,9861.5,8053.9,3088.5,9403.5,8222.2,9080.0,8776.8,10109.0,9769.3,7700.4,9344.3,2467.5,1673.0,6040.7,8871.6,9110.5,8421.8,8207.8,9231.6,11126.5,3923.7,11506.9,9164.7,9487.5,10407.8,8591.9,9537.1,8676.7,10066.4,9804.7,9343.8,9563.8,9477.8,7933.1,51.1,10519.7,10432.1,8378.6,8348.7,9363.9,9526.7,9549.6,9134.9,10013.4,9711.0,7248.4,10346.2,7960.1,8615.9,8424.9,10054.8,9911.5,9796.9,9865.4,8235.6,10846.8,8901.4,9657.8,9590.6,10061.6,9970.3,11021.3,9704.9,8602.9,10472.0,8621.6,9013.0,9394.4,10043.6,6849.4,278.1,9008.2,278.1,7872.4,9731.8,5004.1,10737.4,9852.1,8733.1,9035.9,1662.2,9696.1,511.1,31.8,6956.9,12175.0,5016.1,1242.1,5076.9,6378.8,2678.9,7248.4,9706.0,6956.9,1242.1,5016.1,0.0,5622.9,5995.8,6956.9,12449.9,5076.9,9286.9,7092.9,12449.9,10441.0,12159.4,12168.0,12123.8,9496.3,3651.5,8647.5,9320.4,9164.9,9826.4,2053.9,9262.2,8378.6,8378.6,8997.0,5968.9,2051.0,2051.0,9785.6,9806.6,9067.3,2251.0,7092.9,8582.3,8856.8,7738.1,8916.3,9515.3,10635.9,4692.2,6956.9,278.1,6378.8,8961.9,8670.4,9223.9,9694.4,9245.5,9532.8,9150.5,10626.9,8966.2,9838.1,8672.4,9089.7,8262.5,10060.8,9408.5,9095.7,7043.6,8344.1,9467.3,9328.5,9794.5,9649.4,9314.5,9802.5,9845.5,9214.3,9234.3,9305.3,10063.4,873.3,9621.2,8731.6,9845.5,9257.4,9730.5,5826.5,9252.7,9133.9,9804.7,9804.4,1278.4,8855.8,9430.1,8773.6,8246.8,6033.1,9706.0,6848.1,5167.3,9271.8,3088.5,2678.9,9034.6,9704.5,1712.6,13098.4,19957.2,7519.0,9104.9,8964.4,8752.7,9537.1,9261.2,1757.7,9756.1,10719.2,10322.3,10216.1,6851.5,8694.2,511.1,1000.9,9725.4,5995.8,7813.2,1859.6,13113.3,9714.3,1762.2,3023.2,5700.6,1840.7,8271.1,8260.5,12026.2,7197.4,8588.3,3401.1,5779.2,1210.0,2414.4,2405.6,2206.7,8688.5,8818.6,8663.8,9464.1,7152.4,7550.7,9665.3,3718.1,8893.8,8236.5,9806.6,9961.7,2619.8,4597.6,3664.3
164,7989.5,7168.7,8431.4,6168.5,7217.4,6493.6,7191.8,7698.0,7270.7,4989.6,8205.0,8117.9,7513.3,7858.3,3553.7,4413.8,5304.7,6173.5,7076.7,9417.1,7329.8,11361.4,2998.1,7538.8,3598.2,7282.6,7410.1,6822.9,7231.6,2913.4,6204.6,7290.6,9077.8,4552.1,13326.4,7214.0,7754.1,8359.1,8412.7,7275.2,6673.4,8063.1,7801.5,7505.4,7747.5,7474.6,6426.3,5673.9,8471.0,8383.5,10198.1,6841.9,7315.2,7523.4,7546.4,7445.6,7737.1,7605.1,4959.6,8297.5,8526.6,6612.7,8245.8,7734.7,7908.2,7793.6,7832.9,6502.4,8798.1,6898.1,7654.5,7587.3,8058.4,8007.4,8972.6,7701.6,8423.7,8423.4,6618.3,7072.1,7391.1,7749.7,9087.7,5887.7,7067.3,5887.7,9106.2,7728.5,8871.1,8734.1,4637.9,6792.1,7032.7,6214.3,7692.9,5202.0,5641.3,8207.6,13994.4,6341.4,6851.7,6622.0,1216.7,3775.6,4959.6,6360.7,8207.6,6851.7,6341.4,5622.9,0.0,7365.2,8207.6,8113.1,6622.0,7238.2,8311.8,8113.1,13382.1,13978.8,13987.5,13943.2,7493.1,4976.8,6706.6,7317.1,7116.2,6719.9,6495.0,7258.9,10198.1,10198.1,12091.7,1279.7,3848.7,3848.7,6679.1,6700.1,12088.8,7483.6,8311.8,8515.1,6853.6,8135.2,6913.1,7466.6,13571.8,6886.3,8207.6,5887.7,1216.7,7434.3,6667.2,7220.6,7691.2,7242.3,7529.6,7470.1,8578.2,7204.8,7805.6,6669.1,10043.4,6259.2,8057.5,7467.5,7047.0,8262.6,6295.5,7464.1,7642.8,7762.0,7646.2,7616.2,7799.3,7842.2,7450.3,7293.3,7302.1,7890.5,4893.0,7618.0,6728.4,7842.2,7208.7,7698.0,7195.9,7249.5,7130.6,7801.5,7755.7,6579.7,6852.6,7426.9,10593.1,6740.0,1070.3,6360.7,7908.2,6448.1,12385.3,4413.8,3775.6,12046.5,6811.2,6241.2,16039.4,24795.4,8342.6,7101.6,10783.9,7140.8,7275.2,9526.5,5918.0,7752.9,13655.2,8038.5,13157.1,2459.6,6691.0,5202.0,6610.4,6794.6,7365.2,10356.6,5281.7,14932.7,11533.8,5350.8,8632.8,8880.0,7450.3,10076.2,10943.3,8734.1,9435.7,11177.0,8510.1,10339.6,6590.0,6789.0,5461.9,7816.3,10507.9,6815.4,10483.3,7669.2,10016.1,9370.2,11484.8,4618.1,6952.9,10067.9,6700.1,5416.1,3726.0,6670.3,4989.6
198,4381.1,3395.3,2944.6,4323.8,4553.3,4183.5,4500.0,4064.5,439.9,2331.5,2718.2,4768.6,4676.6,4765.1,4151.1,2925.6,5500.7,4319.4,4329.0,2945.5,6206.2,3934.9,7109.6,3678.3,3722.8,7655.5,286.6,4961.4,3444.5,4519.0,4282.5,4129.0,6458.0,3196.9,8009.9,3498.7,3821.5,6134.1,2925.9,3871.1,4363.4,5062.3,4717.6,3677.8,3897.8,4641.8,3730.8,6046.8,6204.7,6158.5,5073.5,3338.5,5251.0,4611.5,4614.4,3468.9,4347.5,4045.0,3345.7,6020.1,2128.8,4302.6,2759.0,4388.8,4880.3,4708.3,4199.4,4031.7,6178.3,4282.5,4562.0,4750.7,4850.9,4304.3,6779.8,4419.3,2936.9,6147.4,4308.2,3591.5,4548.5,4377.6,2550.4,6260.6,3802.8,6260.6,2041.1,4598.1,6178.3,5608.1,5949.4,3567.2,4456.1,6211.5,4433.0,5548.5,6014.2,997.8,8678.0,2034.7,7224.6,962.1,8529.0,3737.5,3345.7,5803.2,997.8,7224.6,2034.7,5995.8,7365.2,0.0,997.8,8547.2,962.1,5303.8,1133.8,8547.2,6262.6,8662.4,8671.0,8626.8,4719.5,2436.6,3650.2,4653.0,5062.2,5923.7,8036.4,4594.8,5073.5,5073.5,5260.7,8396.5,4023.6,4023.6,5882.9,5903.8,5257.9,7195.6,1133.8,2817.0,4325.1,2028.6,4265.5,5035.9,6452.4,1367.6,997.8,6260.6,8529.0,3296.0,4357.1,4474.5,4452.0,4519.3,4679.3,3484.6,5931.3,3300.3,4172.1,4359.0,3258.4,4259.8,5028.5,4197.7,5041.2,1084.5,4654.1,4718.9,3662.5,4128.6,4645.1,3648.6,4772.4,4660.3,3548.4,4128.0,4638.0,4397.5,5239.4,4844.4,4418.3,4660.3,5447.6,4064.5,376.1,4330.3,4455.5,4717.6,5142.5,6577.0,4326.1,4663.2,5468.5,3365.6,8200.8,5803.2,1301.8,917.1,5554.3,2925.6,3737.5,5215.5,5801.8,7695.0,8920.0,25939.7,1832.6,4328.1,5489.6,3086.7,3871.1,3430.0,5915.2,5010.1,6535.8,4656.3,6037.7,5050.9,4380.9,5548.5,6983.3,5822.7,0.0,3502.1,5279.0,9616.3,6338.4,5348.0,9005.7,5795.0,7823.2,2866.3,4112.3,8123.5,2632.7,4322.5,9383.5,11761.6,6587.2,8396.9,5096.9,8189.2,5213.6,4364.7,5358.7,3798.2,3237.6,4279.7,6289.4,2906.8,3541.9,2858.0,5903.8,6059.0,3718.9,1435.4,2331.5
180,3411.8,2426.0,1975.3,3354.5,3584.0,3214.2,3530.7,3095.2,979.1,3292.6,1748.9,3799.3,3707.3,3795.8,4993.5,3886.7,6549.8,3927.3,3359.7,1959.3,6225.7,2951.8,7952.0,2709.0,4684.0,8616.6,1041.5,3992.1,2475.2,5361.4,3313.2,3159.7,5488.7,4057.4,7077.3,2529.4,2852.2,5164.8,1956.6,2901.8,3394.0,4093.0,3748.3,2708.5,2928.5,3672.5,2761.4,7008.0,5235.4,5189.2,5004.1,2369.2,4281.7,3642.2,3645.1,2499.6,3378.2,3075.7,4188.1,5050.8,1142.7,3333.3,1688.0,3419.5,3911.0,3739.0,3230.1,3062.4,5208.9,3313.2,3592.7,3781.4,3881.6,3335.0,5810.5,3450.0,1967.6,5178.1,3338.9,2622.2,3579.2,3408.3,2661.0,7221.8,2833.5,7221.8,1054.9,3628.8,6638.2,4638.8,6791.8,2597.8,3486.8,7172.6,3463.7,6509.6,6975.4,0.0,7745.4,3009.9,8185.7,1923.2,9371.4,4698.7,4188.1,6367.7,0.0,8185.7,3009.9,6956.9,8207.6,997.8,0.0,8987.9,1923.2,4334.5,136.0,8987.9,5323.6,7729.8,7738.5,7694.2,3750.2,3397.7,2680.9,3683.7,4092.9,6011.0,8997.5,3625.5,5004.1,5004.1,4440.9,9238.9,4984.7,4984.7,6066.1,6142.4,4438.1,8045.8,136.0,1830.8,3355.8,1042.4,3296.2,4066.6,5513.4,2328.7,0.0,7221.8,9371.4,2326.7,3387.8,3505.2,3482.7,3550.0,3710.0,2515.3,4962.0,2331.0,3202.8,3389.7,2272.2,3290.5,4059.2,3228.4,4071.9,86.7,3684.8,3749.6,2693.2,3159.3,3675.8,2679.2,3803.1,3691.0,2579.1,3158.7,3668.7,3428.2,6200.6,3875.1,3449.0,3691.0,4478.3,3095.2,1351.3,3360.9,3486.2,3748.3,4173.2,7538.1,3356.8,3693.8,5376.3,2396.3,9043.2,6367.7,595.3,1842.1,4717.2,3886.7,4698.7,4395.7,5921.8,8656.2,7981.0,26900.8,846.4,3358.7,4861.7,2117.4,2901.8,2443.8,6876.3,4040.8,5596.8,3687.0,5098.7,5893.3,3411.6,6509.6,7944.5,5942.7,997.8,3432.7,6240.1,8683.7,5945.9,6309.2,9966.8,6254.9,8784.3,1927.3,4042.9,7960.4,2563.3,3714.1,10344.7,12722.8,7548.4,9358.0,5947.1,9150.3,5023.0,3395.4,5339.4,2828.9,3168.2,4210.3,6098.7,3868.0,2572.6,1919.0,6142.4,7108.1,4680.0,2360.4,3292.6
182,6158.1,6610.3,8268.0,5903.2,5708.6,5766.3,5743.9,6244.3,8452.6,8785.6,8041.6,5900.1,5656.6,5877.6,5624.6,9448.0,3536.2,5384.3,5687.8,9253.8,2832.8,11198.1,5741.5,6653.0,10177.0,14109.6,8592.1,5042.8,6673.2,6236.1,5939.2,6166.6,4576.1,9220.8,15955.8,6588.8,6565.5,4419.7,8249.4,6286.8,5813.2,5543.9,5853.5,6636.6,6471.0,5918.8,7284.9,12501.0,4488.4,4423.8,13077.5,7035.2,4878.2,5692.1,5715.0,6686.1,6130.6,6361.1,5528.4,4574.8,8378.0,5727.9,8082.4,6109.7,5695.4,5877.1,6120.5,6573.9,4796.7,5761.6,5823.1,5698.4,5778.9,6234.5,4637.8,5984.3,8260.4,4639.9,5763.6,6467.9,5883.1,6091.9,10269.7,12714.8,6233.6,12714.8,9600.5,5897.1,13507.1,5247.7,4611.7,6417.7,5596.8,12734.0,6020.3,12002.6,12468.4,8987.9,16623.8,9114.3,13678.7,7804.0,9276.9,10129.2,5528.4,2866.1,8987.9,13678.7,9114.3,12449.9,8113.1,8547.2,8987.9,0.0,7804.0,4801.2,9014.4,0.0,13729.0,16608.3,16616.9,16572.7,5356.2,8960.8,6332.1,5713.4,5001.6,2974.0,14490.5,5703.7,13077.5,13077.5,13319.4,9144.4,10477.8,10477.8,2918.3,2822.8,13316.5,14003.3,9014.4,8351.8,5774.7,7986.6,5789.1,5015.0,13909.5,8068.2,8987.9,12714.8,9276.9,6877.5,5766.1,5777.6,5879.2,5760.8,5698.2,6677.4,5003.3,6672.1,6198.5,5814.4,9880.1,5928.9,5576.9,6334.7,5045.4,8965.1,5564.9,5630.2,6716.9,6248.6,5814.8,6713.0,5789.6,5901.3,6618.6,6169.3,5603.6,6059.1,11693.6,5292.4,5827.9,5901.3,4686.1,6244.3,8377.9,5911.1,5860.2,5853.5,5116.9,13099.4,5775.7,5804.4,13472.4,7081.4,8948.7,2866.1,8781.7,7630.1,13595.6,9448.0,10129.2,13274.2,3090.1,14149.2,16386.4,32393.8,8194.0,5658.1,13502.5,7131.0,6286.8,9363.2,12437.6,5433.4,13992.9,6023.7,13578.4,6031.4,5715.3,12002.6,13437.5,3043.0,8547.2,11538.6,11801.4,17149.8,14345.6,11870.5,15459.8,13123.9,14277.3,10703.3,12125.3,1801.3,10617.7,12358.9,15837.7,18215.8,13109.7,14851.0,11831.4,14643.3,13226.6,5785.7,13362.6,6576.7,11198.1,12283.6,14296.6,9049.3,6578.4,10735.0,2822.8,2843.1,10118.2,7852.3,8785.6
183,5020.9,4035.0,3584.3,3525.8,4574.7,3850.9,4549.0,4704.3,1010.7,1412.6,3357.9,5408.3,5316.4,5404.8,3407.9,2006.7,4757.5,3576.2,4434.0,3750.6,5463.0,4743.0,6366.4,4318.1,2804.0,6736.6,1007.0,4225.7,4084.2,3775.8,3561.8,4768.7,6480.5,2249.8,8410.9,4138.4,4461.2,5761.8,3565.6,4510.8,4030.7,5702.0,5357.4,4317.5,4537.6,5281.5,3287.1,5127.9,5873.7,5786.2,5465.6,3978.2,4717.9,5251.2,5254.1,4108.6,4987.2,4684.7,2602.5,5700.2,2933.9,3969.9,3398.7,5028.6,5520.1,5348.0,4839.1,3410.9,6200.8,4255.4,5201.7,5390.4,5490.6,4944.0,6375.3,5059.1,3576.6,5826.1,3975.6,4231.2,5188.2,5017.4,2657.8,5341.8,4442.5,5341.8,2846.2,5237.8,5908.2,6247.9,5206.2,4206.9,4389.9,5292.6,5072.7,4629.6,5095.4,1923.2,9079.0,1515.4,6305.7,0.0,7785.8,2818.7,2602.5,5060.0,1923.2,6305.7,1515.4,5076.9,6622.0,962.1,1923.2,7804.0,0.0,4640.9,2059.2,7804.0,6952.1,9063.4,9072.1,9027.8,4850.3,1517.7,3960.0,4674.4,4518.9,5180.5,7117.5,4616.2,5465.6,5465.6,5661.8,7653.3,3104.7,3104.7,5139.7,5160.6,5658.9,6403.9,2059.2,3556.0,4210.8,2711.8,4270.4,4869.3,7141.9,448.7,1923.2,5341.8,7785.8,3935.7,4024.5,4577.9,5091.7,4599.6,5319.1,4124.3,5980.9,3940.0,4811.8,4026.4,4063.5,3616.5,5668.2,4837.5,4449.7,2010.0,3698.2,4821.3,4302.2,4768.3,5284.8,4288.3,5412.1,5300.0,4188.1,4767.8,4659.4,5037.2,4320.6,4975.2,4085.7,5300.0,4611.4,4704.3,792.8,4970.0,4487.9,5357.4,5158.4,5658.1,4209.9,4784.1,5860.5,4005.3,7457.5,5060.0,1821.8,190.2,5955.4,2006.7,2818.7,5616.5,5058.6,6776.1,9609.5,25020.8,2492.8,4458.9,5890.6,3726.4,4510.8,4235.0,4996.3,5110.1,7225.2,5296.1,6727.2,4307.7,4048.3,4629.6,6064.4,5079.5,962.1,3926.7,4360.1,10017.3,6733.7,4429.2,8086.8,5525.0,6904.3,3791.8,4513.4,7380.3,3005.8,4747.0,8464.6,10842.8,5668.3,7478.0,4305.2,7270.3,5614.7,4172.6,5750.7,4437.9,3586.2,4671.7,6684.7,1988.0,4181.6,3783.5,5160.6,5315.8,2800.0,480.8,1412.6
161,1505.2,1957.4,3615.1,1477.6,1055.7,1237.4,1091.0,1591.3,5053.6,5622.6,3388.7,1617.1,1009.9,1349.2,3790.4,6285.0,3240.5,1107.5,1036.0,4600.9,2070.2,6545.2,6262.4,2000.1,7013.9,10946.6,5347.6,524.6,2020.3,4539.5,1451.8,1513.7,1995.0,6057.8,11139.5,1935.9,1912.6,1276.3,3596.5,1633.9,1284.3,1301.8,1292.3,1983.6,1818.1,1265.8,2887.4,9337.9,1388.2,1300.7,9244.2,2506.3,110.7,1039.1,1062.1,2033.1,1477.7,1708.2,2435.9,1214.8,3724.6,1199.0,3429.5,1456.7,1388.2,1308.7,1467.6,2176.4,1715.3,1109.8,1170.2,1078.2,1557.5,1581.5,1973.0,1331.4,3607.4,1340.6,1234.7,1814.9,1230.2,1439.0,6901.1,9551.7,1580.7,9551.7,4947.1,1244.2,10878.2,1613.3,4716.3,1888.8,945.0,9570.9,1367.3,8839.6,9305.3,4334.5,11807.5,5951.2,10515.7,4640.9,8402.0,6966.1,2435.9,2183.1,4334.5,10515.7,5951.2,9286.9,7238.2,5303.8,4334.5,4801.2,4640.9,0.0,4361.0,4801.2,9076.1,11792.0,11800.6,11756.4,703.3,5797.8,1803.2,1060.4,432.1,1812.6,11327.5,1050.8,9244.2,9244.2,8666.0,8269.5,7314.7,7314.7,1867.8,1944.0,8663.1,10840.2,4361.0,3698.8,1122.9,3333.2,1137.2,362.1,9256.6,4905.2,4334.5,9551.7,8402.0,2224.6,1237.2,1124.7,1226.2,1107.8,1045.2,2024.5,1481.4,2019.2,1545.6,1285.5,5227.2,1400.0,1330.1,1681.8,471.8,4311.7,1071.5,977.3,2063.9,1595.7,1161.9,2060.1,1290.1,1340.1,1965.7,1516.4,950.7,1406.2,8530.5,713.1,1299.0,1340.1,220.3,1591.3,5214.9,1258.2,1207.2,1292.3,567.1,9936.4,1123.9,1151.5,9601.3,2552.5,8073.7,2183.1,4128.3,4467.1,8942.3,6285.0,6966.1,8620.8,1708.3,10986.1,11733.5,29230.8,3540.6,1005.2,9086.8,2477.7,1633.9,4710.2,9274.6,1021.6,9339.9,1537.7,8925.4,4778.6,1186.4,8839.6,10274.4,1744.3,5303.8,7672.8,8638.4,12496.9,10170.9,8707.4,12296.8,10495.0,11114.3,6049.9,8283.0,3874.8,6803.3,7939.1,12674.6,15052.7,9946.6,11688.0,8668.4,11480.3,9248.0,1162.4,9564.5,1923.8,7408.2,8450.3,10323.8,5886.3,2049.6,6081.6,1944.0,3176.9,6955.1,4689.2,5622.6
158,3438.3,2452.5,2001.7,3380.9,3610.4,3240.7,3557.1,3121.7,1083.4,3428.6,1775.3,3825.8,3733.8,3822.2,5097.7,4022.7,6576.3,3953.8,3386.2,1976.2,6252.2,2968.7,8056.2,2735.5,4820.0,8752.6,1177.5,4018.5,2501.7,5465.6,3339.6,3186.2,5515.2,4161.6,7213.3,2555.8,2878.7,5191.3,1983.1,2928.3,3420.5,4119.5,3774.8,2735.0,2955.0,3698.9,2787.9,7143.9,5261.8,5215.6,5140.1,2395.7,4308.1,3668.7,3671.6,2526.1,3404.6,3102.2,4519.5,5077.2,1159.6,3359.7,1714.5,3446.0,3937.5,3765.4,3256.6,3088.8,5235.4,3339.6,3619.1,3807.8,3908.1,3361.5,5837.0,3476.5,1994.1,5204.6,3365.4,2648.7,3605.7,3434.8,2797.0,7357.7,2859.9,7357.7,1071.8,3655.3,6774.1,4665.3,6896.0,2624.3,3513.2,7308.6,3490.2,6645.6,7111.3,136.0,7881.4,3145.9,8321.7,2059.2,9475.6,4834.6,4519.5,6394.1,136.0,8321.7,3145.9,7092.9,8311.8,1133.8,136.0,9014.4,2059.2,4361.0,0.0,9014.4,5459.6,7865.8,7874.4,7830.2,3776.7,3533.7,2707.4,3710.2,4119.4,6037.5,9133.5,3652.0,5140.1,5140.1,4576.9,9343.2,5120.7,5120.7,6092.6,6168.9,4574.0,8181.7,0.0,1857.3,3382.3,1068.9,3322.7,4093.1,5649.4,2464.7,136.0,7357.7,9475.6,2353.1,3414.3,3531.6,3509.2,3576.5,3736.5,2541.7,4988.5,2357.4,3229.3,3416.2,2289.1,3317.0,4085.6,3254.9,4098.4,59.5,3711.3,3776.1,2719.7,3185.7,3702.2,2705.7,3829.6,3717.5,2605.5,3185.2,3695.2,3454.6,6336.6,3901.6,3475.5,3717.5,4504.8,3121.7,1487.2,3387.4,3512.7,3774.8,4199.7,7674.1,3383.3,3720.3,5512.2,2422.7,9147.4,6394.1,699.6,1962.1,4853.1,4022.7,4834.6,4531.7,5948.3,8792.1,8117.0,27036.8,872.9,3385.2,4997.7,2143.9,2928.3,2460.7,7012.3,4067.3,5732.7,3713.5,5234.7,5997.6,3438.1,6645.6,8080.4,5969.2,1133.8,3568.7,6376.1,8819.7,6081.8,6445.1,10102.8,6390.9,8920.3,2063.3,4178.9,7986.8,2699.2,3850.0,10480.6,12858.7,7684.3,9494.0,6083.1,9286.3,5158.9,3421.8,5475.4,2855.3,3304.1,4346.2,6234.7,3980.5,2599.1,2055.0,6168.9,7134.6,4816.0,2480.4,3428.6
181,6158.1,6610.3,8268.0,5903.2,5708.6,5766.3,5743.9,6244.3,8452.6,8785.6,8041.6,5900.1,5656.6,5877.6,5624.6,9448.0,3536.2,5384.3,5687.8,9253.8,2832.8,11198.1,5741.5,6653.0,10177.0,14109.6,8592.1,5042.8,6673.2,6236.1,5939.2,6166.6,4576.1,9220.8,15955.8,6588.8,6565.5,4419.7,8249.4,6286.8,5813.2,5543.9,5853.5,6636.6,6471.0,5918.8,7284.9,12501.0,4488.4,4423.8,13077.5,7035.2,4878.2,5692.1,5715.0,6686.1,6130.6,6361.1,5528.4,4574.8,8378.0,5727.9,8082.4,6109.7,5695.4,5877.1,6120.5,6573.9,4796.7,5761.6,5823.1,5698.4,5778.9,6234.5,4637.8,5984.3,8260.4,4639.9,5763.6,6467.9,5883.1,6091.9,10269.7,12714.8,6233.6,12714.8,9600.5,5897.1,13507.1,5247.7,4611.7,6417.7,5596.8,12734.0,6020.3,12002.6,12468.4,8987.9,16623.8,9114.3,13678.7,7804.0,9276.9,10129.2,5528.4,2866.1,8987.9,13678.7,9114.3,12449.9,8113.1,8547.2,8987.9,0.0,7804.0,4801.2,9014.4,0.0,13729.0,16608.3,16616.9,16572.7,5356.2,8960.8,6332.1,5713.4,5001.6,2974.0,14490.5,5703.7,13077.5,13077.5,13319.4,9144.4,10477.8,10477.8,2918.3,2822.8,13316.5,14003.3,9014.4,8351.8,5774.7,7986.6,5789.1,5015.0,13909.5,8068.2,8987.9,12714.8,9276.9,6877.5,5766.1,5777.6,5879.2,5760.8,5698.2,6677.4,5003.3,6672.1,6198.5,5814.4,9880.1,5928.9,5576.9,6334.7,5045.4,8965.1,5564.9,5630.2,6716.9,6248.6,5814.8,6713.0,5789.6,5901.3,6618.6,6169.3,5603.6,6059.1,11693.6,5292.4,5827.9,5901.3,4686.1,6244.3,8377.9,5911.1,5860.2,5853.5,5116.9,13099.4,5775.7,5804.4,13472.4,7081.4,8948.7,2866.1,8781.7,7630.1,13595.6,9448.0,10129.2,13274.2,3090.1,14149.2,16386.4,32393.8,8194.0,5658.1,13502.5,7131.0,6286.8,9363.2,12437.6,5433.4,13992.9,6023.7,13578.4,6031.4,5715.3,12002.6,13437.5,3043.0,8547.2,11538.6,11801.4,17149.8,14345.6,11870.5,15459.8,13123.9,14277.3,10703.3,12125.3,1801.3,10617.7,12358.9,15837.7,18215.8,13109.7,14851.0,11831.4,14643.3,13226.6,5785.7,13362.6,6576.7,11198.1,12283.6,14296.6,9049.3,6578.4,10735.0,2822.8,2843.1,10118.2,7852.3,8785.6
159,7957.5,7210.4,6348.8,7957.1,8129.6,7816.9,8076.3,7640.9,6244.0,7603.0,6212.1,8345.0,8253.0,8341.5,10168.0,8183.6,11152.5,8530.0,8101.3,4579.3,10967.3,3152.9,13126.5,7254.7,8662.2,11230.7,6306.4,8814.9,7194.3,10535.9,7915.8,7705.4,10034.4,8612.4,2330.7,7307.7,7397.9,9710.5,6429.9,7447.5,7996.7,8638.7,8294.0,7254.2,7474.2,8218.1,7517.3,10469.3,9781.0,9734.9,3604.9,7125.1,9023.3,8187.9,8190.8,7045.3,7923.9,7621.4,9095.7,9596.5,5313.4,7935.9,6208.0,7965.2,8456.7,8284.7,7775.8,7665.0,9754.6,8054.8,8138.4,8327.0,8427.3,7880.7,10356.2,7995.7,6381.7,9723.8,7941.6,7366.4,8124.9,7954.0,4608.5,10683.6,7543.1,10683.6,4663.1,8174.5,7224.2,9184.5,11966.3,7200.5,8228.4,9416.3,8009.4,9929.9,10452.4,5323.6,2998.7,6338.9,10913.3,6952.1,13016.3,8695.1,9095.7,11154.8,5323.6,10913.3,6338.9,10441.0,13382.1,6262.6,5323.6,13729.0,6952.1,9076.1,5459.6,13729.0,0.0,2983.2,2991.8,2947.6,8461.6,7694.6,7283.6,8229.4,8834.5,10798.1,12032.6,8171.2,3604.9,3604.9,1568.0,12606.5,8567.7,8567.7,10853.3,10929.5,1458.7,9844.4,5459.6,5862.3,8097.5,5793.0,8037.9,8808.3,415.0,6701.9,5323.6,10683.6,13016.3,6872.4,7990.5,8050.8,8028.4,8095.7,8255.7,7060.9,9507.7,7120.8,7748.5,7992.4,4023.6,7893.2,8604.8,7774.1,8813.5,5410.4,8287.5,8295.3,7238.9,7704.9,8221.5,7224.9,8348.8,8236.7,7124.7,7704.4,8214.4,7973.8,9620.9,8616.7,8051.6,8236.7,9219.9,7640.9,6597.1,7906.6,8031.9,8294.0,8914.8,9941.3,8098.4,8239.5,2807.9,7152.2,12670.7,11154.8,5860.2,7027.2,1305.5,8183.6,8695.1,1473.7,10700.9,11767.3,2657.4,24687.8,5672.5,8100.4,1728.2,6720.1,7447.5,4913.6,9057.5,8586.5,498.4,8232.7,243.2,11067.8,8014.3,9929.9,11038.6,10729.9,6262.6,3056.6,8589.9,3420.8,1868.3,8660.9,12156.3,6715.7,11686.2,3554.0,2869.5,12702.0,4038.8,2362.1,13134.0,15379.3,10095.4,12259.9,8060.2,11006.2,2502.3,8137.0,2861.3,7374.5,3893.1,2969.5,2716.8,8178.4,7359.3,3524.2,10929.5,11710.8,8658.2,6941.1,7603.0
188,10673.4,10046.4,9064.6,10974.9,10845.5,10834.6,10792.2,10356.8,8650.2,9714.3,8927.9,11060.9,10968.9,11057.3,12279.3,10065.2,13628.9,11547.7,10817.2,7295.2,13683.2,5868.7,15237.8,9970.6,10380.6,12949.1,8508.8,11612.5,9910.2,12647.2,10933.6,10421.2,12750.2,10723.6,694.2,10149.8,10113.7,12426.4,9145.8,10163.3,11014.5,11354.5,11009.9,9970.0,10190.1,10934.0,10381.9,12187.7,12496.9,12450.7,5120.6,9989.6,11739.1,10903.7,10906.6,9761.1,10639.7,10337.2,11473.8,12312.3,8188.1,10953.7,8923.9,10681.1,11172.6,11000.5,10491.6,10682.8,12470.5,10770.6,10854.2,11042.9,11143.1,10596.5,13072.0,10711.6,9097.5,12439.7,10959.3,10082.2,10840.7,10669.9,6719.8,12402.0,10258.9,12402.0,7069.3,10890.3,8365.0,11900.4,14077.5,10218.3,10944.2,11134.7,10725.2,11648.3,12170.8,7729.8,133.8,8450.2,12631.7,9063.4,14734.7,10413.4,11473.8,13988.1,7729.8,12631.7,8450.2,12159.4,13978.8,8662.4,7729.8,16608.3,9063.4,11792.0,7865.8,16608.3,2983.2,0.0,108.7,154.0,11177.5,9805.8,10301.3,10945.2,11550.4,13631.4,13751.0,10887.0,5120.6,5120.6,3483.9,14324.9,10286.1,10286.1,13686.5,13762.8,3525.9,11562.7,7865.8,8578.1,10813.3,8640.5,10753.7,11524.1,3316.6,8813.2,7729.8,12402.0,14734.7,9588.2,11008.2,10766.7,10744.2,10811.6,10971.6,9776.8,12223.6,9951.4,10464.4,11010.1,6739.4,10910.9,11320.7,10490.0,11529.4,7816.6,11305.2,11011.2,9954.8,10420.8,10937.3,9940.8,11064.6,10952.5,9840.6,10420.3,10930.3,10689.7,11339.2,11332.6,11069.4,10952.5,11935.8,10356.8,8731.9,10622.5,10747.8,11009.9,11630.7,11659.7,10814.3,10955.4,3700.2,10016.7,14389.1,13988.1,8266.4,9138.5,3144.9,10065.2,10413.4,3581.4,13542.2,13485.7,1666.4,25499.7,8461.3,10816.2,3310.8,9737.8,10163.3,7629.5,10775.8,11302.3,3265.5,10948.6,3071.5,13179.1,11032.0,11648.3,12757.0,13563.1,8662.4,5206.8,10308.2,1420.2,2518.2,10379.3,13813.1,7697.2,13404.6,5960.2,4948.8,15417.9,6150.0,4500.6,14852.4,17067.3,11813.8,13978.3,9778.6,12710.8,3622.9,10852.9,3802.0,10090.4,6004.0,4799.0,3366.7,10289.7,10193.0,5930.3,13762.8,14187.1,10376.6,9052.4,9714.3
189,10682.0,10055.0,9073.3,10983.5,10854.1,10843.3,10800.8,10365.4,8658.8,9723.0,8936.6,11069.5,10977.5,11066.0,12287.9,10073.9,13637.5,11556.4,10825.8,7303.8,13691.8,5877.4,15246.4,9979.2,10389.2,12957.8,8517.5,11621.1,9918.8,12655.8,10942.2,10429.9,12758.9,10732.3,702.8,10158.4,10122.4,12435.0,9154.4,10172.0,11023.1,11363.2,11018.5,9978.7,10198.7,10942.6,10390.5,12196.3,12505.5,12459.4,5129.2,9998.3,11747.8,10912.4,10915.3,9769.8,10648.3,10345.9,11482.5,12321.0,8196.7,10962.3,8932.5,10689.7,11181.2,11009.1,10500.3,10691.4,12479.1,10779.3,10862.8,11051.5,11151.8,10605.2,13080.7,10720.2,9106.2,12448.3,10968.0,10090.9,10849.4,10678.5,6728.4,12410.6,10267.6,12410.6,7077.9,10899.0,8373.6,11909.0,14086.2,10226.9,10952.9,11143.3,10733.9,11656.9,12179.5,7738.5,155.5,8458.9,12640.3,9072.1,14743.4,10422.1,11482.5,13996.7,7738.5,12640.3,8458.9,12168.0,13987.5,8671.0,7738.5,16616.9,9072.1,11800.6,7874.4,16616.9,2991.8,108.7,0.0,131.4,11186.1,9814.5,10309.9,10953.9,11559.0,13640.0,13759.6,10895.7,5129.2,5129.2,3492.6,14333.5,10294.7,10294.7,13695.2,13771.4,3534.5,11571.4,7874.4,8586.8,10822.0,8649.2,10762.4,11532.8,3325.2,8821.8,7738.5,12410.6,14743.4,9596.8,11016.8,10775.3,10752.9,10820.2,10980.2,9785.4,12232.2,9960.0,10473.0,11018.8,6748.1,10919.6,11329.3,10498.6,11538.0,7825.2,11313.9,11019.8,9963.4,10429.4,10946.0,9949.4,11073.3,10961.2,9849.2,10428.9,10938.9,10698.3,11347.9,11341.2,11078.0,10961.2,11944.4,10365.4,8740.5,10631.1,10756.4,11018.5,11639.3,11668.3,10822.9,10964.0,3708.9,10025.3,14397.7,13996.7,8275.0,9147.1,3153.6,10073.9,10422.1,3590.1,13550.9,13494.4,1688.1,25477.1,8470.0,10824.9,3319.5,9746.5,10172.0,7638.1,10784.5,11311.0,3274.1,10957.2,3080.2,13187.7,11040.6,11656.9,12765.6,13571.8,8671.0,5215.4,10316.9,1397.6,2526.9,10387.9,13821.7,7705.9,13413.2,5968.8,4957.4,15426.5,6158.7,4509.3,14861.0,17075.9,11822.5,13986.9,9787.2,12719.4,3631.5,10861.5,3810.7,10099.0,6012.6,4807.6,3375.3,10298.3,10201.7,5939.0,13771.4,14195.8,10385.2,9061.0,9723.0
190,10637.8,10010.8,9029.0,10939.3,10809.9,10799.0,10756.6,10321.2,8614.6,9678.7,8892.4,11025.3,10933.3,11021.7,12243.7,10029.6,13593.3,11512.1,10781.6,7259.6,13647.6,5833.1,15202.2,9935.0,10345.0,12913.5,8473.2,11576.9,9874.6,12611.6,10898.0,10385.7,12714.6,10688.0,658.6,10114.2,10078.1,12390.8,9110.2,10127.7,10978.9,11318.9,10974.3,9934.4,10154.5,10898.4,10346.3,12152.1,12461.3,12415.1,5085.0,9954.0,11703.6,10868.1,10871.1,9725.6,10604.1,10301.6,11438.3,12276.7,8152.5,10918.1,8888.3,10645.5,11137.0,10964.9,10456.1,10647.2,12434.9,10735.1,10818.6,11007.3,11107.5,10561.0,13036.5,10676.0,9062.0,12404.1,10923.7,10046.6,10805.1,10634.3,6684.2,12366.4,10223.4,12366.4,7033.7,10854.8,8329.4,11864.8,14042.0,10182.7,10908.6,11099.1,10689.7,11612.7,12135.2,7694.2,200.8,8414.6,12596.1,9027.8,14699.1,10377.9,11438.3,13952.5,7694.2,12596.1,8414.6,12123.8,13943.2,8626.8,7694.2,16572.7,9027.8,11756.4,7830.2,16572.7,2947.6,154.0,131.4,0.0,11141.9,9770.2,10265.7,10909.7,11514.8,13595.8,13715.4,10851.5,5085.0,5085.0,3448.4,14289.3,10250.5,10250.5,13651.0,13727.2,3490.3,11527.1,7830.2,8542.5,10777.7,8604.9,10718.1,11488.5,3281.0,8777.6,7694.2,12366.4,14699.1,9552.6,10972.6,10731.1,10708.6,10776.0,10936.0,9741.2,12188.0,9915.8,10428.8,10974.5,6703.9,10875.3,11285.1,10454.4,11493.8,7781.0,11269.7,10975.6,9919.2,10385.2,10901.7,9905.2,11029.0,10917.0,9805.0,10384.7,10894.7,10654.1,11303.7,11297.0,11033.8,10917.0,11900.2,10321.2,8696.3,10586.9,10712.2,10974.3,11595.1,11624.1,10778.7,10919.8,3664.7,9981.1,14353.5,13952.5,8230.8,9102.9,3109.4,10029.6,10377.9,3545.8,13506.6,13450.1,1712.2,25432.9,8425.7,10780.6,3275.2,9702.2,10127.7,7593.9,10740.2,11266.8,3229.9,10913.0,3035.9,13143.5,10996.4,11612.7,12721.4,13527.5,8626.8,5171.2,10272.6,1353.4,2482.7,10343.7,13777.5,7661.6,13369.0,5924.6,4913.2,15382.3,6114.4,4465.1,14816.8,17031.7,11778.2,13942.7,9743.0,12675.2,3587.3,10817.3,3766.4,10054.8,5968.4,4763.4,3331.1,10254.1,10157.5,5894.8,13727.2,14151.5,10341.0,9016.8,9678.7
191,841.7,1373.1,3000.6,1325.8,359.6,1010.7,387.7,927.8,4469.3,5832.0,2774.2,953.5,346.3,685.6,4045.3,6494.4,3761.4,1520.7,453.2,3986.4,2594.5,5930.7,6723.9,1336.5,7223.4,11156.0,4763.2,858.4,1436.0,4794.4,1300.0,890.8,2139.0,6267.2,10525.0,1350.8,1249.0,1466.4,2982.0,1023.4,901.4,673.9,628.7,1320.1,1154.5,602.3,2479.0,9547.3,1578.3,1490.8,8659.8,2034.1,650.5,375.6,398.5,1416.3,814.1,1031.0,2690.8,1404.8,3302.8,910.5,2815.0,793.2,730.2,645.1,804.0,2042.8,1859.2,595.1,506.6,414.6,894.0,918.0,2163.1,667.8,2993.0,1530.7,874.7,1230.6,541.4,775.4,6316.7,9761.1,996.4,9761.1,4362.8,580.6,10293.9,1389.5,5237.1,1588.4,495.5,9780.3,703.8,9049.0,9514.8,3750.2,11193.1,6160.7,10725.1,4850.3,8656.9,7175.6,2690.8,2852.8,3750.2,10725.1,6160.7,9496.3,7493.1,4719.5,3750.2,5356.2,4850.3,703.3,3776.7,5356.2,8461.6,11177.5,11186.1,11141.9,0.0,6007.2,1557.9,371.6,643.3,2482.2,11536.9,354.6,8659.8,8659.8,8081.7,8524.4,7524.1,7524.1,2537.4,2613.7,8078.8,11049.7,3776.7,3084.3,639.6,2748.9,653.9,435.4,8642.1,5114.6,3750.2,9761.1,8656.9,1610.1,854.2,421.5,562.7,404.6,381.7,1407.7,1579.8,1434.9,882.0,905.7,4612.7,1248.1,684.9,978.6,622.3,3727.4,1344.2,310.8,1400.4,932.1,498.3,1396.5,626.6,676.5,1348.9,893.4,247.4,742.6,8740.0,218.3,916.0,676.5,889.9,927.8,5073.0,555.0,611.5,628.7,489.0,10145.8,640.6,485.0,9017.0,2080.4,8328.6,2852.8,3544.0,4676.5,8402.3,6494.4,7175.6,8036.5,2377.9,11195.5,11119.0,29440.2,2956.3,420.9,8502.5,1893.3,1023.4,4095.8,9484.0,363.6,8725.5,874.1,8311.0,5033.4,802.0,9049.0,10483.9,2414.0,4719.5,7088.5,8847.8,11882.4,9631.0,8916.9,12506.2,9910.6,11323.7,5465.6,7698.7,4287.8,6219.0,7354.8,12884.0,15262.1,10156.0,11897.4,8877.8,11689.7,8663.7,679.2,8980.1,1260.2,6823.9,7866.0,9739.5,6095.7,1521.0,5497.3,2613.7,3846.5,7164.6,4898.7,5832.0
192,6495.4,5509.5,5058.8,4682.7,5731.6,5007.8,5705.9,6178.8,2485.2,202.4,4832.4,6882.8,6027.4,6372.5,4564.8,568.7,5914.4,4733.1,5590.9,5225.1,6619.9,6217.5,7523.3,5792.6,1378.6,5311.2,2481.5,5382.6,5558.7,4932.7,4718.7,5742.5,7637.4,1266.3,9153.4,5612.9,5935.7,6918.7,5040.1,5985.3,5187.6,6577.3,6315.6,5792.0,6012.1,5988.8,4444.0,3702.5,7030.6,6943.1,6208.0,4859.6,5874.8,6037.6,6060.5,5583.1,6461.7,6159.2,3759.4,6857.1,4408.4,5126.8,4873.2,6503.1,6422.4,6307.8,6313.6,4746.6,7357.7,5412.3,6168.7,6101.5,6572.6,6418.5,7532.2,6533.6,5051.1,6983.0,5132.5,5705.7,5905.3,6491.9,3400.2,3916.3,5519.1,3916.3,4320.7,6242.7,5183.7,7248.3,6363.1,5244.0,5546.8,3854.7,6547.2,3204.2,3669.9,3397.7,9821.4,1403.0,4880.3,1517.7,5732.7,1393.2,3759.4,6216.9,3397.7,4880.3,1403.0,3651.5,4976.8,2436.6,3397.7,8960.8,1517.7,5797.8,3533.7,8960.8,7694.6,9805.8,9814.5,9770.2,6007.2,0.0,5158.5,5831.3,5675.8,6337.4,5692.1,5773.1,6208.0,6208.0,6404.2,5322.9,1679.3,1679.3,6296.6,6317.5,6401.3,5124.0,3533.7,5030.5,5367.7,4186.3,5427.2,6026.2,7884.3,1133.0,3397.7,3916.3,5732.7,5410.2,5181.4,5734.8,6566.2,5756.5,6043.7,5598.8,7137.8,5414.5,6286.3,5183.3,5538.0,4773.4,6571.7,5919.4,5606.6,3484.4,4855.1,5978.2,5776.7,6242.8,6160.3,5762.8,6313.5,6356.4,5662.6,5745.2,5816.3,6511.7,2895.2,6132.1,5242.6,6356.4,5768.3,6178.8,2267.3,5763.7,5644.8,6315.6,6315.3,4220.1,5366.7,5941.0,6602.9,4757.7,5387.1,6216.9,3296.3,1676.6,6697.8,568.7,1393.2,6358.9,6215.4,5350.7,10351.9,23595.4,3967.2,5615.8,6633.1,5200.9,5985.3,5709.5,3558.3,6267.0,7967.6,6770.6,7469.6,5464.6,5205.2,3204.2,4639.0,6236.4,2436.6,4669.1,2922.1,10759.7,7476.1,2991.2,6661.4,4800.5,5478.9,4821.9,5255.8,8537.2,3748.2,5489.4,7039.2,9417.3,4230.4,6052.6,2926.1,5844.9,6357.1,5329.5,6493.1,5912.4,4328.6,5414.1,7427.1,808.1,5404.8,4787.2,6317.5,6472.6,1374.6,1108.5,202.4
193,1708.5,587.9,2028.0,731.5,1282.2,558.5,1282.6,1347.3,3400.0,4983.2,1801.6,2124.3,1578.1,1923.2,3208.6,5645.6,3944.2,1321.7,1141.6,3013.8,3670.5,4752.6,6043.1,1075.0,6374.6,10307.3,3693.9,1336.3,637.1,3957.7,690.2,966.2,3490.7,5418.4,9648.8,681.0,1274.2,2818.1,2009.3,927.6,738.3,2128.0,1891.5,1041.6,1319.8,1456.9,1144.8,8698.6,2930.0,2842.5,7590.6,700.0,1833.4,1596.8,1615.0,841.5,1630.2,1226.7,1890.7,2756.6,2071.0,677.5,1842.4,1671.5,1973.1,1876.3,1482.1,654.7,3210.9,963.0,1723.1,1652.2,2141.0,1661.2,3514.8,1683.9,2020.3,2882.4,683.2,539.1,1373.4,1660.7,5247.4,8912.4,747.2,8912.4,3293.5,1797.1,9224.6,2799.0,4656.5,85.6,1097.5,8931.6,1675.1,8200.2,8666.0,2680.9,10316.9,5311.9,9876.3,3960.0,7870.4,6326.8,1890.7,3711.9,2680.9,9876.3,5311.9,8647.5,6706.6,3650.2,2680.9,6332.1,3960.0,1803.2,2707.4,6332.1,7283.6,10301.3,10309.9,10265.7,1557.9,5158.5,0.0,1382.0,1498.1,3355.2,10688.2,1323.8,7590.6,7590.6,7012.4,7737.9,6675.4,6675.4,3410.4,3486.7,7009.5,10200.9,2707.4,2111.7,918.4,1679.6,977.9,1588.0,7464.0,4265.8,2680.9,8912.4,7870.4,754.0,732.1,1257.2,1673.5,1302.0,1594.4,866.0,2931.5,498.3,1454.8,734.0,3434.6,667.5,2122.4,1143.1,1457.6,2658.1,1003.0,1528.9,1157.4,1411.3,1714.8,1130.8,1864.2,1924.9,846.1,968.9,1367.0,1680.5,7891.2,1682.8,793.2,1924.9,1829.0,1347.3,4003.7,1112.9,1207.4,1891.5,1870.2,9297.0,917.4,1445.8,7947.7,746.2,7542.1,3711.9,2474.7,3769.8,7288.6,5645.6,6326.8,6967.2,3266.1,10346.8,9940.9,28591.5,1887.0,1166.5,7433.2,824.0,927.6,3123.1,8635.3,1817.7,7547.4,2034.7,7132.9,4233.3,755.9,8200.2,9635.1,3287.0,3650.2,6019.2,7999.0,10704.3,8517.3,8068.1,11657.4,8841.4,10474.9,4396.3,6629.4,5500.6,5149.7,6285.6,12035.3,14413.4,9307.3,11048.6,8029.0,10840.9,7594.4,880.2,7910.9,1205.5,5754.6,6796.7,8670.2,5246.9,246.3,4428.0,3486.7,4502.4,6315.8,4049.9,4983.2
200,700.4,1183.6,2768.4,1149.9,109.6,834.8,155.5,714.2,4402.8,5656.1,2542.0,828.8,224.1,569.2,3869.4,6318.5,3806.4,1544.2,384.4,3754.2,2951.6,5698.5,6547.9,1031.5,7047.5,10980.1,4696.8,1024.5,1246.5,4618.4,1124.1,658.5,2294.9,6091.3,10292.8,1118.6,997.9,1766.7,2749.7,791.2,725.4,814.7,512.3,997.1,855.9,253.3,2295.4,9371.4,1878.6,1791.0,8593.4,1850.5,1007.6,234.3,257.2,1184.1,515.7,659.5,2514.9,1705.1,3070.5,734.5,2582.8,513.4,619.1,504.5,641.6,1866.9,2015.1,419.1,365.4,298.2,769.2,776.7,2463.3,463.0,2760.7,1830.9,698.8,1041.1,169.8,528.4,6250.3,9585.2,806.9,9585.2,4311.8,439.4,10227.4,1445.0,5161.3,1407.2,490.3,9604.4,454.2,8873.1,9338.8,3683.7,10960.8,5984.8,10549.2,4674.4,8481.0,6999.6,2514.9,3175.5,3683.7,10549.2,5984.8,9320.4,7317.1,4653.0,3683.7,5713.4,4674.4,1060.4,3710.2,5713.4,8229.4,10945.2,10953.9,10909.7,371.6,5831.3,1382.0,0.0,855.2,2818.8,11361.0,80.1,8593.4,8593.4,8015.2,8348.5,7348.2,7348.2,2874.0,2950.2,8012.4,10873.8,3710.2,2852.1,463.7,2710.9,478.0,792.6,8409.9,4938.7,3683.7,9585.2,8481.0,1377.9,678.2,189.2,413.2,157.5,240.4,1175.5,1768.2,1245.4,719.6,729.7,4380.5,1072.2,768.4,746.3,834.3,3660.9,1319.2,167.8,1097.5,769.7,357.0,1093.6,510.1,553.1,1116.6,661.2,157.7,601.4,8564.0,570.6,740.1,553.1,1240.7,714.2,5006.5,322.8,390.2,512.3,841.3,9969.9,464.6,137.7,8950.5,1896.7,8152.7,3175.5,3477.6,4500.6,8170.0,6318.5,6999.6,7970.0,2721.6,11019.6,10886.8,29264.3,2918.3,366.0,8436.0,1679.2,791.2,3863.5,9308.1,540.9,8493.2,749.4,8078.7,4857.5,626.1,8873.1,10307.9,2750.6,4653.0,7022.0,8671.9,11650.1,9398.7,8741.0,12330.3,9844.2,11147.8,5405.5,7632.2,4640.2,6152.5,7288.4,12708.1,15086.2,9980.1,11721.5,8701.9,11513.8,8597.2,503.2,8913.7,957.3,6757.4,7799.5,9673.0,5919.8,1339.8,5437.1,2950.2,4169.3,6988.6,4722.8,5656.1
201,1454.8,1715.8,3373.5,1192.6,843.2,939.6,871.4,1540.9,4812.0,5500.6,3147.1,1575.0,967.8,1307.1,3668.4,6163.0,3161.9,985.5,747.3,4359.3,2327.7,6303.6,6234.7,1810.6,6892.0,10824.6,5105.9,323.2,1778.7,4417.5,1166.8,1272.1,2278.4,5935.8,10897.9,1694.3,1853.0,1559.7,3354.8,1392.3,986.5,1306.4,1250.2,1777.2,1711.1,1108.5,2620.6,9215.9,1671.6,1584.1,9002.5,2201.1,509.2,988.7,1011.6,1791.5,1370.9,1514.7,2313.9,1498.1,3483.0,901.2,3187.9,1368.6,1357.0,1258.9,1417.1,1909.6,1998.7,821.1,1119.8,1036.1,1515.5,1531.1,2256.4,1280.9,3365.8,1624.0,936.9,1573.3,1025.0,1373.1,6659.4,9429.7,1339.1,9429.7,4705.5,1193.8,10636.6,1869.3,4637.7,1583.7,656.3,9448.9,1291.3,8717.6,9183.3,4092.9,11565.9,5829.2,10393.7,4518.9,8280.0,6844.1,2313.9,2381.4,4092.9,10393.7,5829.2,9164.9,7116.2,5062.2,4092.9,5001.6,4518.9,432.1,4119.4,5001.6,8834.5,11550.4,11559.0,11514.8,643.3,5675.8,1498.1,855.2,0.0,2024.7,11205.5,838.3,9002.5,9002.5,8424.4,8147.5,7192.7,7192.7,2079.8,2156.1,8421.5,10718.3,4119.4,3457.2,834.2,3091.6,848.5,458.5,9015.0,4783.2,4092.9,9429.7,8280.0,1983.0,939.4,905.1,1175.8,888.2,994.8,1782.9,1772.2,1777.6,1495.2,987.7,4985.6,1114.9,1317.4,1449.0,69.2,4070.1,857.1,881.6,1914.7,1545.2,1111.4,1888.0,1248.1,1298.0,1724.0,1274.8,731.1,1355.8,8408.5,701.1,1001.2,1298.0,457.9,1540.9,5092.9,1038.6,965.6,1250.2,747.6,9814.4,835.2,992.9,9359.7,2247.3,7951.8,2381.4,3886.7,4345.1,8700.6,6163.0,6844.1,8379.2,1935.5,10864.1,11491.9,29108.8,3299.0,777.3,8845.2,2236.0,1392.3,4468.6,9152.6,996.1,9098.3,1495.6,8683.8,4656.6,888.6,8717.6,10152.4,1956.4,5062.2,7431.2,8516.4,12255.2,9929.3,8585.5,12174.8,10253.4,10992.3,5808.3,8041.4,4144.8,6561.7,7697.5,12552.6,14930.7,9824.6,11566.0,8546.4,11358.3,9006.4,873.8,9322.9,1812.5,7166.6,8208.7,10082.2,5764.3,1744.4,5840.0,2156.1,3358.0,6833.1,4567.2,5500.6
205,3284.2,3679.4,5337.1,2926.3,2806.8,2789.4,2835.0,3370.3,5829.1,6162.2,5110.7,3396.0,2788.9,3128.1,3330.3,6824.5,1613.4,2407.4,2710.9,6322.9,672.8,8267.2,4563.4,3774.2,7553.5,11486.2,5968.6,2065.9,3742.3,4079.3,2962.3,3235.7,2910.3,6597.3,12978.9,3657.9,3691.5,2535.3,5318.4,3355.9,2836.3,3080.8,3071.3,3740.8,3597.0,3044.8,4308.0,9877.5,2604.1,2539.4,10454.0,4058.3,1889.6,2818.1,2841.1,3755.1,3256.7,3478.2,2772.0,2690.5,5401.1,2751.0,5151.5,3235.7,3167.2,3087.7,3246.6,3597.0,2912.3,2784.7,2949.2,2857.2,3336.5,3360.5,2735.4,3110.4,5329.4,2755.6,2786.7,3536.9,2988.6,3218.0,7646.2,10091.3,3302.7,10091.3,6623.6,3023.2,10883.6,3310.8,3098.0,3440.8,2619.9,10110.5,3146.3,9379.1,9844.9,6011.0,13647.0,6490.8,11055.2,5180.5,7883.8,7505.7,2772.0,484.1,6011.0,11055.2,6490.8,9826.4,6719.9,5923.7,6011.0,2974.0,5180.5,1812.6,6037.5,2974.0,10798.1,13631.4,13640.0,13595.8,2482.2,6337.4,3355.2,2818.8,2024.7,0.0,11867.1,2801.9,10454.0,10454.0,10342.5,7751.3,7854.3,7854.3,120.3,151.7,10339.6,11379.8,6037.5,5420.8,2797.8,5009.7,2812.2,2141.1,10978.6,5444.7,6011.0,10091.3,7883.8,3946.6,2789.2,2868.7,3005.2,2851.8,2824.2,3746.5,3066.4,3741.2,3324.6,2837.5,6949.2,2952.0,3109.1,3412.6,2068.5,5988.2,2588.0,2756.3,3842.9,3374.6,2940.8,3839.1,3069.1,3119.1,3687.7,3238.4,2694.7,3185.2,9070.1,2492.1,2851.0,3119.1,1697.5,3370.3,5754.4,3002.2,2929.2,3071.3,2346.1,10475.9,2798.8,2930.5,10848.9,4104.5,7555.5,484.1,5804.8,5006.6,10618.8,6824.5,7505.7,10297.3,177.7,11525.7,13455.5,29770.4,5217.1,2740.9,10763.3,4154.1,3355.9,6432.2,9814.2,2800.6,11061.9,3316.6,10647.4,4260.3,2738.4,9379.1,10814.0,133.5,5923.7,8915.1,9177.9,14218.8,11847.4,9247.0,12836.3,10500.4,11653.8,7726.4,9501.8,2541.4,7994.2,9615.6,13214.2,15592.3,10486.2,12227.5,9208.0,12019.9,10603.1,2808.8,10739.1,3702.7,8574.6,9660.1,11673.1,6425.9,3601.6,7758.1,151.7,1477.9,7494.7,5228.8,6162.2
214,12087.7,11101.9,10651.2,10212.4,11261.3,10537.5,11235.6,11771.1,8077.6,5704.9,10424.8,12475.2,11557.1,11902.2,10094.5,5129.1,11444.1,10262.8,11120.6,10817.4,12149.6,11809.9,9070.1,11384.9,4508.1,1291.2,8081.3,10912.2,11151.1,10462.4,10248.4,11272.2,13167.1,5964.3,13098.5,11205.3,11528.1,12448.4,10632.5,11577.7,10717.3,12107.0,11845.3,11384.4,11604.4,11518.5,9973.7,2062.9,12560.3,12472.8,9970.2,10389.3,11404.5,11567.3,11590.2,11175.5,12054.1,11751.6,9289.1,12386.8,10000.8,10656.5,10465.6,12095.4,11952.1,11837.5,11906.0,10276.2,12887.4,10942.0,11698.4,11631.2,12102.2,12010.9,13061.9,11745.5,10643.5,12512.7,10662.2,11053.7,11435.0,12084.2,8439.3,1776.4,11048.9,1776.4,9913.0,11772.4,5909.5,12778.0,11892.8,10773.7,11076.5,2650.1,11736.7,2529.5,2036.4,8997.5,13766.5,7056.7,1249.2,7117.5,7490.1,4719.5,9289.1,11746.6,8997.5,1249.2,7056.7,2053.9,6495.0,8036.4,8997.5,14490.5,7117.5,11327.5,9133.5,14490.5,12032.6,13751.0,13759.6,13715.4,11536.9,5692.1,10688.2,11361.0,11205.5,11867.1,0.0,11302.8,9970.2,9970.2,10588.6,7316.7,4065.2,4065.2,11826.2,11847.2,10658.9,3092.3,9133.5,10622.9,10897.4,9778.7,10957.0,11555.9,12227.5,6732.8,8997.5,1776.4,7490.1,11002.6,10711.1,11264.5,11735.1,11286.2,11573.4,11191.2,12667.5,11006.9,11878.7,10713.0,11130.3,10303.1,12101.4,11449.1,11136.3,9084.3,10384.8,11507.9,11369.1,11835.2,11690.0,11355.1,11843.2,11886.1,11255.0,11274.9,11346.0,12104.0,2891.6,11661.8,10772.3,11886.1,11298.0,11771.1,7867.1,11293.4,11174.5,11845.3,11845.0,2158.5,10896.5,11470.7,10365.2,10287.4,7144.4,11746.6,8888.7,7207.9,10863.5,5129.1,4719.5,10626.2,11745.1,413.0,14690.0,18508.7,9559.6,11145.5,10556.0,10793.3,11577.7,11301.9,3069.9,11796.7,12310.8,12362.9,11807.7,8414.4,10734.9,2529.5,1062.8,11766.1,8036.4,9404.8,3499.6,14704.9,11305.9,3387.1,2488.5,6606.1,654.0,9861.0,9852.1,14066.9,8787.2,10179.9,2148.7,4322.0,2090.1,444.6,4030.4,2296.8,10280.1,10859.2,10255.4,11504.8,8744.0,9142.3,11256.9,5758.7,10934.5,9826.3,11847.2,12002.4,4660.4,6638.2,5704.9
199,752.5,1125.3,2710.2,1091.7,51.4,776.6,97.3,737.2,4344.6,5597.9,2483.8,880.9,276.3,621.3,3811.2,6260.3,3774.2,1512.0,326.2,3696.0,2942.0,5640.2,6489.7,1054.5,6989.3,10921.9,4638.6,992.3,1188.3,4560.2,1065.9,600.3,2347.0,6033.1,10234.5,1060.4,1020.9,1764.0,2691.5,733.0,667.2,848.4,564.5,1020.1,878.9,276.3,2237.2,9313.2,1875.9,1788.3,8535.2,1792.3,998.0,286.4,309.4,1125.9,538.8,682.5,2456.7,1702.4,3012.3,676.3,2524.6,536.4,671.2,556.6,693.8,1808.7,2067.3,360.9,417.5,350.3,821.4,828.8,2460.6,503.4,2702.5,1828.2,640.6,982.9,192.8,551.4,6192.1,9527.0,748.7,9527.0,4253.6,491.5,10169.2,1497.1,5103.1,1349.0,458.1,9546.2,494.6,8814.9,9280.6,3625.5,10902.6,5926.5,10491.0,4616.2,8422.8,6941.4,2456.7,3158.6,3625.5,10491.0,5926.5,9262.2,7258.9,4594.8,3625.5,5703.7,4616.2,1050.8,3652.0,5703.7,8171.2,10887.0,10895.7,10851.5,354.6,5773.1,1323.8,80.1,838.3,2801.9,11302.8,0.0,8535.2,8535.2,7957.0,8290.3,7290.0,7290.0,2857.0,2933.3,7954.2,10815.6,3652.0,2793.9,405.4,2652.7,419.8,782.9,8351.6,4880.5,3625.5,9527.0,8422.8,1319.7,620.0,131.0,465.3,99.3,292.5,1117.3,1820.3,1187.2,771.8,671.5,4322.2,1014.0,820.5,688.1,817.3,3602.8,1261.0,227.1,1120.5,801.2,409.2,1116.7,562.3,605.2,1058.4,603.0,125.5,653.5,8505.8,561.0,681.9,605.2,1223.7,737.2,4948.3,264.6,332.0,564.5,831.6,9911.7,406.4,189.8,8892.4,1838.5,8094.5,3158.6,3419.3,4442.4,8111.8,6260.3,6941.4,7911.8,2704.6,10961.4,10828.5,29206.1,2860.1,307.8,8377.8,1621.0,733.0,3805.3,9249.9,538.1,8435.0,801.5,8020.5,4799.3,567.9,8814.9,10249.7,2733.6,4594.8,6963.8,8613.7,11591.9,9340.5,8682.8,12272.1,9786.0,11089.6,5347.2,7574.0,4630.5,6094.3,7230.2,12649.9,15028.0,9921.9,11663.3,8643.7,11455.6,8539.0,445.0,8855.5,980.3,6699.2,7741.3,9614.8,5861.6,1281.5,5378.9,2933.3,4152.3,6930.4,4664.5,5597.9
209,8321.5,7335.7,6884.9,8264.1,8493.6,8123.9,8440.3,8004.9,5506.1,6116.4,6658.5,8709.0,8617.0,8705.4,8681.4,6284.5,10031.0,8837.0,8269.4,5714.5,10736.5,4637.9,11639.9,7618.7,6599.8,9168.4,4920.0,8901.7,7384.8,9049.3,8222.8,8069.4,10398.4,7125.8,4468.1,7439.1,7761.8,10074.5,6866.3,7811.4,8303.7,9002.7,8658.0,7618.1,7838.2,8582.1,7671.1,8407.0,10145.0,10098.8,0.0,7278.9,9191.3,8551.9,8554.8,7409.3,8287.8,7985.4,7876.0,9960.4,5847.1,8242.9,6597.7,8329.2,8820.7,8648.6,8139.8,7972.0,10118.6,8222.8,8502.3,8691.0,8791.3,8244.7,10720.2,8359.7,6877.2,10087.8,8248.6,7531.9,8488.9,8318.0,3121.9,8621.2,7743.1,8621.2,4847.3,8538.5,5161.9,9548.5,10479.7,7507.5,8396.4,7353.9,8373.4,7867.5,8390.1,5004.1,5136.1,4852.4,8851.0,5465.6,10954.0,6632.7,7876.0,10333.5,5004.1,8851.0,4852.4,8378.6,10198.1,5073.5,5004.1,13077.5,5465.6,9244.2,5140.1,13077.5,3604.9,5120.6,5129.2,5085.0,8659.8,6208.0,7590.6,8593.4,9002.5,10454.0,9970.2,8535.2,0.0,0.0,2200.9,10544.1,6505.3,6505.3,10413.1,10434.1,2271.2,7782.0,5140.1,6594.4,8265.5,5971.0,8205.9,8976.3,3839.9,5215.3,5004.1,8621.2,10954.0,7236.3,8297.5,8414.8,8392.3,8459.7,8619.7,7424.9,9871.7,7240.6,8112.5,8299.4,5132.8,8200.2,8968.8,8138.1,8981.6,5090.9,8594.5,8659.3,7602.9,8068.9,8585.4,7588.9,8712.8,8600.7,7488.7,8068.4,8578.4,8337.8,7558.5,8784.7,8358.6,8600.7,9388.0,8004.9,5143.0,8270.6,8395.9,8658.0,9082.9,7878.9,8266.5,8603.5,1734.8,7305.9,10608.3,10333.5,5540.7,5540.6,2370.0,6284.5,6632.7,2273.1,10332.0,9705.0,6235.4,23294.9,5756.1,8268.4,1989.9,7027.1,7811.4,6022.9,6995.1,8950.5,3923.3,8596.7,3380.0,9581.2,8321.3,7867.5,8976.3,10353.0,5073.5,1617.9,6527.5,6074.5,2675.5,6598.5,10093.9,4653.3,9623.8,3889.5,1516.5,12870.0,2552.2,1952.7,11071.6,13317.0,8033.1,10197.5,5997.9,8943.9,1714.0,8305.1,1625.0,7738.5,2406.1,1018.2,2626.5,6691.8,7482.3,3859.7,10434.1,10589.3,6595.9,5454.5,6116.4
211,8321.5,7335.7,6884.9,8264.1,8493.6,8123.9,8440.3,8004.9,5506.1,6116.4,6658.5,8709.0,8617.0,8705.4,8681.4,6284.5,10031.0,8837.0,8269.4,5714.5,10736.5,4637.9,11639.9,7618.7,6599.8,9168.4,4920.0,8901.7,7384.8,9049.3,8222.8,8069.4,10398.4,7125.8,4468.1,7439.1,7761.8,10074.5,6866.3,7811.4,8303.7,9002.7,8658.0,7618.1,7838.2,8582.1,7671.1,8407.0,10145.0,10098.8,0.0,7278.9,9191.3,8551.9,8554.8,7409.3,8287.8,7985.4,7876.0,9960.4,5847.1,8242.9,6597.7,8329.2,8820.7,8648.6,8139.8,7972.0,10118.6,8222.8,8502.3,8691.0,8791.3,8244.7,10720.2,8359.7,6877.2,10087.8,8248.6,7531.9,8488.9,8318.0,3121.9,8621.2,7743.1,8621.2,4847.3,8538.5,5161.9,9548.5,10479.7,7507.5,8396.4,7353.9,8373.4,7867.5,8390.1,5004.1,5136.1,4852.4,8851.0,5465.6,10954.0,6632.7,7876.0,10333.5,5004.1,8851.0,4852.4,8378.6,10198.1,5073.5,5004.1,13077.5,5465.6,9244.2,5140.1,13077.5,3604.9,5120.6,5129.2,5085.0,8659.8,6208.0,7590.6,8593.4,9002.5,10454.0,9970.2,8535.2,0.0,0.0,2200.9,10544.1,6505.3,6505.3,10413.1,10434.1,2271.2,7782.0,5140.1,6594.4,8265.5,5971.0,8205.9,8976.3,3839.9,5215.3,5004.1,8621.2,10954.0,7236.3,8297.5,8414.8,8392.3,8459.7,8619.7,7424.9,9871.7,7240.6,8112.5,8299.4,5132.8,8200.2,8968.8,8138.1,8981.6,5090.9,8594.5,8659.3,7602.9,8068.9,8585.4,7588.9,8712.8,8600.7,7488.7,8068.4,8578.4,8337.8,7558.5,8784.7,8358.6,8600.7,9388.0,8004.9,5143.0,8270.6,8395.9,8658.0,9082.9,7878.9,8266.5,8603.5,1734.8,7305.9,10608.3,10333.5,5540.7,5540.6,2370.0,6284.5,6632.7,2273.1,10332.0,9705.0,6235.4,23294.9,5756.1,8268.4,1989.9,7027.1,7811.4,6022.9,6995.1,8950.5,3923.3,8596.7,3380.0,9581.2,8321.3,7867.5,8976.3,10353.0,5073.5,1617.9,6527.5,6074.5,2675.5,6598.5,10093.9,4653.3,9623.8,3889.5,1516.5,12870.0,2552.2,1952.7,11071.6,13317.0,8033.1,10197.5,5997.9,8943.9,1714.0,8305.1,1625.0,7738.5,2406.1,1018.2,2626.5,6691.8,7482.3,3859.7,10434.1,10589.3,6595.9,5454.5,6116.4
212,7743.3,6757.5,6237.4,7686.0,7915.5,7545.8,7862.2,7426.8,5361.3,6312.6,6072.2,8130.8,8038.8,8127.3,8877.6,6893.2,10227.2,8258.8,7691.2,4479.0,10557.2,3032.0,11836.1,7040.5,7218.2,9786.8,5107.1,8323.6,6806.7,9245.5,7644.7,7491.2,9820.2,7322.0,2831.5,6860.9,7183.7,9496.3,6290.0,7233.3,7725.6,8424.5,8079.9,7040.0,7260.0,8004.0,7093.0,9025.4,9566.9,9520.7,2200.9,6700.7,8613.2,7973.7,7976.6,6831.1,7709.7,7407.2,8072.2,9382.3,5076.6,7664.8,6068.1,7751.1,8242.5,8070.5,7561.6,7393.9,9540.5,7644.7,7924.2,8112.9,8213.1,7666.5,10142.0,7781.5,6245.8,9509.6,7670.4,6953.7,7910.7,7739.8,3318.1,9239.6,7165.0,9239.6,3780.4,7960.3,5780.3,8970.3,10675.9,6929.4,7818.3,7972.3,7795.2,8485.9,9008.5,4440.9,3499.5,5048.6,9469.4,5661.8,11572.4,7251.1,8072.2,10699.2,4440.9,9469.4,5048.6,8997.0,12091.7,5260.7,4440.9,13319.4,5661.8,8666.0,4576.9,13319.4,1568.0,3483.9,3492.6,3448.4,8081.7,6404.2,7012.4,8015.2,8424.4,10342.5,10588.6,7957.0,2200.9,2200.9,0.0,11162.5,7123.7,7123.7,10397.7,10473.9,185.0,8400.4,4576.9,5736.0,7687.4,5351.6,7627.8,8398.1,1787.3,5411.5,4440.9,9239.6,11572.4,6658.2,7719.3,7836.7,7814.2,7881.5,8041.5,6846.8,9293.5,6662.5,7534.3,7721.2,3923.3,7622.0,8390.7,7559.9,8403.4,4527.7,8016.4,8081.1,7024.7,7490.8,8007.3,7010.8,8134.6,8022.5,6910.6,7490.2,8000.2,7759.7,8176.9,8206.6,7780.5,8022.5,8809.8,7426.8,5330.2,7692.5,7817.7,8079.9,8504.7,8497.3,7688.3,8025.4,1490.7,6727.8,11226.7,10699.2,4977.5,5736.8,375.9,6893.2,7251.1,226.1,10253.3,10323.4,4225.4,23425.4,5172.4,7690.2,678.8,6448.9,7233.3,4813.4,7613.5,8372.3,1870.6,8018.5,1343.0,9777.4,7743.1,8485.9,9594.7,10274.2,5260.7,1805.1,7145.9,4437.9,1654.0,7216.9,10712.3,5271.7,10242.2,2671.3,1547.1,12291.9,2748.4,1099.0,11690.1,13935.4,8651.5,10816.0,6616.2,9562.3,1133.3,7726.9,1492.3,7160.4,2602.3,1525.5,2212.8,6888.0,6904.1,2641.4,10473.9,10785.5,7214.3,5650.7,6312.6
213,9020.9,8200.0,9462.7,7199.9,8248.7,7525.0,8223.1,8729.3,8302.0,5335.7,9236.3,9149.2,8544.6,8889.6,4585.0,4759.9,6336.0,7204.9,8108.0,10448.5,8361.1,12392.8,4132.8,8570.1,3944.3,7628.6,8441.5,7854.3,8263.0,3944.8,7235.9,8322.0,10109.2,4898.2,13672.4,8245.4,8785.4,9390.5,9444.0,8306.5,7704.8,9094.5,8832.8,8536.7,8778.9,8505.9,7457.7,6020.0,9502.4,9414.8,10544.1,7873.2,8346.5,8554.8,8577.7,8477.0,8768.4,8636.4,5990.9,9328.9,9557.9,7644.0,9277.1,8766.0,8939.5,8825.0,8864.2,7533.8,9829.4,7929.5,8685.8,8618.7,9089.7,9038.7,10003.9,8733.0,9455.0,9454.7,7649.7,8103.4,8422.5,8781.0,10119.0,6233.8,8098.6,6233.8,10137.5,8759.9,9217.1,9765.5,5669.2,7823.5,8064.0,6560.3,8724.2,5548.0,5987.4,9238.9,14340.5,6687.5,7197.7,7653.3,731.2,4121.6,5990.9,7392.0,9238.9,7197.7,6687.5,5968.9,1279.7,8396.5,9238.9,9144.4,7653.3,8269.5,9343.2,9144.4,12606.5,14324.9,14333.5,14289.3,8524.4,5322.9,7737.9,8348.5,8147.5,7751.3,7316.7,8290.3,10544.1,10544.1,11162.5,0.0,4194.7,4194.7,7710.4,7731.4,11232.8,7829.7,9343.2,9546.4,7884.9,9166.5,7944.4,8497.9,12801.4,6363.6,9238.9,6233.8,731.2,8465.7,7698.5,8252.0,8722.5,8273.6,8560.9,8501.5,9609.5,8236.1,8836.9,7700.5,11074.8,7290.6,9088.9,8498.8,8078.3,9293.9,7326.8,8495.4,8674.2,8793.4,8677.5,8647.5,8830.6,8873.6,8481.6,8324.6,8333.4,8921.9,5239.0,8649.3,7759.7,8873.6,8240.1,8729.3,8227.3,8280.8,8161.9,8832.8,8787.1,6925.8,7883.9,8458.2,10939.1,7771.4,385.6,7392.0,8939.5,7479.5,11437.3,4759.9,4121.6,11200.1,7842.6,7062.9,15263.9,25617.1,9373.9,8132.9,11129.9,8172.2,8306.5,10557.8,6264.0,8784.2,12884.7,9069.9,12381.6,3491.0,7722.4,5548.0,6956.5,7825.9,8396.5,11387.9,5627.8,15278.8,11879.8,5696.9,8978.8,9226.1,7796.3,11107.5,10426.0,9765.5,10467.0,12208.3,9356.7,11161.3,6936.0,7610.7,5807.9,8162.3,10854.0,7846.7,10829.3,8700.5,9317.9,9716.2,11830.8,4964.1,7984.2,11099.2,7731.4,6447.4,4072.1,7701.7,5335.7
215,8074.9,7089.1,6638.4,6199.6,7248.5,6524.7,7222.8,7758.3,4064.8,1692.1,6412.0,8462.4,7544.4,7889.4,6081.7,1116.3,7431.3,6250.0,7107.8,6804.6,8136.8,7797.1,5926.2,7372.1,495.3,3684.3,4068.5,6899.5,7138.3,6449.6,6235.6,7259.4,9154.3,1987.5,9633.6,7192.5,7515.3,8435.6,6619.7,7564.9,6704.5,8094.2,7832.5,7371.6,7591.6,7505.7,5960.9,2075.2,8547.5,8460.0,6505.3,6376.5,7391.7,7554.5,7577.4,7162.7,8041.3,7738.8,5276.3,8374.0,5988.0,6643.8,6452.8,8082.6,7939.3,7824.7,7893.2,6263.4,8874.6,6929.2,7685.6,7618.4,8089.5,7998.1,9049.1,7732.7,6630.7,8499.9,6649.4,7040.9,7422.2,8071.4,4814.7,2289.4,7036.1,2289.4,5900.2,7759.6,5057.5,8765.2,7880.0,6760.9,7063.7,2400.7,7723.9,1535.7,2058.3,4984.7,10301.6,3043.9,3253.4,3104.7,4604.5,706.7,5276.3,7733.8,4984.7,3253.4,3043.9,2051.0,3848.7,4023.6,4984.7,10477.8,3104.7,7314.7,5120.7,10477.8,8567.7,10286.1,10294.7,10250.5,7524.1,1679.3,6675.4,7348.2,7192.7,7854.3,4065.2,7290.0,6505.3,6505.3,7123.7,4194.7,0.0,0.0,7813.4,7834.4,7194.0,3670.0,5120.7,6610.1,6884.6,5765.9,6944.1,7543.1,8762.6,2720.0,4984.7,2289.4,4604.5,6989.8,6698.3,7251.7,7722.3,7273.4,7560.6,7178.4,8654.7,6994.1,7865.9,6700.2,7117.5,6290.3,8088.6,7436.3,7123.5,5071.5,6372.0,7495.1,7356.3,7822.4,7677.2,7342.4,7830.4,7873.3,7242.2,7262.1,7333.2,8091.2,1226.7,7649.0,6759.5,7873.3,7285.2,7758.3,3854.3,7280.6,7161.7,7832.5,7832.2,2766.1,6883.6,7457.9,6900.3,6274.6,4258.9,7733.8,4875.9,3195.1,7398.5,1116.3,706.7,7161.3,7732.4,3723.8,11225.0,21968.5,5546.8,7132.7,7091.1,6780.5,7564.9,7289.1,2104.3,7783.9,8845.9,8350.1,8342.7,5077.2,6722.1,1535.7,3012.1,7753.3,4023.6,5939.9,1468.1,11240.0,7841.0,1537.2,5034.5,5187.3,3852.0,6236.4,6387.2,10054.1,5162.6,6714.9,5412.3,7790.4,2776.4,4425.7,1648.3,4218.0,6815.1,6846.4,6790.5,7492.0,5279.1,5677.4,7792.0,1746.0,6921.7,6201.7,7834.4,7989.6,647.6,2625.5,1692.1
216,8074.9,7089.1,6638.4,6199.6,7248.5,6524.7,7222.8,7758.3,4064.8,1692.1,6412.0,8462.4,7544.4,7889.4,6081.7,1116.3,7431.3,6250.0,7107.8,6804.6,8136.8,7797.1,5926.2,7372.1,495.3,3684.3,4068.5,6899.5,7138.3,6449.6,6235.6,7259.4,9154.3,1987.5,9633.6,7192.5,7515.3,8435.6,6619.7,7564.9,6704.5,8094.2,7832.5,7371.6,7591.6,7505.7,5960.9,2075.2,8547.5,8460.0,6505.3,6376.5,7391.7,7554.5,7577.4,7162.7,8041.3,7738.8,5276.3,8374.0,5988.0,6643.8,6452.8,8082.6,7939.3,7824.7,7893.2,6263.4,8874.6,6929.2,7685.6,7618.4,8089.5,7998.1,9049.1,7732.7,6630.7,8499.9,6649.4,7040.9,7422.2,8071.4,4814.7,2289.4,7036.1,2289.4,5900.2,7759.6,5057.5,8765.2,7880.0,6760.9,7063.7,2400.7,7723.9,1535.7,2058.3,4984.7,10301.6,3043.9,3253.4,3104.7,4604.5,706.7,5276.3,7733.8,4984.7,3253.4,3043.9,2051.0,3848.7,4023.6,4984.7,10477.8,3104.7,7314.7,5120.7,10477.8,8567.7,10286.1,10294.7,10250.5,7524.1,1679.3,6675.4,7348.2,7192.7,7854.3,4065.2,7290.0,6505.3,6505.3,7123.7,4194.7,0.0,0.0,7813.4,7834.4,7194.0,3670.0,5120.7,6610.1,6884.6,5765.9,6944.1,7543.1,8762.6,2720.0,4984.7,2289.4,4604.5,6989.8,6698.3,7251.7,7722.3,7273.4,7560.6,7178.4,8654.7,6994.1,7865.9,6700.2,7117.5,6290.3,8088.6,7436.3,7123.5,5071.5,6372.0,7495.1,7356.3,7822.4,7677.2,7342.4,7830.4,7873.3,7242.2,7262.1,7333.2,8091.2,1226.7,7649.0,6759.5,7873.3,7285.2,7758.3,3854.3,7280.6,7161.7,7832.5,7832.2,2766.1,6883.6,7457.9,6900.3,6274.6,4258.9,7733.8,4875.9,3195.1,7398.5,1116.3,706.7,7161.3,7732.4,3723.8,11225.0,21968.5,5546.8,7132.7,7091.1,6780.5,7564.9,7289.1,2104.3,7783.9,8845.9,8350.1,8342.7,5077.2,6722.1,1535.7,3012.1,7753.3,4023.6,5939.9,1468.1,11240.0,7841.0,1537.2,5034.5,5187.3,3852.0,6236.4,6387.2,10054.1,5162.6,6714.9,5412.3,7790.4,2776.4,4425.7,1648.3,4218.0,6815.1,6846.4,6790.5,7492.0,5279.1,5677.4,7792.0,1746.0,6921.7,6201.7,7834.4,7989.6,647.6,2625.5,1692.1
206,3339.3,3734.5,5392.3,2981.5,2861.9,2844.5,2890.1,3425.5,5788.3,6121.4,5165.9,3451.2,2844.0,3183.3,3289.4,6783.7,1572.6,2462.6,2766.0,6378.1,702.3,8322.3,4522.5,3829.3,7512.7,11445.4,5927.8,2121.0,3797.5,4038.5,3017.5,3290.8,2975.5,6556.5,13034.1,3713.1,3746.7,2600.6,5373.6,3411.0,2891.5,3135.9,3126.4,3796.0,3652.2,3100.0,4363.1,9836.7,2669.3,2604.6,10413.1,4113.4,1944.8,2873.3,2896.2,3810.3,3311.8,3533.4,2864.1,2755.7,5456.3,2806.1,5206.7,3290.9,3222.3,3142.8,3301.7,3652.2,2977.5,2839.8,3004.3,2912.3,3391.7,3415.7,2800.6,3165.5,5384.6,2820.8,2841.9,3592.1,3043.8,3273.1,7605.4,10050.5,3357.8,10050.5,6678.7,3078.3,10842.8,3366.0,3057.2,3496.0,2675.1,10069.6,3201.5,9338.3,9804.1,6066.1,13702.1,6450.0,11014.4,5139.7,7842.9,7464.9,2864.1,443.3,6066.1,11014.4,6450.0,9785.6,6679.1,5882.9,6066.1,2918.3,5139.7,1867.8,6092.6,2918.3,10853.3,13686.5,13695.2,13651.0,2537.4,6296.6,3410.4,2874.0,2079.8,120.3,11826.2,2857.0,10413.1,10413.1,10397.7,7710.4,7813.4,7813.4,0.0,96.0,10394.8,11339.0,6092.6,5476.0,2853.0,5064.8,2867.3,2196.2,11033.7,5403.9,6066.1,10050.5,7842.9,4001.7,2844.3,2923.9,3060.4,2907.0,2879.4,3801.7,3121.6,3796.3,3379.7,2892.7,7004.3,3007.1,3164.3,3467.7,2123.7,6043.4,2643.2,2811.4,3898.1,3429.8,2996.0,3894.2,3124.3,3174.2,3742.8,3293.5,2749.8,3240.3,9029.3,2547.2,2906.1,3174.2,1752.7,3425.5,5713.6,3057.4,2984.4,3126.4,2401.3,10435.1,2853.9,2985.6,10808.1,4159.7,7514.7,443.3,5860.0,4965.8,10673.9,6783.7,7464.9,10352.4,232.8,11484.9,13510.6,29729.5,5272.2,2796.0,10818.4,4209.3,3411.0,6487.4,9773.4,2855.7,11117.1,3371.8,10702.6,4219.5,2793.6,9338.3,10773.2,189.3,5882.9,8874.3,9137.1,14274.0,11902.6,9206.2,12795.5,10459.6,11613.0,7781.6,9461.0,2485.7,7953.4,9670.8,13173.4,15551.5,10445.4,12186.7,9167.1,11979.0,10562.3,2863.9,10698.3,3757.9,8533.8,9619.3,11632.3,6385.0,3656.7,7813.2,96.0,1437.0,7453.9,5188.0,6121.4
208,3415.6,3810.8,5468.5,3057.7,2938.2,2920.8,2966.4,3501.7,5809.3,6142.3,5242.1,3527.4,2920.3,3259.5,3310.4,6804.7,1593.5,2538.8,2842.3,6454.3,667.2,8398.6,4543.5,3905.6,7533.7,11466.3,5948.8,2197.3,3873.7,4059.5,3093.8,3367.1,2986.9,6577.5,13110.3,3789.3,3822.9,2612.0,5449.9,3487.3,2967.8,3212.2,3202.7,3872.2,3728.4,3176.2,4439.4,9857.6,2680.7,2616.0,10434.1,4189.7,2021.0,2949.5,2972.5,3886.6,3388.1,3609.7,2885.1,2767.1,5532.5,2882.4,5282.9,3367.1,3298.6,3219.1,3378.0,3728.4,2988.9,2916.1,3080.6,2988.6,3467.9,3491.9,2812.0,3241.8,5460.9,2832.2,2918.1,3668.3,3120.0,3349.4,7626.3,10071.4,3434.1,10071.4,6755.0,3154.6,10863.8,3403.8,3078.2,3572.2,2751.3,10090.6,3277.7,9359.3,9825.0,6142.4,13778.4,6471.0,11035.4,5160.6,7863.9,7485.9,2885.1,464.3,6142.4,11035.4,6471.0,9806.6,6700.1,5903.8,6142.4,2822.8,5160.6,1944.0,6168.9,2822.8,10929.5,13762.8,13771.4,13727.2,2613.7,6317.5,3486.7,2950.2,2156.1,151.7,11847.2,2933.3,10434.1,10434.1,10473.9,7731.4,7834.4,7834.4,96.0,0.0,10471.1,11360.0,6168.9,5552.2,2929.2,5141.1,2943.6,2272.5,11110.0,5424.9,6142.4,10071.4,7863.9,4078.0,2920.6,3000.1,3136.6,2983.3,2955.6,3877.9,3159.4,3872.6,3456.0,2968.9,7080.6,3083.4,3240.5,3544.0,2199.9,6119.6,2719.5,2887.7,3974.3,3506.1,3072.3,3970.5,3200.5,3250.5,3819.1,3369.8,2826.1,3316.6,9050.3,2623.5,2982.4,3250.5,1828.9,3501.7,5734.6,3133.7,3060.7,3202.7,2477.5,10456.1,2930.2,3061.9,10829.1,4235.9,7535.6,464.3,5936.2,4986.8,10750.2,6804.7,7485.9,10428.7,267.7,11505.8,13586.9,29750.5,5348.5,2872.3,10894.7,4285.6,3487.3,6563.6,9794.3,2932.0,11193.3,3448.1,10778.9,4240.4,2869.8,9359.3,10794.1,220.6,5903.8,8895.2,9158.1,14350.2,11702.3,9227.2,12816.5,10480.5,11634.0,7857.8,9482.0,2390.2,7974.3,9747.1,13194.3,15572.5,10466.3,12207.7,9188.1,12000.0,10583.3,2940.2,10719.3,3834.1,8554.8,9640.3,11653.3,6406.0,3733.0,7889.5,0.0,1458.0,7474.8,5209.0,6142.3
207,7740.5,6754.6,6196.4,7683.1,7912.6,7542.9,7859.3,7423.9,5358.4,6309.8,5946.5,8128.0,8036.0,8124.4,8874.7,6890.3,10224.3,8256.0,7688.4,4426.9,10554.4,2850.6,11833.2,7037.7,7288.5,9857.0,5104.3,8320.7,6803.8,9242.6,7641.8,7488.4,9817.3,7319.1,2873.4,6858.0,7180.8,9493.5,6164.3,7230.4,7722.7,8421.6,8077.0,7037.1,7257.2,8001.1,7090.1,9095.6,9564.0,9517.8,2271.2,6697.9,8610.3,7970.8,7973.8,6828.3,7706.8,7404.3,8069.3,9379.4,4950.8,7661.9,5942.4,7748.2,8239.7,8067.6,7558.8,7391.0,9537.6,7641.8,7921.3,8110.0,8210.3,7663.7,10139.2,7778.7,6120.0,9506.8,7667.6,6950.9,7907.9,7737.0,3315.2,9309.9,7162.1,9309.9,3777.5,7957.4,5850.6,8967.5,10673.0,6926.5,7815.4,8042.6,7792.4,8556.2,9078.7,4438.1,3541.5,5045.7,9539.6,5658.9,11642.6,7321.4,8069.3,10696.3,4438.1,9539.6,5045.7,9067.3,12088.8,5257.9,4438.1,13316.5,5658.9,8663.1,4574.0,13316.5,1458.7,3525.9,3534.5,3490.3,8078.8,6401.3,7009.5,8012.4,8421.5,10339.6,10658.9,7954.2,2271.2,2271.2,185.0,11232.8,7194.0,7194.0,10394.8,10471.1,0.0,8470.7,4574.0,5610.2,7684.5,5348.8,7624.9,8395.3,1672.0,5408.7,4438.1,9309.9,11642.6,6655.3,7716.4,7833.8,7811.3,7878.7,8038.7,6843.9,9290.7,6659.6,7531.5,7718.4,3871.2,7619.2,8387.8,7557.1,8400.6,4524.8,8013.5,8078.3,7021.9,7487.9,8004.4,7007.9,8131.8,8019.7,6907.7,7487.4,7997.4,7756.8,8247.2,8203.7,7777.6,8019.7,8807.0,7423.9,5327.3,7689.6,7814.9,8077.0,8501.9,8567.6,7685.5,8022.5,1560.9,6724.9,11297.0,10696.3,4974.6,5733.9,425.1,6890.3,7321.4,100.3,10250.5,10393.6,4116.0,23495.7,5169.6,7687.4,749.1,6446.1,7230.4,4761.2,7683.8,8369.5,1755.3,8015.7,1233.7,9774.5,7740.3,8556.2,9664.9,10271.4,5257.9,1802.2,7216.1,4479.8,1703.1,7287.2,10782.6,5342.0,10312.5,2668.4,1544.2,12289.0,2745.5,1096.1,11760.3,14005.6,8721.8,10886.2,6686.5,9632.5,1203.6,7724.1,1562.6,7157.5,2599.5,1595.8,2283.1,6885.1,6901.3,2638.6,10471.1,10782.6,7284.5,5647.9,6309.8
152,11381.5,10395.7,9944.9,9725.1,10774.0,10050.3,10748.4,11064.9,7371.3,5217.7,9718.5,11769.0,11069.9,11414.9,9607.2,4555.3,10956.8,9775.6,10633.3,9818.0,11662.4,9898.4,9561.2,10678.7,4130.3,1817.7,7164.7,10425.0,10444.9,9975.1,9761.2,10785.0,12679.9,5581.3,10910.2,10499.1,10821.9,11961.2,9926.3,10871.5,10230.1,11619.8,11358.1,10678.2,10898.2,11031.2,9486.5,2279.3,12073.1,11985.5,7782.0,9902.0,10917.3,11080.1,11103.0,10469.3,11347.9,11045.4,8801.8,11899.6,9176.8,10169.3,9759.3,11389.2,11464.8,11350.3,11199.8,9761.0,12400.1,10454.8,11211.1,11144.0,11851.3,11304.7,12574.7,11419.7,9937.3,12025.4,10175.0,10591.9,10947.7,11378.0,6565.6,1972.7,10561.6,1972.7,8767.4,11598.5,3621.2,12608.5,11405.5,10286.5,10589.3,1462.6,11433.4,2653.3,2233.5,8045.8,11578.3,5109.9,1809.9,6403.9,8239.5,4341.7,8801.8,11259.4,8045.8,1809.9,5109.9,2251.0,7483.6,7195.6,8045.8,14003.3,6403.9,10840.2,8181.7,14003.3,9844.4,11562.7,11571.4,11527.1,11049.7,5124.0,10200.9,10873.8,10718.3,11379.8,3092.3,10815.6,7782.0,7782.0,8400.4,7829.7,3670.0,3670.0,11339.0,11360.0,8470.7,0.0,8181.7,9865.0,10410.2,9076.6,10469.7,11068.6,10039.2,6005.6,8045.8,1972.7,8239.5,10296.3,10223.8,10777.3,11452.4,10798.9,11086.2,10484.9,12180.3,10300.6,11172.5,10225.8,9637.0,9815.8,11614.1,11198.1,10649.0,8132.5,9897.5,11020.7,10662.9,11128.9,11202.8,10648.9,11355.9,11660.7,10548.7,10787.6,10858.7,11397.8,2897.1,11174.6,10285.0,11660.7,10810.8,11064.9,6921.6,10806.1,10687.2,11358.1,11357.8,1287.6,10409.2,10983.5,8177.0,9800.2,7893.9,11259.4,8182.5,6567.4,8675.2,4555.3,4341.7,8438.0,11257.9,2957.2,12501.7,19742.5,8853.4,10658.2,8367.8,10087.1,10871.5,10302.4,1735.9,11309.5,10122.6,11656.7,9619.4,8712.2,10247.6,2653.3,2212.1,11278.8,7195.6,7216.6,2312.2,12516.6,9117.7,2199.6,2341.3,4308.4,2454.9,7987.3,7663.9,13579.6,6913.5,7991.6,3456.2,5564.4,1200.2,3028.6,2413.3,1208.7,8091.8,10372.0,8067.2,10798.5,6555.8,6954.1,8903.8,5276.2,10542.3,7952.6,11360.0,11515.1,4282.5,6151.0,5217.7
157,3438.3,2452.5,2001.7,3380.9,3610.4,3240.7,3557.1,3121.7,1083.4,3428.6,1775.3,3825.8,3733.8,3822.2,5097.7,4022.7,6576.3,3953.8,3386.2,1976.2,6252.2,2968.7,8056.2,2735.5,4820.0,8752.6,1177.5,4018.5,2501.7,5465.6,3339.6,3186.2,5515.2,4161.6,7213.3,2555.8,2878.7,5191.3,1983.1,2928.3,3420.5,4119.5,3774.8,2735.0,2955.0,3698.9,2787.9,7143.9,5261.8,5215.6,5140.1,2395.7,4308.1,3668.7,3671.6,2526.1,3404.6,3102.2,4519.5,5077.2,1159.6,3359.7,1714.5,3446.0,3937.5,3765.4,3256.6,3088.8,5235.4,3339.6,3619.1,3807.8,3908.1,3361.5,5837.0,3476.5,1994.1,5204.6,3365.4,2648.7,3605.7,3434.8,2797.0,7357.7,2859.9,7357.7,1071.8,3655.3,6774.1,4665.3,6896.0,2624.3,3513.2,7308.6,3490.2,6645.6,7111.3,136.0,7881.4,3145.9,8321.7,2059.2,9475.6,4834.6,4519.5,6394.1,136.0,8321.7,3145.9,7092.9,8311.8,1133.8,136.0,9014.4,2059.2,4361.0,0.0,9014.4,5459.6,7865.8,7874.4,7830.2,3776.7,3533.7,2707.4,3710.2,4119.4,6037.5,9133.5,3652.0,5140.1,5140.1,4576.9,9343.2,5120.7,5120.7,6092.6,6168.9,4574.0,8181.7,0.0,1857.3,3382.3,1068.9,3322.7,4093.1,5649.4,2464.7,136.0,7357.7,9475.6,2353.1,3414.3,3531.6,3509.2,3576.5,3736.5,2541.7,4988.5,2357.4,3229.3,3416.2,2289.1,3317.0,4085.6,3254.9,4098.4,59.5,3711.3,3776.1,2719.7,3185.7,3702.2,2705.7,3829.6,3717.5,2605.5,3185.2,3695.2,3454.6,6336.6,3901.6,3475.5,3717.5,4504.8,3121.7,1487.2,3387.4,3512.7,3774.8,4199.7,7674.1,3383.3,3720.3,5512.2,2422.7,9147.4,6394.1,699.6,1962.1,4853.1,4022.7,4834.6,4531.7,5948.3,8792.1,8117.0,27036.8,872.9,3385.2,4997.7,2143.9,2928.3,2460.7,7012.3,4067.3,5732.7,3713.5,5234.7,5997.6,3438.1,6645.6,8080.4,5969.2,1133.8,3568.7,6376.1,8819.7,6081.8,6445.1,10102.8,6390.9,8920.3,2063.3,4178.9,7986.8,2699.2,3850.0,10480.6,12858.7,7684.3,9494.0,6083.1,9286.3,5158.9,3421.9,5475.4,2855.3,3304.1,4346.2,6234.7,3980.5,2599.1,2055.0,6168.9,7134.6,4816.0,2480.4,3428.6
8,2580.2,1833.1,561.6,2785.3,2752.3,2645.1,2699.0,2263.6,2587.6,4918.0,615.3,2967.7,2875.7,2964.2,5241.7,5519.5,5980.6,3358.1,2724.0,1379.9,5590.0,3331.3,8079.6,1877.4,6309.4,10242.0,2860.8,3437.6,1817.0,5668.9,2744.0,2328.1,4657.1,5665.8,7925.6,1930.4,2020.5,4333.2,680.9,2070.2,2824.9,3261.4,2916.7,1876.9,2096.9,2840.8,2140.0,8633.3,4403.7,4357.6,6594.4,1747.8,3646.0,2810.6,2813.5,1668.0,2546.6,2244.1,3923.8,4219.2,879.3,2764.1,603.4,2587.9,3079.4,2907.4,2398.5,2493.2,4377.3,2677.5,2761.1,2949.8,3050.0,2503.4,4978.9,2618.4,570.0,4346.5,2769.7,1989.1,2747.6,2576.7,4251.3,8847.1,2165.8,8847.1,2040.4,2797.2,8228.5,3807.2,6693.0,2028.7,2851.1,8805.5,2632.1,8135.0,8600.7,1830.8,8593.7,5028.2,9811.1,3556.0,9678.9,6324.0,3923.8,5777.5,1830.8,9811.1,5028.2,8582.3,8515.1,2817.0,1830.8,8351.8,3556.0,3698.8,1857.3,8351.8,5862.3,8578.1,8586.8,8542.5,3084.3,5030.5,2111.7,2852.1,3457.2,5420.8,10622.9,2793.9,6594.4,6594.4,5736.0,9546.4,6610.1,6610.1,5476.0,5552.2,5610.2,9865.0,1857.3,0.0,2720.2,907.0,2660.6,3431.0,6042.7,3961.6,1830.8,8847.1,9678.9,1495.0,2818.6,2673.5,2651.1,2718.4,2878.4,1683.7,4130.4,1743.5,2371.2,2820.5,2013.3,2721.3,3227.5,2396.8,3436.2,1808.1,3115.7,2918.0,1861.6,2327.6,2844.2,1847.6,2971.5,2859.4,1747.4,2327.1,2837.1,2596.5,7825.9,3239.4,2879.8,2859.4,3842.6,2263.6,3170.5,2529.3,2654.6,2916.7,3537.5,9170.9,2721.2,2862.2,6671.3,1774.9,9350.6,5777.5,1779.1,3466.3,5834.8,5519.5,6324.0,5690.8,5323.5,10281.5,8519.6,28526.2,1112.1,2723.1,6156.8,1548.2,2070.2,1489.2,8509.2,3209.2,6126.1,2855.4,5711.6,6266.5,2842.4,8135.0,9569.8,5352.6,2817.0,5023.1,7872.9,9283.0,7063.5,7942.0,11592.2,7845.3,10409.7,3070.3,5633.3,7324.7,4153.6,5009.1,11970.0,14348.1,9181.2,10983.4,7766.3,10775.7,6318.0,2759.7,6634.4,1997.2,4758.5,5800.6,7393.8,5484.7,1982.0,3101.9,5552.2,6538.9,6305.4,3984.7,4918.0
9,1136.0,978.7,2636.5,686.3,363.9,371.2,338.3,942.4,4074.9,5192.5,2410.1,1264.4,659.8,1004.8,3405.8,5854.9,3515.3,1253.1,223.2,3622.2,3014.1,5566.5,6084.4,1073.5,6583.9,10516.5,4368.9,786.5,1041.7,4154.9,660.5,535.0,2710.3,5627.7,10160.8,957.2,1129.9,2037.8,2617.8,655.2,261.9,1209.7,948.0,1040.2,1046.0,621.1,2066.3,8907.9,2149.7,2062.2,8265.5,1621.4,1070.1,670.0,692.9,1054.5,883.6,849.5,2051.3,1976.2,2746.0,271.0,2450.9,881.2,1054.7,940.2,1044.6,1403.3,2430.6,44.7,801.0,733.9,1204.9,1212.4,2734.4,848.2,2628.8,2102.1,235.2,836.3,537.6,896.2,5922.4,9121.6,602.0,9121.6,3968.4,875.0,9899.5,1880.7,4697.8,1004.0,179.2,9140.8,839.4,8409.5,8875.3,3355.8,10828.9,5521.2,10085.6,4210.8,8017.4,6536.1,2051.3,3154.5,3355.8,10085.6,5521.2,8856.8,6853.6,4325.1,3355.8,5774.7,4210.8,1122.9,3382.3,5774.7,8097.5,10813.3,10822.0,10777.7,639.6,5367.7,918.4,463.7,834.2,2797.8,10897.4,405.4,8265.5,8265.5,7687.4,7884.9,6884.6,6884.6,2853.0,2929.2,7684.5,10410.2,3382.3,2720.2,0.0,2354.5,59.6,824.7,8277.9,4475.1,3355.8,9121.6,8017.4,1245.9,214.7,367.2,837.7,388.8,676.1,1045.9,2151.1,1040.5,1050.0,266.2,4248.5,608.6,1204.0,711.9,813.2,3333.1,855.6,610.6,1177.6,1006.5,792.7,1151.0,945.8,988.8,987.0,537.7,448.6,1037.0,8100.5,764.5,276.5,988.8,1219.6,942.4,4678.6,396.0,277.1,948.0,1062.6,9506.3,1.0,573.4,8622.7,1667.7,7689.1,3154.5,3149.7,4037.0,7963.6,5854.9,6536.1,7642.1,2700.5,10556.0,10754.8,28800.7,2561.9,248.1,8108.1,1499.0,655.2,3731.6,8844.5,899.4,8361.3,1185.0,7946.8,4393.9,162.6,8409.5,9844.4,2729.6,4325.1,6694.1,8208.3,11518.2,9192.3,8277.4,11866.7,9516.3,10684.2,5071.3,7304.3,4791.4,5824.6,6960.5,12245.9,14624.0,9517.9,11259.3,8239.7,11051.6,8269.4,39.6,8585.8,1107.8,6429.6,7471.6,9345.2,5457.6,1126.7,5102.9,2929.2,4138.7,6526.4,4260.6,5193.9
17,2439.0,1424.7,1002.5,2353.2,2611.2,2212.9,2557.9,2122.4,1799.2,4073.8,776.1,2826.5,2734.5,2823.0,4809.6,4675.3,5548.5,2926.0,2358.4,1649.8,5224.4,3262.0,7647.5,1736.2,5465.1,9397.8,2072.3,2990.7,1473.9,5289.0,2311.8,2186.9,4515.9,4821.6,7988.0,1528.1,1879.4,4192.0,983.8,1929.0,2392.7,3120.2,2775.6,1735.7,1955.7,2699.7,1760.1,7789.1,4262.6,4216.4,5971.0,1367.9,3280.3,2669.4,2672.3,1526.8,2405.4,2102.9,3491.7,4078.0,616.5,2332.0,711.0,2446.7,2938.2,2766.2,2257.3,2061.1,4236.2,2311.8,2619.9,2808.6,2908.8,2362.2,4837.7,2477.2,994.8,4205.3,2337.6,1620.9,2606.4,2435.5,3627.9,8002.9,1832.2,8002.9,1613.9,2656.0,7605.1,3666.0,6260.9,1596.5,2485.4,7961.2,2490.9,7290.8,7756.5,1042.4,8656.1,4184.0,8966.9,2711.8,9299.0,5479.8,3491.7,5366.4,1042.4,8966.9,4184.0,7738.1,8135.2,2028.6,1042.4,7986.6,2711.8,3333.2,1068.9,7986.6,5793.0,8640.5,8649.2,8604.9,2748.9,4186.3,1679.6,2710.9,3091.6,5009.7,9778.7,2652.7,5971.0,5971.0,5351.6,9166.5,5765.9,5765.9,5064.8,5141.1,5348.8,9076.6,1068.9,907.0,2354.5,0.0,2294.9,3065.3,5973.4,3117.3,1042.4,8002.9,9299.0,1353.9,2386.5,2532.4,2509.9,2577.2,2737.2,1542.5,3989.2,1329.7,2230.0,2388.4,2037.6,2289.2,3086.4,2255.6,3070.6,1019.7,2683.5,2776.8,1720.4,2186.5,2703.0,1706.5,2830.3,2718.2,1606.3,2185.9,2695.9,2455.4,6981.7,2873.8,2447.7,2718.2,3477.0,2122.4,2382.1,2388.2,2513.4,2775.6,3171.9,8326.7,2355.5,2721.1,6287.0,1395.0,8970.7,5366.4,912.5,2622.1,5627.9,4675.3,5479.8,5306.4,4920.5,9437.3,8450.3,27682.0,219.3,2357.4,5772.4,1116.1,1929.0,1918.4,7664.9,3068.0,6056.8,2714.2,6009.4,5834.3,2410.3,7290.8,8725.6,4941.4,2028.6,4399.6,7028.7,9213.7,6856.6,7097.8,10748.0,7221.8,9565.5,2716.8,5009.8,6959.1,3530.2,4624.8,11125.8,13503.9,8337.0,10139.2,6977.9,9931.5,5933.7,2394.1,6250.1,1856.1,4135.1,5177.2,7009.4,4640.5,1571.3,2748.4,5141.1,6106.8,5461.2,3140.4,4073.8
31,1150.4,919.1,2576.8,745.8,378.3,430.8,352.6,882.8,4015.3,5252.0,2350.5,1278.8,674.1,1019.2,3465.3,5914.4,3574.8,1312.6,237.6,3562.7,3028.4,5506.9,6143.9,1014.0,6643.4,10576.0,4309.3,807.5,982.1,4214.4,720.0,475.4,2724.7,5687.2,10101.2,897.6,1070.3,2052.1,2558.2,595.6,321.4,1224.0,962.3,980.6,986.4,635.5,2025.1,8967.4,2164.0,2076.5,8205.9,1580.2,1084.4,684.3,707.2,994.9,897.9,789.9,2110.8,1990.6,2686.4,330.5,2391.3,895.6,1069.1,954.5,1017.7,1462.9,2445.0,59.0,815.4,748.2,1219.3,1192.2,2748.8,862.5,2569.2,2116.4,294.8,776.7,552.0,910.6,5862.8,9181.2,542.4,9181.2,3908.8,889.4,9839.9,1895.0,4757.3,1063.5,200.2,9200.4,853.7,8469.0,8934.8,3296.2,10769.3,5580.7,10145.1,4270.4,8076.9,6595.6,2110.8,3168.8,3296.2,10145.1,5580.7,8916.3,6913.1,4265.5,3296.2,5789.1,4270.4,1137.2,3322.7,5789.1,8037.9,10753.7,10762.4,10718.1,653.9,5427.2,977.9,478.0,848.5,2812.2,10957.0,419.8,8205.9,8205.9,7627.8,7944.4,6944.1,6944.1,2867.3,2943.6,7624.9,10469.7,3322.7,2660.6,59.6,2294.9,0.0,839.1,8218.3,4534.6,3296.2,9181.2,8076.9,1186.3,274.2,381.5,852.1,403.2,690.4,986.3,2165.5,980.9,990.4,325.7,4188.9,668.1,1218.4,652.3,827.6,3273.5,915.1,624.9,1118.0,946.8,807.0,1091.3,960.2,1003.1,927.4,478.1,463.0,1051.4,8160.0,778.8,336.0,1003.1,1234.0,882.8,4619.0,379.5,260.6,962.3,1076.9,9565.8,60.6,587.7,8563.1,1626.4,7748.6,3168.8,3090.1,4096.5,7904.0,5914.4,6595.6,7582.5,2714.9,10615.6,10695.2,28860.2,2502.3,262.5,8048.5,1439.4,595.6,3672.0,8904.0,913.7,8301.7,1199.4,7887.2,4453.4,222.1,8469.0,9903.9,2743.9,4265.5,6634.5,8267.8,11458.6,9132.7,8336.9,11926.2,9456.7,10743.7,5011.7,7244.7,4805.7,5765.0,6900.9,12304.1,14682.2,9576.1,11317.4,8297.8,11109.7,8209.8,99.2,8526.2,1048.2,6369.9,7412.0,9285.5,5515.7,1067.0,5043.3,2943.6,4159.7,6584.6,4318.7,5252.0
132,1240.3,1689.5,3347.2,1340.8,787.8,1029.5,823.1,1326.5,4785.7,5851.0,3120.8,1352.2,745.0,1084.3,4018.8,6513.4,3569.0,1335.9,737.8,4333.0,2253.3,6277.3,6590.8,1735.2,7242.4,11175.0,5079.7,673.6,1752.5,4767.9,1315.0,1245.8,2040.3,6286.2,10871.6,1668.0,1647.7,1321.6,3328.6,1366.0,1076.5,1069.1,1027.4,1718.7,1553.2,1001.0,2735.9,9566.3,1433.5,1345.9,8976.3,2291.1,309.2,774.2,797.2,1765.3,1212.8,1443.2,2664.3,1260.0,3456.8,991.1,3161.7,1191.8,1127.4,1043.8,1202.7,2057.9,1760.5,811.6,905.3,813.3,1292.6,1316.6,2018.2,1066.5,3339.6,1385.8,1026.9,1547.1,962.3,1174.1,6633.2,9780.1,1312.8,9780.1,4679.2,979.3,10610.3,1539.9,5044.7,1673.6,646.9,9799.3,1102.5,9068.0,9533.7,4066.6,11539.7,6179.6,10744.1,4869.3,8630.4,7194.5,2664.3,2511.6,4066.6,10744.1,6179.6,9515.3,7466.6,5035.9,4066.6,5015.0,4869.3,362.1,4093.1,5015.0,8808.3,11524.1,11532.8,11488.5,435.4,6026.2,1588.0,792.6,458.5,2141.1,11555.9,782.9,8976.3,8976.3,8398.1,8497.9,7543.1,7543.1,2196.2,2272.5,8395.3,11068.6,4093.1,3431.0,824.7,3065.3,839.1,0.0,8988.7,5133.6,4066.6,9780.1,8630.4,1956.7,1029.3,856.9,961.4,840.0,780.4,1756.7,1486.8,1751.3,1280.7,1077.7,4959.3,1263.2,1080.1,1413.9,437.5,4043.9,1192.7,709.4,1799.0,1330.8,897.0,1795.2,1025.2,1075.2,1697.8,1248.5,682.8,1141.3,8758.9,455.4,1091.2,1075.2,548.7,1326.5,5389.4,990.4,939.4,1027.4,425.5,10164.8,825.7,883.6,9333.5,2337.3,8302.1,2511.6,3860.5,4695.4,8674.4,6513.4,7194.5,8352.9,2036.7,11214.5,11465.6,29459.2,3272.7,737.4,8818.9,2209.8,1366.0,4442.4,9503.0,760.8,9072.1,1272.8,8657.6,5007.0,987.2,9068.0,10502.8,2072.8,5035.9,7404.9,8866.8,12229.0,9903.1,8935.8,12525.2,10227.1,11342.7,5782.1,8015.1,4035.1,6535.4,7671.3,12903.0,15281.1,10175.0,11916.4,8896.8,11708.7,8980.2,864.3,9296.6,1658.9,7140.3,8182.4,10056.0,6114.7,1837.5,5813.7,2272.5,3505.3,7183.5,4917.6,5851.0
34,8138.0,7390.9,6529.2,8137.6,8310.1,7997.4,8256.8,7821.4,6433.8,7792.8,6392.5,8525.5,8433.5,8521.9,10357.7,8373.3,11332.9,8710.4,8281.8,4759.8,11147.8,3333.3,13316.2,7435.2,8857.1,11425.6,6496.1,8995.3,7374.8,10725.6,8096.3,7885.9,10214.8,8802.1,2664.1,7488.2,7578.3,9891.0,6610.4,7627.9,8177.2,8819.1,8474.5,7434.6,7654.7,8398.6,7697.8,10664.2,9961.5,9915.3,3839.9,7305.6,9203.8,8368.3,8371.2,7225.8,8104.3,7801.8,9276.1,9776.9,5493.8,8116.4,6388.5,8145.7,8637.2,8465.1,7956.2,7845.5,9935.1,8235.2,8318.8,8507.5,8607.7,8061.1,10536.6,8176.2,6562.1,9904.3,8122.0,7546.8,8305.3,8134.5,4798.2,10878.5,7723.5,10878.5,4852.8,8354.9,7419.1,9365.0,12156.0,7381.0,8408.8,9611.1,8189.9,10124.8,10647.3,5513.4,3282.8,6528.7,11108.2,7141.9,13211.2,8889.9,9276.1,11335.3,5513.4,11108.2,6528.7,10635.9,13571.8,6452.4,5513.4,13909.5,7141.9,9256.6,5649.4,13909.5,415.0,3316.6,3325.2,3281.0,8642.1,7884.3,7464.0,8409.9,9015.0,10978.6,12227.5,8351.6,3839.9,3839.9,1787.3,12801.4,8762.6,8762.6,11033.7,11110.0,1672.0,10039.2,5649.4,6042.7,8277.9,5973.4,8218.3,8988.7,0.0,6891.7,5513.4,10878.5,13211.2,7052.8,8170.9,8231.3,8208.8,8276.2,8436.2,7241.4,9688.2,7301.2,7928.9,8172.8,4204.0,8073.6,8785.3,7954.6,8994.0,5600.1,8468.0,8475.8,7419.4,7885.4,8401.9,7405.4,8529.2,8417.1,7305.2,7884.9,8394.9,8154.3,9815.7,8797.2,8232.1,8417.1,9400.4,7821.4,6786.8,8087.1,8212.4,8474.5,9095.3,10136.1,8278.9,8420.0,3038.7,7332.6,12865.6,11335.3,6050.0,7216.9,1540.4,8373.3,8889.9,1686.9,10881.3,11962.2,2899.1,24918.6,5852.9,8280.8,1963.2,6900.5,7627.9,5094.1,9252.3,8766.9,83.5,8413.2,474.0,11257.5,8194.7,10124.8,11233.5,10910.3,6452.4,3246.3,8784.7,3662.5,2099.1,8855.8,12351.1,6910.6,11881.1,3743.8,3064.3,12882.5,4228.5,2551.8,13328.9,15574.2,10290.3,12454.8,8255.1,11201.1,2737.3,8317.5,3096.3,7555.0,4082.8,3164.4,2947.5,8368.1,7539.7,3713.9,11110.0,11891.2,8853.1,7130.9,7792.8
186,5426.4,4440.6,3989.8,3790.1,4838.9,4115.2,4813.3,5109.8,1416.2,1027.9,3763.4,5813.9,5134.8,5810.3,3672.2,1622.0,5021.8,3840.5,4698.2,4156.1,5727.3,5148.6,6630.7,4723.6,2419.2,6351.9,1412.5,4489.9,4489.7,4040.1,3826.1,5174.3,6744.8,1959.9,8160.7,4543.9,4866.7,6026.1,3971.2,4916.4,4295.0,5684.7,5762.9,4723.0,4943.1,5096.1,3551.4,4743.2,6138.0,6050.4,5215.3,3967.0,4982.2,5145.0,5167.9,4514.2,5392.7,5090.2,2866.7,5964.5,3339.4,4234.2,3804.2,5434.1,5925.6,5753.5,5244.7,3833.0,6465.1,4519.7,5607.2,5208.9,5896.2,5349.6,6639.6,5464.6,3982.2,6090.4,4239.9,4636.8,5012.7,5422.9,2407.6,4957.0,4848.0,4957.0,3251.7,5643.4,5509.9,6653.4,5470.4,4351.4,4654.2,4907.9,5478.3,4244.9,4710.6,2328.7,8828.8,1117.1,5921.0,448.7,8050.1,2433.9,2866.7,5324.3,2328.7,5921.0,1117.1,4692.2,6886.3,1367.6,2328.7,8068.2,448.7,4905.2,2464.7,8068.2,6701.9,8813.2,8821.8,8777.6,5114.6,1133.0,4265.8,4938.7,4783.2,5444.7,6732.8,4880.5,5215.3,5215.3,5411.5,6363.6,2720.0,2720.0,5403.9,5424.9,5408.7,6005.6,2464.7,3961.6,4475.1,3117.3,4534.6,5133.6,6891.7,0.0,2328.7,4957.0,8050.1,4341.2,4288.8,4842.2,5497.2,4863.9,5151.1,4529.8,6245.2,4345.5,5217.4,4290.7,4469.0,3880.8,6073.7,5243.0,4714.0,2415.5,3962.4,5085.6,4707.8,5173.8,5267.7,4693.8,5817.6,5705.6,4593.6,5173.3,4923.6,5442.7,3935.8,5239.5,4349.9,5705.6,4875.7,5109.8,1198.3,4871.0,4752.2,5762.9,5422.7,5273.4,4474.1,5048.4,5610.3,3865.1,7721.8,5324.3,2227.4,612.3,5705.1,1622.0,2433.9,5366.3,5322.8,6391.4,9359.3,24636.1,2898.3,4723.2,5640.4,4132.0,4916.4,4640.5,4611.6,5374.4,6975.0,5701.6,6477.0,4572.0,4312.6,4244.9,5679.7,5343.7,1367.6,3676.5,3975.4,9767.1,6483.5,4044.4,7702.1,5126.7,6519.6,3829.3,4263.2,7644.6,2755.5,4496.8,8079.9,10458.0,5283.6,7093.3,3906.9,6885.6,5364.5,4436.9,5500.5,4843.4,3336.0,4421.5,6434.5,1603.2,4587.2,3794.6,5424.9,5580.0,2415.3,288.6,1027.9
177,3411.8,2426.0,1975.3,3354.5,3584.0,3214.2,3530.7,3095.2,979.1,3292.6,1748.9,3799.3,3707.3,3795.8,4993.5,3886.7,6549.8,3927.3,3359.7,1959.3,6225.7,2951.8,7952.0,2709.0,4684.0,8616.6,1041.5,3992.1,2475.2,5361.4,3313.2,3159.7,5488.7,4057.4,7077.3,2529.4,2852.2,5164.8,1956.6,2901.8,3394.1,4093.0,3748.3,2708.5,2928.5,3672.5,2761.4,7008.0,5235.4,5189.2,5004.1,2369.2,4281.7,3642.2,3645.1,2499.6,3378.2,3075.7,4188.1,5050.8,1142.7,3333.3,1688.0,3419.5,3911.0,3739.0,3230.1,3062.4,5208.9,3313.2,3592.7,3781.4,3881.6,3335.0,5810.5,3450.0,1967.6,5178.1,3338.9,2622.2,3579.2,3408.3,2661.0,7221.8,2833.5,7221.8,1054.9,3628.8,6638.2,4638.8,6791.8,2597.8,3486.8,7172.6,3463.7,6509.6,6975.4,0.0,7745.4,3009.9,8185.7,1923.2,9371.4,4698.7,4188.1,6367.7,0.0,8185.7,3009.9,6956.9,8207.6,997.8,0.0,8987.9,1923.2,4334.5,136.0,8987.9,5323.6,7729.8,7738.5,7694.2,3750.2,3397.7,2680.9,3683.7,4092.9,6011.0,8997.5,3625.5,5004.1,5004.1,4440.9,9238.9,4984.7,4984.7,6066.1,6142.4,4438.1,8045.8,136.0,1830.8,3355.8,1042.4,3296.2,4066.6,5513.4,2328.7,0.0,7221.8,9371.4,2326.7,3387.8,3505.2,3482.7,3550.0,3710.0,2515.3,4962.0,2331.0,3202.8,3389.7,2272.2,3290.5,4059.2,3228.4,4071.9,86.7,3684.8,3749.6,2693.2,3159.3,3675.8,2679.2,3803.1,3691.0,2579.1,3158.7,3668.7,3428.2,6200.6,3875.1,3449.0,3691.0,4478.3,3095.2,1351.3,3360.9,3486.2,3748.3,4173.2,7538.1,3356.8,3693.8,5376.3,2396.3,9043.2,6367.7,595.3,1842.1,4717.2,3886.7,4698.7,4395.7,5921.8,8656.2,7981.0,26900.8,846.4,3358.7,4861.7,2117.4,2901.8,2443.8,6876.3,4040.8,5596.8,3687.0,5098.7,5893.3,3411.6,6509.6,7944.5,5942.7,997.8,3432.7,6240.1,8683.7,5945.9,6309.2,9966.8,6254.9,8784.3,1927.3,4042.9,7960.4,2563.3,3714.1,10344.7,12722.8,7548.4,9358.0,5947.1,9150.3,5023.0,3395.4,5339.4,2828.9,3168.2,4210.3,6098.7,3868.0,2572.6,1919.0,6142.4,7108.1,4680.0,2360.4,3292.6
168,10312.0,9326.1,8875.4,8436.6,9485.5,8761.7,9459.8,9995.4,6301.8,3929.1,8649.0,10699.4,9781.4,10126.4,8318.7,3353.3,9668.3,8487.0,9344.8,9041.7,10373.8,10034.1,7965.3,9609.1,2732.3,1395.5,6305.5,9136.5,9375.3,8686.6,8472.6,9496.4,11391.3,4188.5,11749.5,9429.5,9752.3,10672.6,8856.7,9801.9,8941.5,10331.2,10069.5,9608.6,9828.6,9742.7,8197.9,287.1,10784.5,10697.0,8621.2,8613.5,9628.7,9791.5,9814.5,9399.7,10278.3,9975.8,7513.3,10611.1,8225.0,8880.8,8689.8,10319.6,10176.3,10061.7,10130.2,8500.5,11111.6,9166.2,9922.6,9855.4,10326.5,10235.1,11286.1,9969.7,8867.7,10736.9,8886.4,9277.9,9659.2,10308.5,7087.8,0.0,9273.1,0.0,8137.3,9996.6,4725.8,11002.2,10117.0,8998.0,9300.8,1383.9,9961.0,753.7,260.6,7221.8,12417.5,5280.9,964.6,5341.8,6643.6,2943.7,7513.3,9970.9,7221.8,964.6,5280.9,278.1,5887.7,6260.6,7221.8,12714.8,5341.8,9551.7,7357.7,12714.8,10683.6,12402.0,12410.6,12366.4,9761.1,3916.3,8912.4,9585.2,9429.7,10091.3,1776.4,9527.0,8621.2,8621.2,9239.6,6233.8,2289.4,2289.4,10050.5,10071.4,9309.9,1972.7,7357.7,8847.1,9121.6,8002.9,9181.2,9780.1,10878.5,4957.0,7221.8,0.0,6643.6,9226.8,8935.3,9488.7,9959.3,9510.4,9797.6,9415.4,10891.7,9231.1,10102.9,8937.2,9354.5,8527.3,10325.6,9673.3,9360.5,7308.5,8609.0,9732.1,9593.3,10059.4,9914.3,9579.4,10067.4,10110.3,9479.2,9499.1,9570.2,10328.3,1115.8,9886.0,8996.5,10110.3,9522.2,9995.4,6091.4,9517.6,9398.7,10069.5,10069.2,1000.1,9120.7,9694.9,9016.2,8511.6,6298.0,9970.9,7112.9,5432.1,9514.4,3353.3,2943.7,9277.2,9969.4,1435.1,13341.0,19679.7,7783.8,9369.7,9207.0,9017.5,9801.9,9526.1,1740.3,10020.9,10961.8,10587.1,10458.6,7116.3,8959.1,753.7,723.4,9990.3,6260.6,8055.8,2102.2,13355.9,9956.9,2004.8,2745.7,5422.3,1563.2,8509.5,8503.1,12291.1,7435.8,8830.8,3123.6,5501.7,931.7,2136.9,2648.2,1929.2,8931.0,9083.5,8906.4,9729.0,7395.0,7793.3,9907.9,3983.0,9158.7,8474.9,10071.4,10226.6,2884.6,4862.5,3929.1
195,9153.3,8332.5,9595.2,7332.3,8381.2,7657.5,8355.6,8861.8,8434.5,5745.5,9368.8,9281.7,8677.1,9022.1,4717.5,5169.7,6468.5,7337.4,8240.5,10581.0,8493.6,12525.2,4132.6,8702.6,4354.1,8038.5,8573.9,7986.8,8395.5,4077.2,7368.4,8454.5,10241.6,5308.0,14082.2,8377.8,8917.9,9522.9,9576.5,8439.0,7837.3,9227.0,8965.3,8669.2,8911.3,8638.4,7590.1,6429.8,9634.8,9547.3,10954.0,8005.7,8479.0,8687.3,8710.2,8609.4,8900.9,8768.9,6123.4,9461.4,9690.4,7776.5,9409.6,8898.5,9072.0,8957.5,8996.7,7666.3,9961.9,8062.0,8818.3,8751.1,9222.2,9171.2,10136.4,8865.5,9587.5,9587.2,7782.1,8235.9,8554.9,8913.5,10251.5,6643.6,8231.1,6643.6,10270.0,8892.3,9627.0,9898.0,5801.7,7955.9,8196.5,6970.1,8856.7,5957.9,6397.2,9371.4,14750.3,7097.3,7607.6,7785.8,0.0,4531.4,6123.4,7524.5,9371.4,7607.6,7097.3,6378.8,1216.7,8529.0,9371.4,9276.9,7785.8,8402.0,9475.6,9276.9,13016.3,14734.7,14743.4,14699.1,8656.9,5732.7,7870.4,8481.0,8280.0,7883.8,7490.1,8422.8,10954.0,10954.0,11572.4,731.2,4604.5,4604.5,7842.9,7863.9,11642.6,8239.5,9475.6,9678.9,8017.4,9299.0,8076.9,8630.4,13211.2,8050.1,9371.4,6643.6,0.0,8598.1,7831.0,8384.5,8855.0,8406.1,8693.4,8634.0,9742.0,8368.6,8969.4,7832.9,11207.2,7423.0,9221.3,8631.3,8210.8,9426.4,7459.3,8627.9,8806.6,8925.8,8810.0,8780.0,8963.1,9006.1,8614.1,8457.1,8465.9,9054.3,5648.9,8781.8,7892.2,9006.1,8372.5,8861.8,8359.8,8413.3,8294.4,8965.3,8919.5,7335.6,8016.4,8590.7,11348.9,7903.8,345.9,7524.5,9072.0,7611.9,11847.2,5169.7,4531.4,11610.0,7975.1,7236.3,15673.7,25790.5,9506.4,8265.4,11539.7,8304.6,8439.0,10690.3,6673.8,8916.7,13294.6,9202.3,12791.4,3623.4,7854.8,5957.9,7366.3,7958.4,8529.0,11520.4,6037.6,15688.6,12289.6,6106.7,9388.6,9635.9,8206.1,11240.0,12107.1,9898.0,10599.5,12340.8,9766.5,11334.7,7345.9,7784.1,6217.8,8572.1,11263.8,7979.2,11239.1,8833.0,11179.9,10126.0,12240.6,5374.0,8116.7,11231.7,7863.9,6579.9,4481.9,7834.1,5745.5
185,1117.5,358.9,1411.3,1454.9,1278.1,1271.0,1224.8,787.9,3045.8,5297.7,1184.9,1553.8,1395.7,1484.2,3936.3,5899.2,4667.5,2045.0,1249.8,2397.1,4115.8,4341.4,6766.5,416.3,6689.0,10621.7,3339.7,1963.3,342.8,4685.4,1413.5,853.9,3177.5,6045.5,8935.7,456.2,615.5,2853.2,1392.7,595.9,1450.8,1781.4,1436.7,402.6,661.1,1360.9,1019.7,9013.0,2923.8,2877.6,7236.3,627.4,2171.8,1330.6,1333.5,193.8,1070.8,769.8,2618.4,2739.2,1713.5,1390.1,1225.8,1112.2,1599.4,1427.4,924.1,1204.2,2897.7,1203.3,1281.1,1469.8,1570.0,1059.8,3498.9,1138.4,1403.7,2866.5,1395.7,514.8,1273.3,1096.7,4893.2,9226.8,691.5,9226.8,2954.7,1317.2,8870.4,2327.6,5379.9,668.5,1376.8,9185.1,1152.1,8514.6,8980.4,2326.7,9603.8,5407.9,10190.7,3935.7,8598.1,6703.7,2618.4,4303.3,2326.7,10190.7,5407.9,8961.9,7434.3,3296.0,2326.7,6877.5,3935.7,2224.6,2353.1,6877.5,6872.4,9588.2,9596.8,9552.6,1610.1,5410.2,754.0,1377.9,1983.0,3946.6,11002.6,1319.7,7236.3,7236.3,6658.2,8465.7,6989.8,6989.8,4001.7,4078.0,6655.3,10296.3,2353.1,1495.0,1245.9,1353.9,1186.3,1956.7,7052.8,4341.2,2326.7,9226.8,8598.1,0.0,1444.6,1199.3,1171.1,1244.2,1398.4,209.4,2650.8,269.2,895.5,1446.5,3023.4,1390.9,1747.6,922.6,1962.0,2303.9,1715.6,1438.0,466.6,851.9,1364.2,452.7,1491.5,1379.4,273.2,852.9,1362.9,1116.5,8205.6,1765.2,1505.8,1379.4,2368.4,787.9,3649.5,1055.1,1180.4,1436.7,2063.3,9550.6,1246.9,1388.0,7593.5,654.5,8269.9,4303.3,2120.5,3845.9,6813.0,5899.2,6703.7,6612.9,3849.3,10661.2,9529.7,28905.9,1561.3,1248.8,7078.9,389.7,595.9,2506.5,8888.8,1729.2,7136.2,1443.7,6721.7,4961.1,1405.6,8514.6,9949.5,3878.3,3296.0,5664.9,8252.6,10293.1,8041.7,8321.7,11971.8,8487.1,10789.3,4048.4,6275.1,5850.5,4795.5,5931.3,12349.7,14727.8,9560.8,11363.0,8197.6,11155.3,7240.2,1285.5,7556.6,546.7,5400.4,6442.5,8316.0,5864.4,507.7,4080.1,4078.0,5225.8,6685.0,4364.3,5297.7
160,1350.6,1179.0,2734.9,499.9,578.5,184.9,552.9,1154.2,4106.9,5006.2,2508.5,1479.0,874.4,1219.4,3219.4,5668.5,3448.6,1094.2,437.8,3720.7,3104.4,5459.5,5898.0,1285.4,6397.5,10330.2,4400.9,770.2,1241.9,3968.5,474.1,746.9,2924.9,5441.3,10355.7,1169.1,1341.8,2252.4,2716.2,867.0,47.2,1424.2,1162.6,1252.0,1257.8,835.7,1880.0,8721.5,2364.3,2276.7,8297.5,1435.1,1274.7,884.5,907.5,1266.3,1098.2,1061.3,1864.9,2190.8,2777.9,84.6,2549.3,1095.8,1269.3,1154.8,1259.2,1217.0,2645.2,259.2,1015.6,948.4,1419.5,1426.9,2949.0,1062.7,2727.2,2316.6,48.9,1048.1,752.2,1110.8,5954.4,8935.3,813.9,8935.3,4000.4,1089.6,9931.5,2095.2,4511.4,817.6,393.8,8954.5,1054.0,8223.1,8688.9,3387.8,11023.8,5334.8,9899.2,4024.5,7831.0,6349.7,1864.9,3145.8,3387.8,9899.2,5334.8,8670.4,6667.2,4357.1,3387.8,5766.1,4024.5,1237.2,3414.3,5766.1,7990.5,11008.2,11016.8,10972.6,854.2,5181.4,732.1,678.2,939.4,2789.2,10711.1,620.0,8297.5,8297.5,7719.3,7698.5,6698.3,6698.3,2844.3,2920.6,7716.4,10223.8,3414.3,2818.6,214.7,2386.5,274.2,1029.3,8170.9,4288.8,3387.8,8935.3,7831.0,1444.6,0.0,581.7,1052.3,603.4,890.6,1257.7,2365.7,1240.8,1261.8,51.5,4141.5,422.3,1418.6,923.8,891.5,3365.0,685.0,825.2,1389.4,1218.3,1007.3,1362.8,1160.4,1203.3,1198.8,749.5,663.2,1251.6,7914.1,979.1,61.8,1203.3,1262.9,1154.2,4710.6,610.6,491.7,1162.6,1277.2,9320.0,213.7,788.0,8654.6,1481.3,7502.8,3145.8,3181.6,3850.6,7995.6,5668.5,6349.7,7674.1,2700.0,10369.7,10647.8,28614.4,2593.9,462.7,8140.1,1531.0,867.0,3830.0,8658.2,1114.0,8254.3,1399.6,7839.8,4207.6,52.1,8223.1,9658.0,2720.9,4357.1,6726.1,8021.9,11411.2,9224.2,8091.0,11680.3,9548.3,10497.8,5103.2,7336.3,4934.5,5856.6,6992.5,12058.2,14436.3,9330.2,11071.6,8051.9,10863.9,8301.3,176.5,8617.8,1319.6,6461.5,7503.6,9377.1,5269.9,978.4,5134.9,2920.6,4122.5,6338.7,4072.8,5006.2
142,863.9,1005.0,2589.8,1053.4,89.5,738.3,36.2,723.5,4224.3,5559.6,2363.4,990.0,385.4,730.4,3772.9,6222.0,3782.5,1520.3,287.9,3575.6,3015.9,5519.9,6451.4,1019.8,6951.0,10883.6,4518.2,1000.6,1068.0,4521.9,1027.6,480.0,2456.1,5994.8,10114.2,940.0,967.8,1850.8,2571.2,612.6,628.9,935.3,673.6,985.5,844.3,262.6,2116.8,9274.9,1962.7,1875.2,8414.8,1672.0,1071.9,395.6,420.7,1005.5,525.0,647.8,2418.4,1789.2,2892.0,638.0,2404.2,522.7,780.3,665.8,686.1,1770.4,2176.4,322.6,528.8,459.4,930.5,940.2,2547.5,489.6,2582.2,1915.1,602.3,862.5,179.1,537.7,6071.7,9488.7,628.3,9488.7,4133.2,602.8,10048.9,1606.3,5064.9,1228.6,424.2,9507.9,480.9,8776.6,9242.3,3505.2,10782.3,5888.2,10452.7,4577.9,8384.5,6903.1,2418.4,3225.4,3505.2,10452.7,5888.2,9223.9,7220.6,4474.5,3505.2,5777.6,4577.9,1124.7,3531.6,5777.6,8050.8,10766.7,10775.3,10731.1,421.5,5734.8,1257.2,189.2,905.1,2868.7,11264.5,131.0,8414.8,8414.8,7836.7,8252.0,7251.7,7251.7,2923.9,3000.1,7833.8,10777.3,3531.6,2673.5,367.2,2532.4,381.5,856.9,8231.3,4842.2,3505.2,9488.7,8384.5,1199.3,581.7,0.0,479.2,75.4,401.6,996.9,1929.5,1066.8,767.5,633.2,4201.9,975.7,929.6,567.8,884.1,3482.4,1222.7,336.2,1085.8,787.5,520.5,1082.0,671.4,714.4,938.1,482.6,174.3,764.8,8467.5,641.8,643.6,714.4,1290.5,723.5,4828.0,144.2,211.7,673.6,912.5,9873.4,368.1,251.3,8772.0,1718.2,8056.2,3225.4,3299.0,4404.1,7991.5,6222.0,6903.1,7791.4,2771.5,10923.1,10708.2,29167.8,2739.8,269.5,8257.4,1500.6,612.6,3685.0,9211.6,625.0,8314.7,910.6,7900.2,4761.0,529.6,8776.6,10211.4,2800.5,4474.5,6843.4,8575.4,11471.6,9220.2,8644.5,12233.8,9665.6,11051.3,5226.9,7453.6,4711.4,5973.9,7109.8,12611.6,14989.7,9883.6,11625.0,8605.4,11417.3,8418.7,406.7,8735.1,945.6,6578.9,7621.0,9494.5,5823.3,1161.2,5258.6,3000.1,4219.2,6892.1,4626.2,5559.6
42,454.4,1169.6,2567.3,1523.9,494.8,1208.9,506.7,392.7,4201.8,6030.2,2341.0,765.5,252.2,527.2,4243.4,7055.2,4126.9,1864.7,758.5,3553.2,3117.4,5497.4,6922.0,801.4,7421.5,11354.2,4495.7,1345.0,1210.4,4992.5,1498.2,795.2,2252.9,6465.3,10091.7,1073.0,713.9,1798.7,2548.7,936.5,1099.5,794.0,456.4,785.0,619.4,233.8,2175.7,9745.5,1910.6,1823.1,8392.3,1785.9,1173.4,187.1,190.0,996.3,264.7,509.5,2888.9,1732.3,2869.5,1108.6,2381.8,243.8,598.3,441.2,268.9,2241.0,1973.2,793.2,230.3,326.3,705.9,530.8,2495.4,118.4,2559.7,1863.0,1072.9,1196.1,300.1,226.0,6049.2,9959.3,1044.6,9959.3,4110.8,304.3,10026.4,1403.1,5535.4,1645.0,810.8,10341.1,163.8,9247.1,9712.9,3482.7,10759.8,6563.9,10923.2,5091.7,8855.0,7373.7,2888.9,3375.7,3482.7,10923.2,6563.9,9694.4,7691.2,4452.0,3482.7,5879.2,5091.7,1226.2,3509.2,5879.2,8028.4,10744.2,10752.9,10708.6,562.7,6566.2,1673.5,413.2,1175.8,3005.2,11735.1,465.3,8392.3,8392.3,7814.2,8722.5,7722.3,7722.3,3060.4,3136.6,7811.3,11452.4,3509.2,2651.1,837.7,2509.9,852.1,961.4,8208.8,5497.2,3482.7,9959.3,8855.0,1171.1,1052.3,479.2,0.0,458.3,254.9,972.9,1726.3,1266.7,346.9,1103.8,4179.4,1446.3,747.6,675.0,1154.8,3459.9,1677.3,294.5,865.3,397.0,222.0,861.4,489.4,489.8,1000.3,795.2,478.2,355.4,8938.1,734.3,1114.1,489.8,1412.9,392.7,4805.5,560.5,630.4,456.4,984.7,10706.6,838.7,314.4,8749.5,1810.5,8526.8,3375.7,3276.5,5001.9,7969.0,7055.2,7373.7,7769.0,2900.9,11393.7,10685.7,29638.4,2717.3,736.0,8235.0,1551.7,936.5,3662.5,10044.8,585.7,8292.2,686.1,7877.7,5231.6,1000.2,9247.1,10682.0,2937.0,4452.0,6821.0,9408.6,11449.1,9197.7,9477.7,12704.3,9643.1,11521.8,5204.4,7431.2,4756.1,5951.5,7087.3,13082.2,15460.3,10716.9,12095.5,9353.7,11887.9,8396.2,877.3,8712.6,725.1,6556.4,7598.5,9472.0,6293.9,1511.2,5236.1,3136.6,4369.5,7362.7,5096.8,6030.2
75,829.9,1049.9,2634.7,1075.0,58.1,760.0,57.9,702.6,4269.1,5581.3,2408.3,958.3,353.7,698.7,3794.5,6243.6,3792.8,1530.5,309.6,3620.5,2999.0,5564.8,6473.1,1019.9,6972.6,10905.3,4563.1,1010.8,1112.8,4543.6,1049.3,524.8,2424.4,6016.4,10159.1,984.9,986.2,1826.9,2616.0,657.5,650.6,911.4,641.9,985.5,844.3,241.7,2161.7,9296.6,1938.8,1851.3,8459.7,1716.8,1055.0,363.8,386.8,1050.4,504.1,647.9,2440.0,1765.4,2936.8,659.7,2449.1,501.8,748.6,634.0,665.2,1792.1,2144.7,344.3,494.9,427.7,898.8,906.2,2523.6,468.7,2627.0,1891.2,624.0,907.4,158.2,516.8,6116.6,9510.4,673.2,9510.4,4178.1,568.9,10093.7,1574.5,5086.5,1273.5,445.9,9529.6,460.0,8798.2,9264.0,3550.0,10827.1,5909.9,10474.4,4599.6,8406.1,6924.8,2440.0,3208.5,3550.0,10474.4,5909.9,9245.5,7242.3,4519.3,3550.0,5760.8,4599.6,1107.8,3576.5,5760.8,8095.7,10811.6,10820.2,10776.0,404.6,5756.5,1302.0,157.5,888.2,2851.8,11286.2,99.3,8459.7,8459.7,7881.5,8273.6,7273.4,7273.4,2907.0,2983.3,7878.7,10798.9,3576.5,2718.4,388.8,2577.2,403.2,840.0,8276.2,4863.9,3550.0,9510.4,8406.1,1244.2,603.4,75.4,458.3,0.0,369.9,1041.8,1897.7,1111.7,746.6,654.9,4246.8,997.4,897.9,612.6,867.3,3527.3,1244.4,304.5,1085.9,766.6,486.6,1082.0,639.7,682.6,982.9,527.5,157.4,730.9,8489.2,623.9,665.2,682.6,1273.7,702.6,4872.8,189.1,258.9,641.9,894.6,9895.0,389.8,230.4,8816.9,1763.0,8077.9,3208.5,3343.9,4425.7,8036.4,6243.6,6924.8,7836.3,2754.6,10944.8,10753.1,29189.5,2784.6,291.2,8302.3,1545.5,657.5,3729.8,9233.3,601.1,8359.5,878.9,7945.0,4782.7,551.3,8798.2,10233.1,2783.6,4519.3,6888.3,8597.0,11516.4,9265.0,8666.1,12255.4,9710.5,11073.0,5271.8,7498.5,4693.5,6018.8,7154.7,12633.3,15011.4,9905.3,11646.7,8627.1,11439.0,8463.6,428.4,8780.0,945.7,6623.7,7665.8,9539.4,5845.0,1206.1,5303.4,2983.3,4202.3,6913.8,4647.9,5581.3
45,533.9,1390.9,2794.7,1362.3,322.0,1047.2,368.0,620.0,4429.1,5868.5,2568.3,610.7,71.2,342.8,4081.8,6530.9,3945.9,1683.7,587.3,3780.5,2936.4,5724.8,6760.4,1028.8,7259.9,11192.5,4723.1,1164.0,1437.8,4830.8,1336.5,865.9,2068.5,6303.7,10319.1,1300.4,941.3,1580.8,2776.1,998.6,937.8,588.3,285.9,1012.3,846.8,294.6,2403.0,9583.8,1692.7,1605.2,8619.7,2013.3,992.4,67.8,90.8,1223.7,506.4,736.9,2727.3,1514.4,3096.8,947.0,2609.1,485.4,392.7,302.3,496.3,2079.3,1788.8,631.5,198.9,71.8,551.2,610.2,2277.5,360.1,2787.0,1645.1,911.2,1248.5,298.8,467.7,6276.6,9797.6,1014.2,9797.6,4338.1,272.9,10253.7,1218.6,5373.8,1614.6,629.8,9816.8,396.0,9085.5,9551.2,3710.0,10987.1,6197.2,10761.6,5319.1,8693.4,7212.1,2727.3,3194.7,3710.0,10761.6,6197.2,9532.8,7529.6,4679.3,3710.0,5698.2,5319.1,1045.2,3736.5,5698.2,8255.7,10971.6,10980.2,10936.0,381.7,6043.7,1594.4,240.4,994.8,2824.2,11573.4,292.5,8619.7,8619.7,8041.5,8560.9,7560.6,7560.6,2879.4,2955.6,8038.7,11086.2,3736.5,2878.4,676.1,2737.2,690.4,780.4,8436.2,5151.1,3710.0,9797.6,8693.4,1398.4,890.6,401.6,254.9,369.9,0.0,1200.3,1541.8,1452.8,574.3,942.2,4406.8,1284.6,542.0,870.6,973.8,3687.3,1496.3,113.5,1092.6,624.4,190.6,1088.8,283.8,333.7,1227.6,868.6,297.2,434.9,8776.5,553.3,952.5,333.7,1231.9,620.0,5032.8,530.1,600.0,285.9,803.7,10182.3,677.0,239.7,8976.9,2037.8,8365.1,3194.7,3503.9,4713.0,8196.4,6530.9,7212.1,7996.3,2719.9,11232.0,10913.1,29476.7,2944.6,555.0,8462.3,1779.1,998.6,3889.8,9520.5,393.7,8519.5,531.3,8105.0,5069.9,838.5,9085.5,10520.3,2756.0,4679.3,7048.3,8884.3,11676.4,9425.0,8953.4,12542.7,9870.5,11360.2,5431.8,7658.5,4564.1,6178.8,7314.7,12920.5,15298.6,10192.5,11933.9,8914.3,11726.2,8623.6,715.6,8940.0,952.5,6783.7,7825.8,9699.4,6132.2,1547.1,5463.4,2955.6,4188.5,7201.0,4935.2,5868.5
58,919.3,301.4,1599.9,1490.7,1075.7,1306.8,1022.4,584.2,3234.4,5486.3,1373.5,1355.7,1197.6,1286.0,3972.2,6087.8,4545.2,2080.8,1049.7,2585.7,3915.7,4530.0,6802.3,230.8,6877.6,10810.3,3528.3,1763.3,259.3,4721.2,1449.3,651.5,2979.3,6234.1,9124.3,346.1,430.0,2655.1,1581.3,393.6,1300.6,1583.2,1238.6,197.4,475.6,1162.7,1208.3,9201.6,2725.6,2679.4,7424.9,816.0,1971.7,1132.4,1135.4,24.5,867.1,564.6,2654.2,2541.0,1902.1,1314.0,1414.3,908.5,1401.3,1229.2,719.1,1392.8,2699.6,1003.2,1082.9,1271.6,1371.9,872.0,3300.8,940.3,1592.3,2668.4,1278.2,465.5,1068.2,898.6,5081.8,9415.4,483.3,9415.4,3143.3,1119.0,9059.0,2129.5,5415.7,780.5,1176.8,9373.7,954.0,8703.2,9169.0,2515.3,9792.4,5596.5,10379.3,4124.3,8634.0,6892.3,2654.2,4103.2,2515.3,10379.3,5596.5,9150.5,7470.1,3484.6,2515.3,6677.4,4124.3,2024.5,2541.7,6677.4,7060.9,9776.8,9785.4,9741.2,1407.7,5598.8,866.0,1175.5,1782.9,3746.5,11191.2,1117.3,7424.9,7424.9,6846.8,8501.5,7178.4,7178.4,3801.7,3877.9,6843.9,10484.9,2541.7,1683.7,1045.9,1542.5,986.3,1756.7,7241.4,4529.8,2515.3,9415.4,8634.0,209.4,1257.7,996.9,972.9,1041.8,1200.3,0.0,2452.7,381.2,691.8,1304.9,3212.0,1426.7,1549.4,717.4,1761.9,2492.5,1751.4,1239.9,313.2,648.2,1166.0,286.6,1293.3,1181.3,70.5,650.5,1160.5,918.4,8394.2,1565.1,1319.5,1181.3,2168.3,584.2,3838.1,852.7,978.0,1238.6,1863.2,9739.2,1046.8,1185.6,7782.1,843.1,8305.7,4103.2,2309.1,4034.5,7001.6,6087.8,6892.3,6801.5,3649.2,10849.8,9718.3,29094.5,1749.9,1048.8,7267.5,578.3,393.6,2695.1,9077.4,1531.1,7324.8,1245.5,6910.3,4996.9,1205.6,8703.2,10138.1,3678.3,3484.6,5853.5,8441.2,10481.7,8230.3,8510.3,12160.4,8675.7,10977.9,4237.0,6463.8,5650.4,4984.1,6119.9,12538.3,14916.4,9749.4,11551.6,8386.2,11344.0,7428.8,1085.4,7745.2,361.2,5589.0,6631.1,8504.6,6052.9,619.7,4268.7,3877.9,5097.0,6873.6,4552.9,5486.3
56,1601.3,2655.8,4046.7,2684.3,1849.8,2373.0,1895.8,1878.9,5681.1,6962.6,3820.3,1171.2,1582.7,1222.6,5130.4,7625.0,4493.2,2447.5,1964.8,5032.5,2602.4,6976.8,7520.8,2281.2,8354.0,12286.6,5975.1,1864.6,2690.2,5879.5,2658.5,2281.4,617.3,7397.8,11571.1,2559.2,2115.9,600.8,4028.0,2422.7,2412.9,1048.1,1280.9,2264.7,2066.6,1798.6,3655.0,10677.9,610.6,582.1,9871.7,3265.7,1422.9,1586.1,1609.1,2476.1,1910.2,1995.7,3775.9,450.8,4348.8,2334.6,3861.1,1899.6,1242.2,1304.5,1755.1,3401.3,337.6,2106.6,1558.4,1494.6,1097.0,1664.3,943.7,1831.4,4039.0,512.5,2370.3,2682.3,1817.1,1871.6,7528.6,10891.7,2507.9,10891.7,5590.1,1477.3,11505.7,405.2,5977.9,3017.1,1990.3,10910.9,1867.4,10179.6,10645.3,4962.0,12239.1,7291.2,11855.7,5980.9,9742.0,8306.1,3775.9,3441.5,4962.0,11855.7,7291.2,10626.9,8578.2,5931.3,4962.0,5003.3,5980.9,1481.4,4988.5,5003.3,9507.7,12223.6,12232.2,12188.0,1579.8,7137.8,2931.5,1768.2,1772.2,3066.4,12667.5,1820.3,9871.7,9871.7,9293.5,9609.5,8654.7,8654.7,3121.6,3159.4,9290.7,12180.3,4988.5,4130.4,2151.1,3989.2,2165.5,1486.8,9688.2,6245.2,4962.0,10891.7,9742.0,2650.8,2365.7,1929.5,1726.3,1897.7,1541.8,2452.7,0.0,2752.9,1833.1,2417.2,5658.8,2606.6,1092.9,2161.2,1787.9,4939.3,2411.6,1641.3,2287.1,1883.2,1504.3,2283.2,1320.2,1301.2,2480.0,2281.4,1782.8,1574.3,9870.5,1460.6,2427.6,1301.2,1452.1,1878.9,6284.8,2048.4,2118.3,1280.9,1187.1,11276.4,2152.1,1758.1,10228.9,3289.8,9413.8,3441.5,4755.9,5807.1,9448.4,7625.0,8306.1,9248.3,2962.1,12326.1,12165.1,30570.8,4196.6,1932.5,9714.3,3031.5,2422.7,5141.8,10614.6,1342.6,9771.5,1284.1,9357.0,6118.6,2313.6,10179.6,11614.4,2998.2,5931.3,8300.3,9978.4,12928.4,10677.0,10047.5,13636.8,11122.5,12454.3,6683.8,8910.5,3521.7,7430.8,8566.7,14014.6,16392.7,11286.6,13028.0,10008.4,12820.3,9875.6,2190.7,10192.0,2181.0,8035.7,9077.8,10951.3,7226.3,2997.4,6715.4,3159.4,4435.3,8295.1,6029.2,6962.6
52,1240.1,97.1,1659.8,1229.8,1145.6,1067.2,1092.3,878.9,3050.1,5302.0,1433.4,1655.9,1440.1,1586.2,3706.8,5903.5,4442.4,1819.9,1044.4,2645.6,3910.4,4589.9,6541.4,590.3,6693.3,10626.0,3344.0,1758.0,146.3,4455.9,1188.4,775.9,3279.5,6049.8,9298.9,200.5,789.5,2833.1,1641.1,530.4,1247.0,1883.5,1538.8,556.9,835.1,1266.5,1052.1,9017.3,2945.0,2857.5,7240.6,607.2,1966.4,1406.5,1424.7,356.7,1161.8,758.3,2388.9,2771.5,1721.1,1186.3,1474.2,1203.2,1701.5,1529.4,1013.7,1074.9,2999.8,997.9,1376.7,1514.2,1672.1,1192.8,3529.7,1234.0,1652.1,2897.4,1191.9,293.3,1183.1,1192.3,4897.5,9231.1,518.2,9231.1,2943.6,1412.8,8874.7,2429.7,5154.8,412.8,1171.5,9189.4,1247.7,8519.0,8984.7,2331.0,9967.0,5412.2,10195.0,3940.0,8368.6,6708.0,2388.9,4097.9,2331.0,10195.0,5412.2,8966.2,7204.8,3300.3,2331.0,6672.1,3940.0,2019.2,2357.4,6672.1,7120.8,9951.4,9960.0,9915.8,1434.9,5414.5,498.3,1245.4,1777.6,3741.2,11006.9,1187.2,7240.6,7240.6,6662.5,8236.1,6994.1,6994.1,3796.3,3872.6,6659.6,10300.6,2357.4,1743.5,1040.5,1329.7,980.9,1751.3,7301.2,4345.5,2331.0,9231.1,8368.6,269.2,1240.8,1066.8,1266.7,1111.7,1452.8,381.2,2752.9,0.0,986.4,1242.7,3271.8,1165.8,1849.6,910.3,1756.6,2308.2,1511.8,1390.9,672.7,942.9,1459.8,646.0,1593.5,1481.5,361.4,778.5,1230.4,1212.2,8209.9,1559.8,1302.0,1481.5,2163.0,878.9,3653.8,922.6,1025.3,1538.8,1857.9,9554.9,1041.5,1255.5,7597.8,653.5,8040.4,4097.9,2124.8,3850.2,6938.7,5903.5,6708.0,6617.2,3643.9,10665.5,9778.1,28910.2,1537.1,1043.5,7083.2,474.1,530.4,2754.9,8893.1,1681.1,7384.6,1566.3,6970.1,4731.6,1200.2,8519.0,9953.8,3672.9,3300.3,5669.2,8256.9,10541.5,8167.4,8326.0,11976.1,8491.5,10793.6,4046.4,6279.5,5645.1,4799.8,5935.6,12354.0,14732.1,9565.1,11367.4,8202.0,11159.7,7244.5,1080.1,7560.9,720.7,5404.7,6446.8,8320.3,5868.7,252.0,4078.1,3872.6,5000.7,6689.4,4368.6,5302.0
137,331.7,889.3,2287.5,1733.5,780.9,1418.4,795.0,112.4,3921.9,6173.8,2061.1,736.1,571.6,666.5,4307.6,6775.3,4446.3,2184.1,1046.8,3273.3,3436.8,5217.6,7110.5,525.8,7565.2,11497.8,4215.9,1664.4,929.3,5056.7,1707.7,515.0,2359.8,6517.4,9811.9,792.8,448.0,2029.1,2268.8,656.3,1304.7,963.7,619.0,503.8,351.0,536.7,1895.8,9889.1,2106.1,2053.4,8112.5,1504.8,1492.8,506.5,509.4,715.1,242.1,229.2,2989.7,1921.5,2589.6,1318.1,2101.9,283.4,781.7,609.7,94.0,2053.9,2080.1,1007.3,456.9,645.6,752.3,362.5,2681.2,314.3,2279.8,2048.8,1282.4,915.9,585.0,272.6,5769.4,10102.9,783.6,10102.9,3830.9,493.1,9746.5,1509.9,5723.9,1391.7,1130.2,10061.3,328.0,9390.8,9856.5,3202.8,10479.9,6284.1,11066.9,4811.8,8969.4,7579.9,2989.7,3695.1,3202.8,11066.9,6284.1,9838.1,7805.6,4172.1,3202.8,6198.5,4811.8,1545.6,3229.3,6198.5,7748.5,10464.4,10473.0,10428.8,882.0,6286.3,1454.8,719.6,1495.2,3324.6,11878.7,771.8,8112.5,8112.5,7534.3,8836.9,7865.9,7865.9,3379.7,3456.0,7531.5,11172.5,3229.3,2371.2,1050.0,2230.0,990.4,1280.7,7928.9,5217.4,3202.8,10102.9,8969.4,895.5,1261.8,767.5,346.9,746.6,574.3,691.8,1833.1,986.4,0.0,1309.0,3899.6,1655.8,929.9,394.8,1474.2,3180.1,1902.8,613.9,594.4,116.8,540.1,590.5,673.8,561.7,719.1,515.0,797.6,292.4,9081.8,1053.7,1323.7,561.7,1732.3,112.4,4525.6,698.8,824.1,619.0,1304.1,10426.7,1051.0,620.8,8469.7,1530.6,8641.1,3695.1,2996.7,4722.1,7689.1,6775.3,7579.9,7489.1,3220.3,11537.3,10405.9,29782.0,2437.4,1028.4,7955.1,1270.6,656.3,3382.6,9765.0,905.1,8012.3,656.8,7597.8,5332.3,1209.7,9390.8,10825.6,3256.3,4172.1,6541.1,9128.7,11169.2,8917.8,9197.8,12848.0,9363.3,11665.5,4924.6,7151.3,5075.5,5671.6,6807.5,13225.8,15603.9,10437.0,12239.2,9073.8,12031.5,8116.4,1089.6,8432.8,454.2,6276.5,7318.6,9192.1,6346.0,1231.0,4956.2,3456.0,4688.9,7561.2,5240.5,6173.8
63,1402.1,1180.9,2736.8,501.9,630.0,186.8,604.4,1201.5,4108.8,5008.1,2510.4,1530.5,925.9,1270.9,3221.3,5670.5,3470.9,1109.4,489.3,3722.6,3152.8,5461.4,5899.9,1332.6,6399.5,10332.1,4402.8,818.6,1243.8,3970.4,476.1,794.1,2976.4,5443.3,10357.6,1216.3,1389.0,2303.9,2718.2,914.3,4.3,1475.8,1214.1,1299.2,1305.0,887.2,1881.9,8723.4,2415.8,2328.2,8299.4,1437.0,1323.0,936.1,959.0,1313.5,1149.7,1108.6,1866.8,2242.3,2779.8,86.5,2551.2,1147.3,1320.8,1206.3,1310.7,1218.9,2696.7,310.8,1067.1,999.9,1471.0,1478.5,3000.5,1114.2,2729.2,2368.1,69.3,1082.5,803.7,1162.3,5956.3,8937.2,861.1,8937.2,4002.3,1141.1,9933.4,2146.8,4513.3,819.5,445.3,8956.4,1105.5,8225.1,8690.8,3389.7,11025.7,5336.7,9901.2,4026.4,7832.9,6351.6,1866.8,3194.2,3389.7,9901.2,5336.7,8672.4,6669.1,4359.0,3389.7,5814.4,4026.4,1285.5,3416.2,5814.4,7992.4,11010.1,11018.8,10974.5,905.7,5183.3,734.0,729.7,987.7,2837.5,10713.0,671.5,8299.4,8299.4,7721.2,7700.5,6700.2,6700.2,2892.7,2968.9,7718.4,10225.8,3416.2,2820.5,266.2,2388.4,325.7,1077.7,8172.8,4290.7,3389.7,8937.2,7832.9,1446.5,51.5,633.2,1103.8,654.9,942.2,1304.9,2417.2,1242.7,1309.0,0.0,4143.4,424.2,1470.1,971.0,939.8,3367.0,700.2,876.7,1436.7,1265.5,1058.8,1410.0,1211.9,1254.8,1246.0,796.8,714.7,1303.1,7916.0,1030.6,59.3,1254.8,1311.2,1201.5,4712.5,662.1,543.2,1214.1,1328.7,9321.9,265.2,839.5,8656.6,1483.2,7504.7,3194.2,3183.6,3852.6,7997.5,5670.5,6351.6,7676.0,2748.3,10371.6,10649.8,28616.3,2595.8,514.2,8142.0,1532.9,914.3,3832.0,8660.1,1165.5,8256.2,1451.1,7841.7,4209.5,103.6,8225.1,9659.9,2769.2,4359.0,6728.0,8023.9,11413.1,9226.2,8092.9,11682.3,9550.2,10499.8,5105.2,7338.2,4982.9,5858.5,6994.4,12060.1,14438.2,9332.1,11073.5,8053.9,10865.8,8303.3,228.0,8619.7,1366.8,6463.4,7505.5,9379.0,5271.8,980.3,5136.8,2968.9,4170.8,6340.6,4074.7,5008.1
74,4108.6,3361.5,2514.7,4108.2,4280.7,3968.0,4227.4,3792.0,3095.0,5425.4,2363.2,4496.1,4404.1,4492.5,6564.6,6027.0,7303.6,4681.1,4252.4,804.3,7118.4,1492.7,9402.5,3405.8,6816.8,10749.4,3302.2,4965.9,3345.4,7197.2,4066.9,3856.5,6185.4,6173.2,6086.9,3458.8,3548.9,5861.6,2581.0,3598.5,4147.8,4789.7,4445.1,3405.2,3625.3,4369.2,3668.4,9140.8,5932.1,5885.9,5132.8,3276.2,5174.4,4338.9,4341.9,3196.4,4074.9,3772.4,5246.7,5747.5,1464.4,4087.0,2359.1,4116.3,4607.8,4435.7,3926.8,3816.1,5905.7,4205.9,4289.4,4478.1,4578.4,4031.8,6507.3,4146.8,2523.1,5874.9,4092.7,3517.4,4275.9,4105.1,3385.6,9354.5,3694.2,9354.5,1293.0,4325.5,7279.7,5335.6,8015.9,3351.6,4379.4,8894.4,4160.5,8642.4,9108.2,2272.2,6755.0,5201.9,10318.5,4063.5,11207.2,6831.5,5246.7,7305.9,2272.2,10318.5,5201.9,9089.7,10043.4,3258.4,2272.2,9880.1,4063.5,5227.2,2289.1,9880.1,4023.6,6739.4,6748.1,6703.9,4612.7,5538.0,3434.6,4380.5,4985.6,6949.2,11130.3,4322.2,5132.8,5132.8,3923.3,11074.8,7117.5,7117.5,7004.3,7080.6,3871.2,9637.0,2289.1,2013.3,4248.5,2037.6,4188.9,4959.3,4204.0,4469.0,2272.2,9354.5,11207.2,3023.4,4141.5,4201.9,4179.4,4246.8,4406.8,3212.0,5658.8,3271.8,3899.6,4143.4,0.0,4044.2,4755.9,3925.2,4964.6,2239.9,4438.6,4446.4,3390.0,3856.0,4372.5,3376.0,4499.8,4387.8,3275.8,3855.5,4365.5,4124.9,8333.4,4767.8,4202.7,4387.8,5371.0,3792.0,3611.9,4057.7,4183.0,4445.1,5065.9,9419.4,4249.5,4390.6,4900.0,3303.2,10879.0,7305.9,2523.5,3973.7,4095.8,6027.0,6831.5,3847.4,6851.9,10789.0,6681.0,26261.7,1987.6,4251.4,4344.1,2871.1,3598.5,1191.5,8535.5,4737.6,4287.4,4383.8,3872.9,7589.4,4165.3,8642.4,10077.3,6880.9,3258.4,3599.9,8067.9,7444.3,5324.5,8139.0,11790.5,6896.5,10917.1,1766.9,4018.6,8853.1,3096.1,3182.1,12477.5,14855.6,9573.5,11490.8,7538.3,10778.6,4546.7,4288.1,4863.1,3525.6,3701.0,4219.7,5622.5,5992.1,3510.3,1798.5,7080.6,7861.8,6812.8,4492.1,5425.4
83,1744.6,1125.3,2637.6,93.0,972.5,248.7,946.8,1548.2,4009.6,4598.2,2411.2,1873.0,1268.3,1613.4,2811.4,5260.6,3391.1,768.6,831.8,3623.4,3267.3,5362.2,5490.0,1475.6,5989.6,9922.2,4303.6,933.0,1188.2,3560.5,54.7,1140.8,3165.8,5033.4,10258.4,1168.8,1685.6,2493.2,2619.0,1206.6,428.5,1818.2,1556.5,1442.2,1651.8,1229.7,1574.7,8313.5,2605.1,2517.6,8200.2,1306.7,1477.0,1278.5,1301.4,1402.2,1492.1,1455.3,1456.9,2431.7,2680.6,367.7,2452.0,1489.8,1663.3,1548.7,1653.2,863.7,2886.1,653.2,1409.6,1342.4,1813.5,1820.9,3189.9,1456.7,2630.0,2557.5,373.4,1026.9,1146.2,1504.8,5857.1,8527.3,1004.1,8527.3,3903.1,1483.6,9834.2,2489.2,4103.4,753.1,787.7,8546.5,1447.9,7815.1,8280.9,3290.5,10926.5,4926.8,9491.3,3616.5,7423.0,5941.7,1456.9,3308.7,3290.5,9491.3,4926.8,8262.5,6259.2,4259.8,3290.5,5928.9,3616.5,1400.0,3317.0,5928.9,7893.2,10910.9,10919.6,10875.3,1248.1,4773.4,667.5,1072.2,1114.9,2952.0,10303.1,1014.0,8200.2,8200.2,7622.0,7290.6,6290.3,6290.3,3007.1,3083.4,7619.2,9815.8,3317.0,2721.3,608.6,2289.2,668.1,1263.2,8073.6,3880.8,3290.5,8527.3,7423.0,1390.9,422.3,975.7,1446.3,997.4,1284.6,1426.7,2606.6,1165.8,1655.8,424.2,4044.2,0.0,1812.6,1317.7,1054.3,3267.8,526.1,1219.1,1579.7,1612.2,1401.2,1553.0,1554.4,1597.3,1406.8,1143.5,1057.2,1645.6,7506.1,1373.0,483.5,1597.3,1425.7,1548.2,4190.4,1004.6,885.7,1556.5,1545.3,8912.0,607.6,1181.9,8557.4,1353.0,7094.8,3308.7,3084.4,3442.6,7898.3,5260.6,5941.7,7576.8,2862.8,9961.7,10550.5,28206.4,2496.6,856.7,8042.8,1433.7,1206.6,3732.8,8250.2,1507.9,8157.0,1793.6,7742.5,3799.6,446.1,7815.1,9250.0,2883.7,4259.8,6628.8,7613.9,11313.9,9127.0,7683.0,11272.4,9451.0,10089.9,5005.9,7239.0,5097.3,5759.3,6895.2,11650.2,14028.3,8922.2,10663.6,7644.0,10455.9,8204.1,570.4,8520.5,1606.0,6364.2,7406.3,9279.8,4861.9,913.9,5037.6,3083.4,3949.3,5930.7,3664.8,4598.2
141,705.5,1752.5,3143.8,1890.2,850.0,1575.2,895.9,975.6,4778.2,6396.5,2917.4,645.1,582.9,377.2,4609.7,7058.9,4435.4,2144.8,1062.3,4129.6,3133.5,6073.9,7288.3,1377.9,7787.8,11720.5,5072.2,1532.5,1786.9,5358.8,1864.5,1378.1,1612.3,6831.6,10668.2,1655.9,1270.6,1157.3,3125.2,1519.5,1465.8,46.9,320.4,1361.5,1180.5,820.0,2752.1,10111.8,1201.5,1172.9,8968.8,2362.4,1277.3,607.5,630.4,1572.8,988.0,1092.4,3255.2,1007.3,3446.0,1474.9,2958.2,977.4,149.3,343.9,851.9,2607.3,1332.6,1159.5,579.8,494.8,547.0,781.8,1776.6,852.8,3136.2,1144.2,1439.2,1780.1,838.5,949.3,6625.7,10325.6,1545.8,10325.6,4687.2,498.7,10602.9,762.4,5911.2,2146.2,1104.8,10344.8,888.7,9613.5,10079.2,4059.2,11336.2,6725.1,11289.6,5668.2,9221.3,7740.0,3255.2,3479.6,4059.2,11289.6,6725.1,10060.8,8057.5,5028.5,4059.2,5576.9,5668.2,1330.1,4085.6,5576.9,8604.8,11320.7,11329.3,11285.1,684.9,6571.7,2122.4,768.4,1317.4,3109.1,12101.4,820.5,8968.8,8968.8,8390.7,9088.9,8088.6,8088.6,3164.3,3240.5,8387.8,11614.1,4085.6,3227.5,1204.0,3086.4,1218.4,1080.1,8785.3,6073.7,4059.2,10325.6,9221.3,1747.6,1418.6,929.6,747.6,897.9,542.0,1549.4,1092.9,1849.6,929.9,1470.1,4755.9,1812.6,0.0,1257.9,1296.4,4036.4,1957.3,641.5,1441.8,979.9,525.7,1437.9,258.3,368.1,1576.8,1378.2,772.3,671.1,9304.4,766.8,1480.4,368.1,1497.9,975.6,5382.0,1061.7,1131.6,320.4,763.0,10710.2,1205.0,767.7,9326.0,2387.0,8893.1,3479.6,3853.0,5578.4,8545.5,7058.9,7740.0,8345.4,3004.8,11760.0,11262.2,30004.7,3293.8,1030.0,8811.4,2128.2,1519.5,4238.9,10048.5,332.1,8868.6,565.7,8454.2,5597.9,1366.5,9613.5,11048.3,3040.8,5028.5,7397.4,9412.2,12025.6,9774.2,9481.3,13070.6,10219.6,11888.1,5780.9,8007.6,4231.1,6527.9,7663.8,13448.5,15826.6,10720.5,12461.9,9442.3,12254.2,8972.7,1243.6,9289.1,1294.8,7132.9,8175.0,10048.5,6660.2,2078.7,5812.6,3240.5,4473.4,7729.0,5463.1,6396.5
117,643.8,813.2,2313.1,1395.4,646.6,1080.3,593.3,287.2,3947.5,5744.2,2086.7,1064.2,867.9,994.6,3969.5,6406.6,4211.2,1949.0,715.8,3298.9,3573.0,5243.2,6772.4,563.8,7135.6,11068.2,4241.5,1429.3,849.3,4718.6,1369.6,176.9,2687.8,6179.4,9837.5,716.6,511.8,2357.2,2294.4,485.5,966.7,1291.8,947.1,529.4,388.2,712.9,1921.4,9459.5,2434.1,2381.5,8138.1,1511.4,1629.0,834.5,837.5,740.8,570.1,191.8,2651.6,2249.6,2615.3,980.1,2127.5,611.5,1109.8,937.8,422.1,1702.1,2408.1,669.3,785.0,941.9,1080.4,596.6,3009.3,642.4,2305.4,2376.9,944.3,748.5,629.4,600.7,5795.0,9673.3,510.3,9673.3,3856.5,821.1,9772.1,1838.0,5385.8,1114.6,842.9,9692.5,656.1,8961.2,9426.9,3228.4,10505.5,6309.7,10637.3,4837.5,8631.3,7087.7,2651.6,3769.3,3228.4,10637.3,6309.7,9408.5,7467.5,4197.7,3228.4,6334.7,4837.5,1681.8,3254.9,6334.7,7774.1,10490.0,10498.6,10454.4,978.6,5919.4,1143.1,746.3,1449.0,3412.6,11449.1,688.1,8138.1,8138.1,7559.9,8498.8,7436.3,7436.3,3467.7,3544.0,7557.1,11198.1,3254.9,2396.8,711.9,2255.6,652.3,1413.9,7954.6,5243.0,3228.4,9673.3,8631.3,922.6,923.8,567.8,675.0,612.6,870.6,717.4,2161.2,910.3,394.8,971.0,3925.2,1317.7,1257.9,0.0,1428.0,3205.7,1564.7,845.9,629.8,351.2,868.1,626.0,1001.9,889.8,714.6,174.4,731.3,620.5,8652.1,1198.9,985.6,889.8,1834.4,287.2,4551.2,423.6,548.8,947.1,1469.6,10058.0,712.9,756.5,8495.3,1557.6,8303.1,3769.3,3022.3,4747.7,7714.8,6406.6,7087.7,7514.7,3315.3,11107.7,10431.5,29352.4,2463.0,714.8,7980.7,1277.2,485.5,3408.2,9396.2,1182.1,8037.9,970.1,7623.4,4994.3,871.6,8961.2,10396.0,3344.3,4197.7,6566.7,8760.0,11194.8,8943.5,8829.0,12418.4,9388.9,11235.9,4950.2,7176.9,5268.5,5697.2,6833.1,12796.2,15174.3,10068.2,11809.6,9099.4,11601.9,8142.0,751.5,8458.4,489.6,6302.1,7344.2,9217.8,6007.9,1047.1,4981.9,3544.0,4763.0,7076.7,4810.9,5744.2
79,1433.8,1694.8,3352.5,1132.0,822.2,891.7,850.4,1519.9,4791.0,5431.4,3126.1,1554.0,946.8,1286.1,3599.2,6093.8,3205.8,916.3,726.3,4338.3,2370.5,6282.6,6165.5,1789.6,6822.8,10755.4,5085.0,254.0,1757.7,4348.3,1106.2,1251.1,2318.1,5866.6,10876.9,1673.3,1832.1,1599.4,3333.9,1371.3,938.7,1285.4,1229.3,1756.2,1690.1,1087.5,2560.0,9146.7,1711.3,1623.7,8981.6,2160.6,548.8,967.7,990.6,1770.6,1350.0,1493.7,2244.7,1537.8,3462.0,853.3,3166.9,1347.6,1336.0,1237.9,1396.2,1849.0,2038.3,800.1,1098.8,1015.1,1494.5,1510.1,2296.0,1260.0,3344.9,1663.6,889.0,1552.3,1004.0,1352.2,6638.5,9360.5,1318.1,9360.5,4684.5,1172.8,10615.6,1848.3,4681.5,1543.2,635.4,9379.7,1270.4,8648.4,9114.1,4071.9,11545.0,5760.0,10324.5,4449.7,8210.8,6774.9,2244.7,2425.2,4071.9,10324.5,5760.0,9095.7,7047.0,5041.2,4071.9,5045.4,4449.7,471.8,4098.4,5045.4,8813.5,11529.4,11538.0,11493.8,622.3,5606.6,1457.6,834.3,69.2,2068.5,11136.3,817.3,8981.6,8981.6,8403.4,8078.3,7123.5,7123.5,2123.7,2199.9,8400.6,10649.0,4098.4,3436.2,813.2,3070.6,827.6,437.5,8994.0,4714.0,4071.9,9360.5,8210.8,1962.0,891.5,884.1,1154.8,867.3,973.8,1761.9,1787.9,1756.6,1474.2,939.8,4964.6,1054.3,1296.4,1428.0,0.0,4049.2,787.9,860.6,1893.7,1524.2,1090.5,1867.0,1227.1,1277.0,1703.1,1253.8,710.1,1334.8,8339.3,680.1,953.3,1277.0,497.6,1519.9,5023.7,1017.7,944.7,1229.3,726.6,9745.2,814.2,971.9,9338.8,2206.8,7882.6,2425.2,3865.8,4275.9,8679.7,6093.8,6774.9,8358.2,1978.5,10794.9,11470.9,29039.6,3278.0,756.3,8824.2,2215.1,1371.3,4447.6,9083.4,975.1,9077.4,1474.6,8662.9,4587.4,840.8,8648.4,10083.2,2000.2,5041.2,7410.2,8447.2,12234.3,9908.4,8516.2,12105.6,10232.4,10923.1,5787.3,8020.4,4186.5,6540.7,7676.6,12483.4,14861.5,9755.4,11496.8,8477.2,11289.1,8985.5,852.8,9301.9,1791.5,7145.6,8187.7,10061.2,5695.1,1703.9,5819.0,2199.9,3401.8,6763.9,4498.0,5431.4
91,3389.1,2403.2,1952.5,3331.7,3561.2,3191.5,3507.9,3072.5,1034.1,3379.4,1726.1,3776.6,3684.6,3773.0,5048.5,3973.4,6527.1,3904.6,3337.0,1927.0,6202.9,2919.5,8007.0,2686.3,4770.7,8703.4,1128.3,3969.3,2452.4,5416.4,3290.4,3137.0,5465.9,4112.4,7164.1,2506.6,2829.4,5142.1,1933.8,2879.0,3371.3,4070.2,3725.6,2685.7,2905.8,3649.7,2738.7,7094.7,5212.6,5166.4,5090.9,2346.5,4258.9,3619.4,3622.4,2476.9,3355.4,3052.9,4470.2,5028.0,1110.3,3310.5,1665.3,3396.8,3888.3,3716.2,3207.3,3039.6,5186.2,3290.4,3569.9,3758.6,3858.8,3312.3,5787.8,3427.3,1944.8,5155.4,3316.2,2599.4,3556.4,3385.6,2747.8,7308.5,2810.7,7308.5,1022.6,3606.0,6724.9,4616.1,6846.8,2575.1,3464.0,7259.4,3441.0,6596.4,7062.1,86.7,7832.1,3096.7,8272.5,2010.0,9426.4,4785.4,4470.2,6344.9,86.7,8272.5,3096.7,7043.6,8262.6,1084.5,86.7,8965.1,2010.0,4311.7,59.5,8965.1,5410.4,7816.6,7825.2,7781.0,3727.4,3484.4,2658.1,3660.9,4070.1,5988.2,9084.3,3602.8,5090.9,5090.9,4527.7,9293.9,5071.5,5071.5,6043.4,6119.6,4524.8,8132.5,59.5,1808.1,3333.1,1019.7,3273.5,4043.9,5600.1,2415.5,86.7,7308.5,9426.4,2303.9,3365.0,3482.4,3459.9,3527.3,3687.3,2492.5,4939.3,2308.2,3180.1,3367.0,2239.9,3267.8,4036.4,3205.7,4049.2,0.0,3662.1,3726.9,2670.4,3136.5,3653.0,2656.5,3780.3,3668.2,2556.3,3136.0,3646.0,3405.4,6287.3,3852.3,3426.2,3668.2,4455.6,3072.5,1438.0,3338.2,3463.5,3725.6,4150.4,7624.9,3334.1,3671.1,5463.0,2373.5,9098.1,6344.9,650.3,1912.8,4803.9,3973.4,4785.4,4482.4,5899.1,8742.9,8067.8,26987.6,823.7,3336.0,4948.4,2094.7,2879.0,2411.4,6963.1,4018.1,5683.5,3664.3,5185.4,5948.3,3388.8,6596.4,8031.2,5920.0,1084.5,3519.5,6326.8,8770.5,6032.6,6395.9,10053.5,6341.7,8871.0,2014.1,4129.7,7937.6,2650.0,3800.8,10431.4,12809.5,7635.1,9444.8,6033.8,9237.1,5109.7,3372.7,5426.1,2806.1,3254.9,4297.0,6185.5,3931.3,2549.9,2005.8,6119.6,7085.3,4766.8,2431.2,3379.4
93,1956.3,1450.0,3031.9,435.4,1219.5,529.9,1193.8,1795.2,4403.9,4679.9,2805.6,2084.7,1480.0,1825.1,2847.7,5342.2,2959.2,416.4,1059.9,4017.7,2903.3,5756.6,5411.4,1800.3,6071.2,10003.9,4697.9,562.4,1512.9,3596.8,471.4,1387.8,2917.8,5115.0,10652.8,1493.5,1982.7,2199.1,3013.3,1508.0,704.5,1946.3,1768.2,1766.9,1898.8,1476.7,1817.1,8395.2,2311.0,2223.5,8594.5,1701.0,1148.6,1490.2,1513.1,1726.9,1739.1,1702.3,1493.2,2137.5,3075.0,617.9,2846.4,1736.7,1875.0,1760.4,1918.6,1106.1,2638.1,900.2,1621.2,1554.1,2025.1,2032.6,2895.8,1703.7,3024.3,2263.4,649.4,1351.6,1393.2,1751.8,6251.4,8609.0,1328.8,8609.0,4297.4,1695.3,9401.3,2596.2,4024.8,1088.6,959.2,8628.2,1694.9,7896.8,8362.6,3684.8,11320.8,5008.5,9573.0,3698.2,7459.3,6023.4,1493.2,2944.7,3684.8,9573.0,5008.5,8344.1,6295.5,4654.1,3684.8,5564.9,3698.2,1071.5,3711.3,5564.9,8287.5,11305.2,11313.9,11269.7,1344.2,4855.1,1003.0,1319.2,857.1,2588.0,10384.8,1261.0,8594.5,8594.5,8016.4,7326.8,6372.0,6372.0,2643.2,2719.5,8013.5,9897.5,3711.3,3115.7,855.6,2683.5,915.1,1192.7,8468.0,3962.4,3684.8,8609.0,7459.3,1715.6,685.0,1222.7,1677.3,1244.4,1496.3,1751.4,2411.6,1511.8,1902.8,700.2,4438.6,526.1,1957.3,1564.7,787.9,3662.1,0.0,1383.1,1904.3,1859.2,1612.9,1877.7,1766.0,1809.0,1731.5,1390.5,1217.3,1857.3,7587.8,1428.0,746.9,1809.0,1097.3,1795.2,4272.1,1251.5,1132.7,1768.2,1474.8,8993.6,854.6,1428.9,8951.7,1747.3,7131.0,2944.7,3478.7,3524.3,8292.6,5342.2,6023.4,7971.1,2498.9,10043.4,10944.9,28288.1,2890.9,1127.1,8437.1,1828.0,1508.0,4127.1,8331.9,1636.0,8551.3,2005.3,8136.8,3835.8,693.1,7896.8,9331.7,2519.8,4654.1,7023.1,7695.6,11708.2,9521.3,7764.7,11354.0,9018.1,10171.5,5400.3,7633.3,4768.9,6153.6,7289.5,11731.9,14110.0,9003.9,10745.2,7725.6,10537.5,8598.4,817.4,8914.8,1930.7,6758.5,7800.6,9674.2,4943.6,1249.3,5431.9,2719.5,3517.4,6012.4,3746.5,4679.9
94,573.5,1329.1,2834.3,1296.8,256.6,981.7,302.5,659.6,4468.7,5803.0,2607.9,701.9,97.3,442.3,4016.3,6465.4,3832.7,1570.5,474.1,3820.1,2868.5,5764.4,6694.9,1068.4,7194.4,11127.0,4762.7,1050.8,1392.0,4765.3,1271.0,804.1,2168.0,6238.2,10358.7,1264.1,980.9,1611.5,2815.6,936.7,872.3,687.8,385.4,1051.9,886.3,306.3,2442.6,9518.3,1723.4,1635.9,8659.3,1996.0,924.5,107.4,130.4,1263.3,546.0,759.0,2661.8,1550.0,3136.4,881.5,2648.7,525.0,492.2,377.6,535.9,2013.8,1888.3,566.0,238.5,171.3,642.4,649.8,2308.2,399.7,2826.6,1675.8,845.7,1186.6,298.3,507.3,6316.2,9732.1,952.4,9732.1,4377.7,312.5,10293.3,1318.1,5308.3,1552.7,516.6,9751.3,428.4,9020.0,9485.8,3749.6,11026.7,6131.7,10696.1,4821.3,8627.9,7146.6,2661.8,3126.8,3749.6,10696.1,6131.7,9467.3,7464.1,4718.9,3749.6,5630.2,4821.3,977.3,3776.1,5630.2,8295.3,11011.2,11019.8,10975.6,310.8,5978.2,1528.9,167.8,881.6,2756.3,11507.9,227.1,8659.3,8659.3,8081.1,8495.4,7495.1,7495.1,2811.4,2887.7,8078.3,11020.7,3776.1,2918.0,610.6,2776.8,624.9,709.4,8475.8,5085.6,3749.6,9732.1,8627.9,1438.0,825.2,336.2,294.5,304.5,113.5,1239.9,1641.3,1390.9,613.9,876.7,4446.4,1219.1,641.5,845.9,860.6,3726.9,1383.1,0.0,1132.2,664.0,230.2,1128.4,383.3,426.2,1262.1,806.7,184.0,474.5,8711.0,485.6,887.0,426.2,1163.9,659.6,5072.4,468.3,538.2,385.4,756.3,10116.8,611.6,174.2,9016.5,2042.3,8299.6,3126.8,3543.5,4647.5,8236.0,6465.4,7146.6,8035.9,2651.9,11166.5,10952.7,29411.2,2984.2,441.8,8501.9,1818.7,936.7,3929.4,9455.0,385.7,8559.1,622.5,8144.6,5004.4,773.0,9020.0,10454.9,2688.0,4718.9,7087.9,8818.8,11716.0,9464.6,8887.9,12477.2,9910.1,11294.7,5471.4,7698.1,4556.1,6218.4,7354.3,12855.0,15233.1,10127.0,11868.4,8848.8,11660.7,8663.2,650.2,8979.6,992.0,6823.3,7865.4,9738.9,6066.7,1485.3,5503.0,2887.7,4120.5,7135.6,4869.7,5803.0
96,736.9,592.9,1777.9,1643.6,1120.2,1458.5,1111.3,486.8,3412.3,5664.2,1551.5,1124.3,1089.9,1178.4,4144.8,6265.7,4676.9,2233.8,1181.5,2763.7,3955.1,4708.0,6955.2,168.2,7055.6,10988.2,3706.3,1895.0,550.7,4893.9,1602.3,752.5,2813.7,6412.0,9302.3,538.5,174.3,2547.4,1759.2,575.5,1432.3,1475.6,1130.9,219.4,253.6,1055.1,1386.2,9379.5,2615.4,2571.8,7602.9,994.0,2011.1,1024.8,1027.7,336.6,769.7,477.1,2826.9,2433.4,2080.0,1445.7,1592.3,811.1,1293.6,1121.6,618.3,1651.6,2534.0,1134.9,975.3,1164.0,1264.2,660.0,3181.3,832.6,1770.2,2558.2,1410.0,661.6,980.6,790.9,5259.8,9593.3,575.7,9593.3,3321.3,1011.4,9236.9,1963.8,5568.6,1071.9,1308.5,9551.7,846.3,8881.2,9346.9,2693.2,9970.3,5774.4,10557.3,4302.2,8806.6,7070.2,2826.9,4213.4,2693.2,10557.3,5774.4,9328.5,7642.8,3662.5,2693.2,6716.9,4302.2,2063.9,2719.7,6716.9,7238.9,9954.8,9963.4,9919.2,1400.4,5776.7,1157.4,1097.5,1914.7,3842.9,11369.1,1120.5,7602.9,7602.9,7024.7,8674.2,7356.3,7356.3,3898.1,3974.3,7021.9,10662.9,2719.7,1861.6,1177.6,1720.4,1118.0,1799.0,7419.4,4707.8,2693.2,9593.3,8806.6,466.6,1389.4,1085.8,865.3,1085.9,1092.6,313.2,2287.1,672.7,594.4,1436.7,3390.0,1579.7,1441.8,629.8,1893.7,2670.4,1904.3,1132.2,0.0,550.8,1058.4,127.4,1185.7,1073.6,342.3,750.0,1249.4,810.7,8572.1,1572.0,1451.2,1073.6,2250.6,486.8,4016.0,941.6,1066.9,1130.9,1822.4,9917.1,1178.6,1090.6,7960.1,1021.0,8478.4,4213.4,2487.1,4212.5,7179.5,6265.7,7070.2,6979.5,3738.6,11027.7,9896.3,29272.4,1927.8,1180.5,7445.5,794.4,575.5,2873.0,9255.4,1423.4,7502.7,1012.0,7088.2,5169.6,1337.3,8881.2,10316.0,3774.6,3662.5,6031.5,8619.1,10659.6,8408.2,8688.2,12338.4,8853.7,11155.9,4415.0,6641.7,5593.8,5162.0,6297.9,12716.2,15094.3,9927.4,11729.6,8564.2,11521.9,7606.8,1217.2,7923.2,191.5,5766.9,6809.0,8682.5,6230.9,911.1,4446.6,3974.3,5207.2,7051.6,4730.9,5664.2
103,374.5,845.8,2243.9,1689.9,801.0,1374.8,815.1,68.9,3878.4,6130.3,2017.5,786.2,621.6,716.5,4264.0,6731.8,4496.3,2234.1,1010.3,3229.7,3486.9,5174.0,7067.0,482.3,7521.6,11454.3,4172.3,1714.4,885.7,5013.1,1664.1,471.4,2409.8,6473.9,9768.3,749.2,406.8,2079.2,2225.3,612.8,1261.2,1013.8,669.1,460.2,307.5,586.8,1852.2,9845.6,2156.1,2103.5,8068.9,1461.2,1542.8,556.5,559.4,671.6,292.1,185.7,2946.1,1971.5,2546.1,1274.6,2058.3,333.5,831.8,659.8,144.1,2010.3,2130.1,963.8,507.0,695.7,802.4,327.2,2731.3,364.4,2236.3,2098.9,1238.8,872.3,635.1,322.7,5725.8,10059.4,740.0,10059.4,3787.3,543.1,9703.0,1560.0,5680.4,1348.2,1137.4,10017.7,378.1,9347.2,9813.0,3159.3,10436.4,6240.5,11023.3,4768.3,8925.8,7536.3,2946.1,3745.2,3159.3,11023.3,6240.5,9794.5,7762.0,4128.6,3159.3,6248.6,4768.3,1595.7,3185.7,6248.6,7704.9,10420.8,10429.4,10385.2,932.1,6242.8,1411.3,769.7,1545.2,3374.6,11835.2,801.2,8068.9,8068.9,7490.8,8793.4,7822.4,7822.4,3429.8,3506.1,7487.9,11128.9,3185.7,2327.6,1006.5,2186.5,946.8,1330.8,7885.4,5173.8,3159.3,10059.4,8925.8,851.9,1218.3,787.5,397.0,766.6,624.4,648.2,1883.2,942.9,116.8,1265.5,3856.0,1612.2,979.9,351.2,1524.2,3136.5,1859.2,664.0,550.8,0.0,590.1,547.0,723.9,611.8,675.6,471.4,847.7,342.5,9038.2,1103.7,1280.1,611.8,1782.3,68.9,4482.1,655.3,780.6,669.1,1354.1,10383.2,1007.4,670.9,8426.1,1487.1,8597.6,3745.2,2953.1,4678.5,7645.6,6731.8,7536.3,7445.5,3270.3,11493.8,10362.3,29738.5,2393.9,1009.4,7911.5,1227.0,612.8,3339.1,9721.4,955.1,7968.8,706.8,7554.3,5288.8,1166.2,9347.2,10782.1,3306.4,4128.6,6497.5,9085.2,11125.7,8874.3,9154.3,12804.4,9319.7,11621.9,4881.0,7107.7,5125.5,5628.1,6763.9,13182.3,15560.4,10393.4,12195.6,9030.2,11987.9,8072.8,1046.0,8389.2,410.6,6233.0,7275.1,9148.6,6302.4,1187.4,4912.7,3506.1,4738.9,7517.6,5196.9,6130.3
109,493.0,1362.7,2760.5,1478.9,438.7,1163.8,484.6,585.8,4394.9,5985.1,2534.1,543.5,187.9,305.3,4198.4,6647.5,4062.6,1800.3,704.0,3746.2,3053.1,5690.5,6877.0,994.5,7376.5,11309.1,4688.8,1280.7,1403.5,4947.5,1453.1,937.6,2031.0,6420.3,10284.8,1266.1,907.0,1576.8,2741.8,1070.3,1054.5,572.0,234.4,978.1,812.5,294.4,2368.8,9700.5,1688.7,1601.1,8585.4,1979.0,1109.0,122.7,125.7,1189.4,473.4,702.6,2843.9,1510.4,3062.6,1063.6,2574.9,452.5,376.4,219.3,462.0,2196.0,1751.2,748.2,155.7,261.9,484.0,569.3,2273.4,327.1,2752.8,1641.0,1027.8,1320.2,341.5,434.8,6242.3,9914.3,1085.9,9914.3,4303.9,127.7,10219.5,1181.1,5490.4,1686.3,746.5,9933.5,363.1,9202.1,9667.9,3675.8,10952.9,6313.8,10878.2,5284.8,8810.0,7328.7,2843.9,3311.4,3675.8,10878.2,6313.8,9649.4,7646.2,4645.1,3675.8,5814.8,5284.8,1161.9,3702.2,5814.8,8221.5,10937.3,10946.0,10901.7,498.3,6160.3,1714.8,357.0,1111.4,2940.8,11690.0,409.2,8585.4,8585.4,8007.3,8677.5,7677.2,7677.2,2996.0,3072.3,8004.4,11202.8,3702.2,2844.2,792.7,2703.0,807.0,897.0,8401.9,5267.7,3675.8,9914.3,8810.0,1364.2,1007.3,520.5,222.0,486.6,190.6,1166.0,1504.3,1459.8,540.1,1058.8,4372.5,1401.2,525.7,868.1,1090.5,3653.0,1612.9,230.2,1058.4,590.1,0.0,1054.5,267.5,267.9,1193.4,940.3,413.9,394.0,8893.1,670.0,1069.1,267.9,1348.5,585.8,4998.6,601.8,671.7,234.4,920.3,10298.9,793.7,311.5,8942.6,2003.6,8481.7,3311.4,3469.6,5195.1,8162.1,6647.5,7328.7,7962.1,2836.5,11348.7,10878.8,29593.3,2910.4,671.6,8428.1,1744.8,1070.3,3855.6,9637.1,521.4,8485.3,464.1,8070.8,5186.5,955.2,9202.1,10637.0,2872.6,4645.1,7014.1,9000.9,11642.2,9390.8,9070.0,12659.3,9836.2,11476.8,5397.5,7624.3,4650.6,6144.6,7280.4,13037.2,15415.3,10309.2,12050.5,9030.9,11842.8,8589.3,832.3,8905.8,918.2,6749.5,7791.6,9665.1,6248.8,1618.8,5429.2,3072.3,4305.1,7317.7,5051.8,5985.1
115,733.0,566.2,1763.9,1617.0,1116.4,1431.9,1107.5,482.9,3398.3,5650.2,1537.5,1120.5,1086.1,1174.5,4118.2,6251.8,4650.2,2207.1,1154.8,2749.7,3951.3,4694.0,6928.6,150.2,7041.6,10974.2,3692.3,1868.3,524.0,4867.2,1575.6,748.7,2809.9,6398.1,9288.3,511.8,173.4,2543.6,1745.3,548.8,1405.7,1471.8,1127.1,201.4,249.7,1051.2,1372.2,9365.6,2611.6,2567.9,7588.9,980.0,2007.2,1020.9,1023.9,309.9,765.9,473.2,2800.3,2429.5,2066.1,1419.1,1578.3,807.2,1289.8,1117.7,614.5,1637.6,2530.1,1108.3,971.4,1160.1,1260.4,656.2,3177.5,828.8,1756.2,2554.3,1383.3,634.9,976.7,787.1,5245.8,9579.4,549.1,9579.4,3307.3,1007.5,9223.0,1960.0,5542.0,1045.2,1281.9,9537.7,842.5,8867.2,9333.0,2679.2,9956.3,5760.5,10543.3,4288.3,8780.0,7056.3,2800.3,4208.3,2679.2,10543.3,5760.5,9314.5,7616.2,3648.6,2679.2,6713.0,4288.3,2060.1,2705.7,6713.0,7224.9,9940.8,9949.4,9905.2,1396.5,5762.8,1130.8,1093.6,1888.0,3839.1,11355.1,1116.7,7588.9,7588.9,7010.8,8647.5,7342.4,7342.4,3894.2,3970.5,7007.9,10648.9,2705.7,1847.6,1151.0,1706.5,1091.3,1795.2,7405.4,4693.8,2679.2,9579.4,8780.0,452.7,1362.8,1082.0,861.4,1082.0,1088.8,286.6,2283.2,646.0,590.5,1410.0,3376.0,1553.0,1437.9,626.0,1867.0,2656.5,1877.7,1128.4,127.4,547.0,1054.5,0.0,1181.8,1069.8,315.6,746.2,1245.5,806.9,8558.2,1568.2,1424.6,1069.8,2246.7,482.9,4002.1,937.8,1063.0,1127.1,1818.5,9903.2,1151.9,1086.8,7946.1,1007.0,8451.7,4208.3,2473.1,4198.5,7165.6,6251.8,7056.3,6965.5,3734.7,11013.8,9882.3,29258.5,1913.8,1153.8,7431.5,780.4,548.8,2859.0,9241.4,1419.5,7488.7,1008.2,7074.2,5142.9,1310.7,8867.2,10302.1,3770.8,3648.6,6017.5,8605.2,10645.6,8394.2,8674.2,12324.4,8839.7,11141.9,4401.0,6627.7,5589.9,5148.0,6283.9,12702.3,15080.4,9913.4,11715.6,8550.2,11507.9,7592.8,1190.5,7909.2,173.5,5752.9,6795.1,8668.6,6216.9,884.5,4432.7,3970.5,5202.1,7037.6,4716.9,5650.2
116,449.5,1496.5,2887.8,1632.0,591.8,1317.0,637.7,719.5,4522.2,6138.3,2661.4,389.1,324.7,121.2,4351.5,6800.6,4366.1,1953.5,857.1,3873.6,3181.3,5817.8,7030.1,1121.9,7529.6,11462.3,4816.1,1433.8,1530.8,5100.6,1606.2,1122.0,1846.9,6573.4,10412.1,1399.9,1014.5,1392.7,2869.1,1272.0,1207.6,304.6,64.3,1105.4,924.4,561.8,2496.1,9853.6,1459.8,1417.1,8712.8,2106.4,1237.3,349.3,372.2,1316.7,729.8,836.4,2997.0,1265.6,3189.9,1216.7,2702.2,719.2,109.0,87.9,595.8,2349.1,1567.1,901.3,321.6,236.6,329.6,525.8,2034.9,594.6,2880.1,1402.5,1181.0,1521.9,580.2,691.1,6369.6,10067.4,1287.6,10067.4,4431.2,240.5,10346.8,997.0,5643.5,1888.0,899.6,10086.6,630.5,9355.2,9821.0,3803.1,11080.2,6466.9,11031.4,5412.1,8963.1,7481.8,2997.0,3439.6,3803.1,11031.4,6466.9,9802.5,7799.3,4772.4,3803.1,5789.6,5412.1,1290.1,3829.6,5789.6,8348.8,11064.6,11073.3,11029.0,626.6,6313.5,1864.2,510.1,1248.1,3069.1,11843.2,562.3,8712.8,8712.8,8134.6,8830.6,7830.4,7830.4,3124.3,3200.5,8131.8,11355.9,3829.6,2971.5,945.8,2830.3,960.2,1025.2,8529.2,5817.6,3803.1,10067.4,8963.1,1491.5,1160.4,671.4,489.4,639.7,283.8,1293.3,1320.2,1593.5,673.8,1211.9,4499.8,1554.4,258.3,1001.9,1227.1,3780.3,1766.0,383.3,1185.7,723.9,267.5,1181.8,0.0,112.1,1320.7,1122.1,567.0,415.0,9046.2,798.2,1222.2,112.1,1476.8,719.5,5125.9,803.5,873.4,64.3,960.3,10452.0,946.8,509.5,9069.9,2130.9,8634.9,3439.6,3596.9,5322.4,8289.4,6800.6,7481.8,8089.4,2964.8,11501.8,11006.1,29746.5,3037.7,824.8,8555.4,1872.2,1272.0,3982.9,9790.3,465.6,8612.6,309.7,8198.1,5339.7,1108.3,9355.2,10790.1,3000.9,4772.4,7141.4,9154.0,11769.5,9518.1,9223.1,12812.4,9963.6,11629.9,5524.9,7751.6,4466.6,6271.9,7407.8,13190.3,15568.4,10462.3,12203.6,9184.0,11996.0,8716.6,985.4,9033.1,1038.8,6876.8,7918.9,9792.4,6401.9,1820.5,5556.5,3200.5,4433.4,7470.8,5204.9,6138.3
5,337.4,1384.4,2775.7,1675.0,634.7,1359.9,680.7,607.5,4410.1,6181.2,2549.3,277.0,374.6,120.2,4394.5,6843.6,4258.6,1996.4,900.0,3761.5,3231.3,5705.8,7073.1,1009.8,7572.6,11505.2,4704.1,1476.7,1418.8,5143.5,1649.2,1010.0,1827.9,6616.4,10300.1,1287.8,902.4,1504.4,2757.0,1151.3,1250.5,402.0,57.3,993.3,812.3,562.1,2384.0,9896.5,1568.6,1528.8,8600.7,1994.3,1287.2,349.6,372.6,1204.7,638.8,724.3,3040.0,1374.5,3077.8,1259.7,2590.1,628.2,220.0,49.3,483.7,2392.0,1548.1,944.2,322.0,286.5,217.5,413.7,2143.8,595.0,2768.0,1511.4,1223.9,1410.9,580.6,600.2,6257.6,10110.3,1278.6,10110.3,4319.1,240.8,10234.7,978.0,5686.4,1896.4,942.5,10129.5,630.9,9398.2,9864.0,3691.0,10968.1,6772.2,11074.3,5300.0,9006.1,7524.7,3040.0,3489.6,3691.0,11074.3,6772.2,9845.5,7842.2,4660.3,3691.0,5901.3,5300.0,1340.1,3717.5,5901.3,8236.7,10952.5,10961.2,10917.0,676.5,6356.4,1924.9,553.1,1298.0,3119.1,11886.1,605.2,8600.7,8600.7,8022.5,8873.6,7873.3,7873.3,3174.2,3250.5,8019.7,11660.7,3717.5,2859.4,988.8,2718.2,1003.1,1075.2,8417.1,5705.6,3691.0,10110.3,9006.1,1379.4,1203.3,714.4,489.8,682.6,333.7,1181.3,1301.2,1481.5,561.7,1254.8,4387.8,1597.3,368.1,889.8,1277.0,3668.2,1809.0,426.2,1073.6,611.8,267.9,1069.8,112.1,0.0,1208.6,1010.0,610.0,302.9,9089.2,848.2,1265.2,0.0,1526.7,607.5,5013.8,812.0,881.8,57.3,1041.8,10495.0,989.8,521.6,8957.9,2018.8,8677.8,3489.6,3484.8,5210.3,8177.3,6843.6,7524.7,7977.3,3014.7,11544.7,10894.1,29789.4,2925.6,867.7,8443.3,1760.1,1151.3,3870.8,9833.2,577.2,8500.5,197.6,8086.0,5382.6,1151.2,9398.2,10833.0,3050.8,4660.3,7029.3,9197.0,11657.4,9406.0,9266.1,12855.4,9851.5,11672.9,5412.8,7639.5,4578.2,6159.8,7295.7,13233.2,15611.3,10505.2,12246.6,9562.0,12038.9,8604.5,1028.3,8921.0,926.7,6764.7,7806.8,9680.3,6444.9,1726.0,5444.4,3250.5,4483.3,7513.7,5247.9,6181.2
59,946.7,281.6,1663.7,1470.8,1016.9,1287.0,963.5,611.5,3298.2,5550.1,1437.3,1383.0,1224.9,1313.4,3952.3,6151.6,4486.3,2060.9,990.9,2649.5,3856.8,4593.8,6782.4,258.2,6941.4,10874.1,3592.1,1704.4,239.4,4701.3,1429.5,592.6,3006.7,6297.9,9188.1,287.2,457.4,2682.4,1645.1,334.7,1241.7,1610.6,1266.0,224.8,503.0,1137.8,1259.8,9265.4,2753.0,2706.8,7488.7,814.9,1912.8,1159.8,1162.7,79.4,894.5,562.7,2634.4,2568.4,1965.9,1255.1,1478.1,935.8,1428.6,1256.6,746.4,1395.2,2726.9,944.3,1110.3,1299.0,1399.2,899.4,3328.1,967.6,1656.1,2695.7,1219.4,410.3,1054.3,925.9,5145.6,9479.2,446.7,9479.2,3207.1,1146.4,9122.8,2156.8,5395.8,760.6,1117.9,9437.5,981.3,8767.0,9232.8,2579.1,9856.1,5660.3,10443.1,4188.1,8614.1,6956.1,2634.4,4044.3,2579.1,10443.1,5660.3,9214.3,7450.3,3548.4,2579.1,6618.6,4188.1,1965.7,2605.5,6618.6,7124.7,9840.6,9849.2,9805.0,1348.9,5662.6,846.1,1116.6,1724.0,3687.7,11255.0,1058.4,7488.7,7488.7,6910.6,8481.6,7242.2,7242.2,3742.8,3819.1,6907.7,10548.7,2605.5,1747.4,987.0,1606.3,927.4,1697.8,7305.2,4593.6,2579.1,9479.2,8614.1,273.2,1198.8,938.1,1000.3,982.9,1227.6,70.5,2480.0,361.4,719.1,1246.0,3275.8,1406.8,1576.8,714.6,1703.1,2556.3,1731.5,1262.1,342.3,675.6,1193.4,315.6,1320.7,1208.6,0.0,591.6,1101.6,945.8,8458.0,1506.2,1260.6,1208.6,2109.5,611.5,3901.9,793.9,919.1,1266.0,1804.3,9803.0,988.0,1126.8,7845.9,861.1,8285.8,4044.3,2372.9,4098.3,7065.4,6151.6,6956.1,6865.3,3590.4,10913.6,9782.1,29158.2,1813.7,989.9,7331.3,580.7,334.7,2758.8,9141.2,1552.4,7388.6,1272.9,6974.1,4977.0,1146.7,8767.0,10201.9,3619.4,3548.4,5917.3,8505.0,10545.5,8294.1,8574.0,12224.2,8739.5,11041.7,4300.8,6527.5,5591.5,5047.8,6183.7,12602.1,14980.2,9813.2,11615.4,8450.0,11407.7,7492.6,1026.6,7809.0,388.6,5652.8,6694.9,8568.4,6116.7,599.8,4332.5,3819.1,5038.1,6937.4,4616.7,5550.1
28,764.0,690.2,2243.4,1221.2,561.5,906.1,508.1,407.4,3877.8,5570.0,2017.0,1184.4,856.0,1114.8,3795.3,6232.4,4037.0,1774.8,541.6,3229.2,3407.6,5173.5,6598.2,684.0,6961.4,10894.0,4171.8,1255.1,726.3,4544.4,1195.4,13.6,2808.1,6005.2,9767.8,593.6,632.0,2322.8,2224.8,311.1,792.5,1407.2,1067.3,649.6,508.5,682.4,1833.3,9285.3,2434.7,2347.1,8068.4,1388.4,1463.5,822.3,840.5,659.1,690.4,312.0,2477.4,2261.2,2545.6,805.8,2057.8,731.7,1230.0,1058.0,542.3,1527.9,2528.3,495.0,905.2,930.0,1200.6,716.8,3019.4,762.6,2235.7,2387.0,770.1,574.3,598.9,720.9,5725.3,9499.1,335.9,9499.1,3786.8,941.4,9702.4,1958.2,5211.6,940.4,668.6,9518.3,776.3,8787.0,9252.7,3158.7,10435.8,6240.0,10463.1,4767.8,8457.1,6913.5,2477.4,3595.1,3158.7,10463.1,6240.0,9234.3,7293.3,4128.0,3158.7,6169.3,4767.8,1516.4,3185.2,6169.3,7704.4,10420.3,10428.9,10384.7,893.4,5745.2,968.9,661.2,1274.8,3238.4,11274.9,603.0,8068.4,8068.4,7490.2,8324.6,7262.1,7262.1,3293.5,3369.8,7487.4,10787.6,3185.2,2327.1,537.7,2185.9,478.1,1248.5,7884.9,5173.3,3158.7,9499.1,8457.1,852.9,749.5,482.6,795.2,527.5,868.6,650.5,2281.4,778.5,515.0,796.8,3855.5,1143.5,1378.2,174.4,1253.8,3136.0,1390.5,806.7,750.0,471.4,940.3,746.2,1122.1,1010.0,591.6,0.0,646.2,740.7,8477.9,1057.0,811.4,1010.0,1660.2,407.4,4481.5,338.4,463.7,1067.3,1355.1,9883.8,538.7,671.3,8425.6,1434.6,8128.9,3595.1,2952.6,4678.0,7645.1,6232.4,6913.5,7445.0,3141.1,10933.5,10361.8,29178.2,2393.3,540.6,7911.0,1154.2,311.1,3338.5,9222.0,1097.0,7968.2,1090.3,7553.7,4820.1,697.4,8787.0,10221.8,3170.1,4128.0,6497.0,8585.8,11125.1,8873.7,8654.8,12244.1,9319.2,11061.7,4880.5,7107.2,5142.2,5627.5,6763.4,12622.0,15000.1,9894.0,11635.4,9029.7,11427.7,8072.3,577.3,8388.7,609.9,6232.4,7274.5,9148.0,5833.7,872.9,4912.1,3369.8,4588.8,6902.5,4636.6,5570.0
114,757.2,1168.6,2753.4,1134.8,130.4,819.8,140.5,843.4,4387.8,5641.1,2527.0,885.6,281.0,626.0,3854.3,6303.4,3667.0,1404.8,308.4,3739.2,2841.9,5683.5,6532.9,1183.4,7032.4,10965.1,4681.8,885.1,1231.5,4603.4,1109.0,643.5,2326.7,6076.2,10277.8,1103.6,1134.2,1676.8,2734.8,776.2,710.4,761.3,569.2,1149.0,1007.8,389.7,2280.4,9356.4,1788.7,1701.2,8578.4,1835.5,897.8,291.1,314.1,1169.1,652.1,811.4,2499.8,1615.2,3055.6,719.5,2567.8,649.8,675.9,561.4,719.6,1851.9,2047.0,404.1,422.2,355.0,826.1,833.5,2373.4,583.4,2745.7,1741.0,683.8,1026.1,306.2,664.8,6235.3,9570.2,791.9,9570.2,4296.8,496.2,10212.4,1476.8,5146.3,1392.2,350.9,9589.4,593.8,8858.0,9323.8,3668.7,10945.8,5969.7,10534.1,4659.4,8465.9,6984.6,2499.8,3051.4,3668.7,10534.1,5969.7,9305.3,7302.1,4638.0,3668.7,5603.6,4659.4,950.7,3695.2,5603.6,8214.4,10930.3,10938.9,10894.7,247.4,5816.3,1367.0,157.7,731.1,2694.7,11346.0,125.5,8578.4,8578.4,8000.2,8333.4,7333.2,7333.2,2749.8,2826.1,7997.4,10858.7,3695.2,2837.1,448.6,2695.9,463.0,682.8,8394.9,4923.6,3668.7,9570.2,8465.9,1362.9,663.2,174.3,478.2,157.4,297.2,1160.5,1782.8,1230.4,797.6,714.7,4365.5,1057.2,772.3,731.3,710.1,3646.0,1217.3,184.0,1249.4,847.7,413.9,1245.5,567.0,610.0,1101.6,646.2,0.0,658.2,8549.0,467.8,725.0,610.0,1116.5,843.4,4991.5,307.8,375.3,569.2,738.5,9954.8,449.6,295.4,8935.6,1881.8,8137.7,3051.4,3462.6,4485.5,8155.1,6303.4,6984.6,7955.0,2597.4,11004.6,10871.8,29249.3,2903.3,276.1,8421.0,1664.2,776.2,3848.5,9293.1,451.0,8478.2,806.2,8063.7,4842.5,611.1,8858.0,10292.9,2626.4,4638.0,7007.0,8656.8,11635.1,9383.7,8725.9,12315.2,9829.2,11132.7,5390.5,7617.2,4537.3,6137.5,7273.4,12693.1,15071.2,9965.1,11706.5,8686.9,11498.8,8582.3,488.2,8898.7,1109.2,6742.4,7784.5,9658.0,5904.8,1324.8,5422.1,2826.1,4045.1,6973.6,4707.7,5641.1
36,107.8,1115.1,2512.8,1723.2,683.0,1408.2,728.9,338.2,4147.2,6399.1,2286.4,477.4,432.2,407.7,4442.7,7000.7,4306.9,2044.7,948.3,3498.6,3297.4,5442.9,7121.3,746.9,7790.5,11723.1,4441.2,1525.0,1155.9,5191.8,1697.5,740.7,2101.0,6664.6,10037.2,1018.5,659.4,1807.3,2494.2,882.0,1298.8,704.9,360.3,730.4,564.9,538.7,2121.1,10114.5,1847.3,1818.7,8337.8,1731.4,1353.4,367.1,370.0,941.8,344.7,455.0,3088.2,1662.7,2815.0,1307.9,2327.2,334.1,523.0,350.9,214.4,2279.6,1821.3,992.5,309.7,506.2,493.5,184.1,2422.4,322.8,2505.2,1790.1,1272.2,1141.6,585.9,306.0,5994.7,10328.3,1009.3,10328.3,4056.2,345.9,9971.9,1251.2,5734.7,1617.4,990.8,10286.6,361.4,9616.1,10081.9,3428.2,10705.2,6509.4,11292.2,5037.2,9054.3,7805.2,3088.2,3555.7,3428.2,11292.2,6509.4,10063.4,7890.5,4397.5,3428.2,6059.1,5037.2,1406.2,3454.6,6059.1,7973.8,10689.7,10698.3,10654.1,742.6,6511.7,1680.5,601.4,1355.8,3185.2,12104.0,653.5,8337.8,8337.8,7759.7,8921.9,8091.2,8091.2,3240.3,3316.6,7756.8,11397.8,3454.6,2596.5,1037.0,2455.4,1051.4,1141.3,8154.3,5442.7,3428.2,10328.3,9054.3,1116.5,1251.6,764.8,355.4,730.9,434.9,918.4,1574.3,1212.2,292.4,1303.1,4124.9,1645.6,671.1,620.5,1334.8,3405.4,1857.3,474.5,810.7,342.5,394.0,806.9,415.0,302.9,945.8,740.7,658.2,0.0,9307.1,914.3,1313.4,302.9,1592.9,338.2,4751.0,846.2,916.0,360.3,1164.7,10652.1,1038.0,555.8,8695.0,1756.0,8726.1,3555.7,3222.0,4947.4,7914.5,7000.7,7805.2,7714.4,3080.9,11762.7,10631.2,30007.3,2662.8,916.0,8180.4,1497.2,882.0,3607.9,9990.3,765.7,8237.6,398.0,7823.1,5430.9,1199.5,9616.1,11051.0,3116.9,4397.5,6766.4,9354.1,11394.6,9143.2,9423.1,13073.3,9588.6,11890.8,5149.9,7376.6,4881.2,5896.9,7032.8,13451.2,15829.3,10662.3,12464.5,9299.1,12256.8,8341.7,1076.6,8658.1,670.6,6501.9,7543.9,9417.5,6493.2,1456.7,5181.6,3316.6,4549.5,7786.5,5465.8,6399.1
33,9290.8,8304.9,7854.2,7415.4,8464.3,7740.6,8438.7,8974.2,5280.6,2907.9,7627.8,9678.3,8760.2,9105.2,7297.5,2332.1,8647.1,7465.9,8323.6,8020.5,9352.6,9013.0,6970.5,8588.0,1711.2,2510.7,5284.4,8115.3,8354.1,7665.4,7451.5,8475.3,10370.2,3203.3,10686.8,8408.3,8731.1,9651.5,7835.5,8780.7,7920.4,9310.0,9048.4,8587.4,8807.5,8721.5,7176.8,901.6,9763.4,9675.8,7558.5,7592.3,8607.6,8770.4,8793.3,8378.6,9257.1,8954.6,6492.1,9589.9,7203.8,7859.6,7668.6,9298.5,9155.1,9040.6,9109.0,7479.3,10090.4,8145.1,8901.4,8834.2,9305.3,9214.0,10265.0,8948.5,7846.5,9715.7,7865.2,8256.7,8638.0,9287.3,6025.1,1115.8,8251.9,1115.8,7116.1,8975.4,4831.8,9981.1,9095.8,7976.8,8279.6,1683.1,8939.8,362.1,884.7,6200.6,11354.8,4259.8,2079.8,4320.6,5648.9,1922.5,6492.1,8949.7,6200.6,2079.8,4259.8,873.3,4893.0,5239.4,6200.6,11693.6,4320.6,8530.5,6336.6,11693.6,9620.9,11339.2,11347.9,11303.7,8740.0,2895.2,7891.2,8564.0,8408.5,9070.1,2891.6,8505.8,7558.5,7558.5,8176.9,5239.0,1226.7,1226.7,9029.3,9050.3,8247.2,2897.1,6336.6,7825.9,8100.5,6981.7,8160.0,8758.9,9815.7,3935.8,6200.6,1115.8,5648.9,8205.6,7914.1,8467.5,8938.1,8489.2,8776.5,8394.2,9870.5,8209.9,9081.8,7916.0,8333.4,7506.1,9304.4,8652.1,8339.3,6287.3,7587.8,8711.0,8572.1,9038.2,8893.1,8558.2,9046.2,9089.2,8458.0,8477.9,8549.0,9307.1,0.0,8864.9,7975.3,9089.2,8501.1,8974.2,5070.2,8496.4,8377.5,9048.4,9048.1,1818.6,8099.5,8673.8,7953.5,7490.5,5303.2,8949.7,6091.8,4411.0,8451.7,2332.1,1922.5,8214.5,8948.2,2550.2,12278.2,20794.9,6762.7,8348.5,8144.3,7996.4,8780.7,8504.9,1397.9,8999.8,9899.1,9566.0,9395.9,6121.6,7937.9,362.1,1838.5,8969.1,5239.4,6993.1,1484.9,12293.1,8894.2,1402.5,3860.9,5528.4,2678.4,7446.8,7440.4,11269.9,6373.1,7768.1,4238.7,6616.8,1793.8,3252.1,1762.9,3044.4,7868.3,8062.3,7843.7,8707.8,6332.3,6730.6,8845.2,2961.8,8137.5,7412.1,9050.3,9205.4,1863.4,3841.3,2907.9
110,1013.3,1498.0,3155.7,1450.7,565.9,1135.6,608.1,1099.4,4594.2,5956.9,2929.3,1125.1,518.0,857.2,4170.2,6619.3,3819.2,1578.5,578.1,4141.5,2585.3,6085.8,6827.7,1508.2,7348.3,11280.9,4888.1,916.2,1560.9,4919.2,1424.9,1054.3,2019.8,6392.1,10680.1,1476.5,1420.6,1347.3,3137.0,1174.5,1026.2,755.8,800.4,1491.7,1326.1,773.9,2603.9,9672.2,1459.2,1371.6,8784.7,2159.1,660.2,547.2,570.1,1573.7,985.8,1216.2,2815.7,1285.7,3265.2,1035.4,2970.1,964.8,837.1,816.8,975.7,2167.8,1740.1,720.0,678.3,586.2,1065.6,1089.6,2043.9,839.5,3148.0,1411.5,999.6,1355.5,740.4,947.1,6441.6,9886.0,1121.3,9886.0,4487.7,752.3,10418.8,1314.5,5294.9,1713.3,620.4,9905.2,875.4,9173.9,9639.7,3875.1,11348.1,6285.6,10850.0,4975.2,8781.8,7300.5,2815.7,2862.6,3875.1,10850.0,6285.6,9621.2,7618.0,4844.4,3875.1,5292.4,4975.2,713.1,3901.6,5292.4,8616.7,11332.6,11341.2,11297.0,218.3,6132.1,1682.8,570.6,701.1,2492.1,11661.8,561.0,8784.7,8784.7,8206.6,8649.3,7649.0,7649.0,2547.2,2623.5,8203.7,11174.6,3901.6,3239.4,764.5,2873.8,778.8,455.4,8797.2,5239.5,3875.1,9886.0,8781.8,1765.2,979.1,641.8,734.3,623.9,553.3,1565.1,1460.6,1559.8,1053.7,1030.6,4767.8,1373.0,766.8,1198.9,680.1,3852.3,1428.0,485.6,1572.0,1103.7,670.0,1568.2,798.2,848.2,1506.2,1057.0,467.8,914.3,8864.9,0.0,1040.9,848.2,898.2,1099.4,5197.9,775.4,747.8,800.4,372.1,10270.7,765.5,659.8,9141.9,2205.3,8453.5,2862.6,3668.9,4801.4,8482.9,6619.3,7300.5,8161.4,2387.7,11320.5,11274.1,29565.1,3081.2,545.8,8627.4,2018.2,1174.5,4250.8,9608.9,485.0,8880.5,1045.7,8466.0,5158.3,927.0,9173.9,10608.8,2423.8,4844.4,7213.4,8972.7,12037.4,9711.5,9041.8,12631.1,10035.6,11448.6,5590.5,7823.6,4159.2,6343.9,7479.7,13009.0,15387.1,10280.9,12022.3,9002.7,11814.6,8788.6,804.1,9105.0,1431.8,6948.8,7990.9,9864.4,6220.6,1645.9,5622.2,2623.5,3856.3,7289.4,5023.6,5956.9
64,1412.5,1240.2,2796.1,561.1,640.3,246.1,614.7,1216.1,4168.1,5067.4,2569.7,1540.8,936.2,1281.2,3280.6,5729.7,3510.4,1156.0,499.6,3781.9,3166.3,5520.7,5959.2,1347.2,6458.7,10391.4,4462.0,832.0,1303.1,4029.7,535.3,808.7,2986.8,5502.5,10416.9,1230.9,1403.6,2314.2,2777.4,928.9,55.0,1486.1,1224.4,1313.8,1319.6,897.5,1941.2,8782.7,2426.1,2338.6,8358.6,1496.3,1336.5,946.4,969.3,1328.1,1160.0,1123.2,1926.1,2252.6,2839.1,145.8,2610.5,1157.6,1331.1,1216.6,1321.0,1278.2,2707.0,321.1,1077.4,1010.3,1481.3,1488.8,3010.8,1124.6,2788.4,2378.5,110.7,1109.9,814.0,1172.7,6015.5,8996.5,875.7,8996.5,4061.6,1151.4,9992.7,2157.1,4572.6,878.8,455.6,9015.7,1115.8,8284.3,8750.1,3449.0,11085.0,5396.0,9960.4,4085.7,7892.2,6410.9,1926.1,3207.7,3449.0,9960.4,5396.0,8731.6,6728.4,4418.3,3449.0,5827.9,4085.7,1299.0,3475.5,5827.9,8051.6,11069.4,11078.0,11033.8,916.0,5242.6,793.2,740.1,1001.2,2851.0,10772.3,681.9,8358.6,8358.6,7780.5,7759.7,6759.5,6759.5,2906.1,2982.4,7777.6,10285.0,3475.5,2879.8,276.5,2447.7,336.0,1091.2,8232.1,4349.9,3449.0,8996.5,7892.2,1505.8,61.8,643.6,1114.1,665.2,952.5,1319.5,2427.6,1302.0,1323.7,59.3,4202.7,483.5,1480.4,985.6,953.3,3426.2,746.9,887.0,1451.2,1280.1,1069.1,1424.6,1222.2,1265.2,1260.6,811.4,725.0,1313.4,7975.3,1040.9,0.0,1265.2,1324.7,1216.1,4771.8,672.4,553.5,1224.4,1339.0,9381.1,275.5,849.8,8715.8,1542.5,7563.9,3207.7,3242.8,3911.8,8056.8,5729.7,6410.9,7735.3,2761.8,10430.9,10709.0,28675.6,2655.1,524.5,8201.3,1592.1,928.9,3891.2,8719.4,1175.8,8315.5,1461.4,7901.0,4268.8,113.9,8284.3,9719.2,2782.7,4418.3,6787.3,8083.1,11472.4,9285.4,8152.2,11741.5,9609.5,10559.0,5164.4,7397.5,4996.3,5917.8,7053.6,12119.4,14497.5,9391.4,11132.8,8113.1,10925.0,8362.5,238.3,8679.0,1381.4,6522.7,7564.8,9438.3,5331.0,1039.5,5196.1,2982.4,4184.3,6399.9,4134.0,5067.4
144,337.4,1384.4,2775.7,1675.0,634.7,1359.9,680.7,607.5,4410.1,6181.2,2549.3,277.0,374.6,120.2,4394.5,6843.6,4258.6,1996.4,900.0,3761.5,3231.3,5705.8,7073.1,1009.8,7572.6,11505.2,4704.1,1476.7,1418.8,5143.5,1649.2,1010.0,1827.9,6616.4,10300.1,1287.8,902.4,1504.4,2757.0,1151.3,1250.5,402.0,57.3,993.3,812.3,562.1,2384.0,9896.5,1568.6,1528.8,8600.7,1994.3,1287.2,349.6,372.6,1204.7,638.8,724.3,3040.0,1374.5,3077.8,1259.7,2590.1,628.2,220.0,49.3,483.7,2392.0,1548.1,944.2,322.0,286.5,217.5,413.7,2143.8,595.0,2768.0,1511.4,1223.9,1410.9,580.6,600.2,6257.6,10110.3,1278.6,10110.3,4319.1,240.8,10234.7,978.0,5686.4,1896.4,942.5,10129.5,630.9,9398.2,9864.0,3691.0,10968.1,6772.2,11074.3,5300.0,9006.1,7524.7,3040.0,3489.6,3691.0,11074.3,6772.2,9845.5,7842.2,4660.3,3691.0,5901.3,5300.0,1340.1,3717.5,5901.3,8236.7,10952.5,10961.2,10917.0,676.5,6356.4,1924.9,553.1,1298.0,3119.1,11886.1,605.2,8600.7,8600.7,8022.5,8873.6,7873.3,7873.3,3174.2,3250.5,8019.7,11660.7,3717.5,2859.4,988.8,2718.2,1003.1,1075.2,8417.1,5705.6,3691.0,10110.3,9006.1,1379.4,1203.3,714.4,489.8,682.6,333.7,1181.3,1301.2,1481.5,561.7,1254.8,4387.8,1597.3,368.1,889.8,1277.0,3668.2,1809.0,426.2,1073.6,611.8,267.9,1069.8,112.1,0.0,1208.6,1010.0,610.0,302.9,9089.2,848.2,1265.2,0.0,1526.7,607.5,5013.8,812.0,881.8,57.3,1041.8,10495.0,989.8,521.6,8957.9,2018.8,8677.8,3489.6,3484.8,5210.3,8177.3,6843.6,7524.7,7977.3,3014.7,11544.7,10894.1,29789.4,2925.6,867.7,8443.3,1760.1,1151.3,3870.8,9833.2,577.2,8500.5,197.6,8086.0,5382.6,1151.2,9398.2,10833.0,3050.8,4660.3,7029.3,9197.0,11657.4,9406.0,9266.1,12855.4,9851.5,11672.9,5412.8,7639.5,4578.2,6159.8,7295.7,13233.2,15611.3,10505.2,12246.6,9562.0,12038.9,8604.5,1028.3,8921.0,926.7,6764.7,7806.8,9680.3,6444.9,1726.0,5444.4,3250.5,4483.3,7513.7,5247.9,6181.2
76,1691.9,2101.2,3758.9,1503.4,1228.6,1263.1,1256.8,1778.0,5197.4,5593.1,3532.5,1803.7,1196.5,1535.8,3761.0,6255.5,3125.4,1099.3,1132.7,4744.7,1951.4,6689.0,6147.3,2186.7,6984.5,10917.1,5491.4,550.3,2164.1,4510.0,1477.6,1657.5,1946.5,6028.3,11283.3,2079.7,2099.2,1227.8,3740.3,1777.7,1310.1,1469.5,1479.0,2162.6,2004.7,1452.5,2911.9,9308.5,1339.7,1252.1,9388.0,2532.0,297.3,1225.8,1248.7,2177.0,1664.3,1894.8,2406.5,1166.2,3868.4,1224.7,3573.3,1643.4,1574.9,1495.3,1654.2,2200.9,1666.7,1206.5,1356.8,1264.8,1744.2,1768.2,1841.3,1518.0,3751.3,1292.0,1260.5,1958.8,1410.4,1625.7,7044.9,9522.2,1724.5,9522.2,5090.9,1430.9,10314.6,1629.4,4601.2,1914.6,1041.8,9541.4,1554.0,8810.1,9275.9,4478.3,11951.4,5921.8,10486.2,4611.4,8372.5,6936.7,2406.5,2068.0,4478.3,10486.2,5921.8,9257.4,7208.7,5447.6,4478.3,4686.1,4611.4,220.3,4504.8,4686.1,9219.9,11935.8,11944.4,11900.2,889.9,5768.3,1829.0,1240.7,457.9,1697.5,11298.0,1223.7,9388.0,9388.0,8809.8,8240.1,7285.2,7285.2,1752.7,1828.9,8807.0,10810.8,4504.8,3842.6,1219.6,3477.0,1234.0,548.7,9400.4,4875.7,4478.3,9522.2,8372.5,2368.4,1262.9,1290.5,1412.9,1273.7,1231.9,2168.3,1452.1,2163.0,1732.3,1311.2,5371.0,1425.7,1497.9,1834.4,497.6,4455.6,1097.3,1163.9,2250.6,1782.3,1348.5,2246.7,1476.8,1526.7,2109.5,1660.2,1116.5,1592.9,8501.1,898.2,1324.7,1526.7,0.0,1778.0,5185.4,1424.1,1351.1,1479.0,734.9,9906.9,1220.6,1338.2,9745.2,2578.3,8044.3,2068.0,4272.1,4437.6,9086.1,6255.5,6936.7,8764.6,1593.2,10956.7,11877.3,29201.3,3684.4,1162.7,9230.6,2621.5,1777.7,4854.1,9245.1,1208.3,9483.8,1724.3,9069.3,4749.1,1212.2,8810.1,10245.0,1629.3,5447.6,7816.6,8608.9,12640.7,10314.8,8678.0,12267.3,9931.4,11084.8,6193.8,8426.8,3756.0,6947.1,8083.0,12645.2,15023.3,9917.1,11658.5,8638.9,11450.8,9391.9,1259.2,9708.3,2110.4,7552.0,8594.1,10467.6,5856.8,2075.3,6225.4,1828.9,3061.8,6925.7,4659.8,5593.1
135,370.1,781.8,2179.9,1625.9,737.0,1310.8,751.1,0.0,3814.3,6066.2,1953.5,781.9,617.3,712.2,4200.0,6667.8,4441.7,2179.5,946.3,3165.7,3482.6,5110.0,7002.9,418.2,7457.6,11390.2,4108.3,1659.8,821.7,4949.1,1600.1,407.4,2405.5,6409.9,9704.3,685.2,342.8,2074.8,2161.2,548.7,1197.2,1009.5,664.8,396.2,243.4,582.5,1788.2,9781.5,2151.8,2099.2,8004.9,1397.2,1538.5,552.2,555.1,607.6,287.8,121.7,2882.1,1967.2,2482.1,1210.5,1994.3,329.2,827.5,655.4,139.7,1946.3,2125.8,899.8,502.7,691.4,798.0,322.9,2727.0,360.0,2172.2,2094.6,1174.8,808.3,597.3,318.3,5661.8,9995.4,676.0,9995.4,3723.3,538.8,9638.9,1555.7,5616.3,1284.1,1073.3,9953.7,373.7,9283.2,9749.0,3095.2,10372.3,6176.5,10959.3,4704.3,8861.8,7472.3,2882.1,3740.8,3095.2,10959.3,6176.5,9730.5,7698.0,4064.5,3095.2,6244.3,4704.3,1591.3,3121.7,6244.3,7640.9,10356.8,10365.4,10321.2,927.8,6178.8,1347.3,714.2,1540.9,3370.3,11771.1,737.2,8004.9,8004.9,7426.8,8729.3,7758.3,7758.3,3425.5,3501.7,7423.9,11064.9,3121.7,2263.6,942.4,2122.4,882.8,1326.5,7821.4,5109.8,3095.2,9995.4,8861.8,787.9,1154.2,723.5,392.7,702.6,620.0,584.2,1878.9,878.9,112.4,1201.5,3792.0,1548.2,975.6,287.2,1519.9,3072.5,1795.2,659.6,486.8,68.9,585.8,482.9,719.5,607.5,611.5,407.4,843.4,338.2,8974.2,1099.4,1216.1,607.5,1778.0,0.0,4418.0,591.3,716.5,664.8,1349.8,10319.2,943.4,666.6,8362.1,1423.0,8533.5,3740.8,2889.1,4614.5,7581.6,6667.8,7472.3,7381.5,3266.0,11429.8,10298.3,29674.4,2329.8,945.3,7847.5,1163.0,548.7,3275.0,9657.4,950.8,7904.7,702.5,7490.2,5224.8,1102.1,9283.2,10718.1,3302.1,4064.5,6433.5,9021.1,11061.6,8810.2,9090.2,12740.4,9255.7,11557.9,4817.0,7043.7,5121.2,5564.0,6699.9,13118.2,15496.4,10329.4,12131.6,8966.2,11923.9,8008.8,982.0,8325.2,346.6,6168.9,7211.0,9084.5,6238.4,1123.4,4848.6,3501.7,4734.6,7453.6,5132.9,6066.2
90,4734.6,3748.8,3298.1,4099.8,4906.8,4537.0,4853.5,4418.0,805.6,2162.2,3071.7,5122.1,5030.1,5118.6,3981.8,2756.3,5331.4,4150.2,4682.5,3299.0,6037.0,4288.4,6940.4,4031.8,3553.6,7486.2,345.3,4799.6,3798.0,4349.8,4135.8,4482.5,6811.5,3027.7,8079.4,3852.2,4175.0,6487.6,3279.4,4224.6,4716.9,5415.8,5071.1,4031.3,4251.3,4995.3,4084.2,5877.6,6558.2,6512.0,5143.0,3692.0,5291.9,4965.0,4967.9,3822.4,4701.0,4398.5,3176.4,6373.6,2482.4,4656.1,3112.5,4742.3,5233.8,5061.8,4552.9,3968.5,6531.8,4636.0,4915.5,5104.2,5204.4,4657.8,7133.3,4772.8,3290.4,6500.9,4661.7,3945.0,4902.0,4731.1,2246.4,6091.4,4156.3,6091.4,2394.6,4951.6,5874.3,5961.6,5780.1,3920.7,4809.6,6042.2,4786.5,5379.2,5845.0,1351.3,8747.4,1744.6,7055.3,792.8,8359.8,3568.3,3176.4,5634.0,1351.3,7055.3,1744.6,5826.5,7195.9,376.1,1351.3,8377.9,792.8,5214.9,1487.2,8377.9,6597.1,8731.9,8740.5,8696.3,5073.0,2267.3,4003.7,5006.5,5092.9,5754.4,7867.1,4948.3,5143.0,5143.0,5330.2,8227.3,3854.3,3854.3,5713.6,5734.6,5327.3,6921.6,1487.2,3170.5,4678.6,2382.1,4619.0,5389.4,6786.8,1198.3,1351.3,6091.4,8359.8,3649.5,4710.6,4828.0,4805.5,4872.8,5032.8,3838.1,6284.8,3653.8,4525.6,4712.5,3611.9,4190.4,5382.0,4551.2,5023.7,1438.0,4272.1,5072.4,4016.0,4482.1,4998.6,4002.1,5125.9,5013.8,3901.9,4481.5,4991.5,4751.0,5070.2,5197.9,4771.8,5013.8,5185.4,4418.0,0.0,4683.8,4809.0,5071.1,5496.0,6407.7,4679.6,5016.7,5538.0,3719.1,8031.5,5634.0,1656.4,747.8,5623.8,2756.3,3568.3,5284.9,5632.5,7525.8,9254.4,25770.5,2186.1,4681.6,5559.1,3440.2,4224.6,3783.5,5745.9,5363.6,6870.2,5009.8,6372.1,4881.7,4734.4,5379.2,6814.1,5653.4,376.1,3571.6,5109.7,9685.8,6407.9,5178.8,8836.4,5491.0,7653.9,3219.8,4181.8,7954.2,2702.1,4391.9,9214.3,11592.4,6418.0,8227.6,4822.9,8019.9,5283.1,4718.2,5428.2,4151.7,3307.0,4349.1,6358.9,2737.6,3895.4,3211.5,5734.6,5889.7,3549.6,1266.2,2162.2
102,945.2,860.8,2445.6,1082.2,223.0,767.2,169.7,591.3,4080.1,5588.5,2219.2,1087.6,517.5,849.4,3801.7,6250.8,3846.8,1584.6,351.4,3431.4,3149.4,5375.7,6480.3,875.6,6979.8,10912.5,4374.0,1064.9,923.7,4550.8,1056.4,335.8,2575.1,6023.6,9970.0,795.8,823.6,1984.3,2427.0,468.4,657.8,1068.8,778.5,841.2,700.0,343.9,1972.6,9303.8,2096.2,2008.7,8270.6,1527.7,1205.4,483.9,502.0,861.3,606.4,503.6,2447.2,1922.8,2747.8,666.9,2260.0,604.0,912.4,763.4,726.1,1672.0,2295.3,351.5,610.2,591.6,1028.1,900.6,2681.0,571.0,2438.0,2048.6,631.2,718.4,260.4,619.0,5927.5,9517.6,484.1,9517.6,3989.0,684.2,9904.7,1725.2,5093.7,1084.4,481.8,9536.8,562.2,8805.4,9271.2,3360.9,10638.0,5917.1,10481.5,4970.0,8413.3,6932.0,2447.2,3358.9,3360.9,10481.5,5917.1,9252.7,7249.5,4330.3,3360.9,5911.1,4970.0,1258.2,3387.4,5911.1,7906.6,10622.5,10631.1,10586.9,555.0,5763.7,1112.9,322.8,1038.6,3002.2,11293.4,264.6,8270.6,8270.6,7692.5,8280.8,7280.6,7280.6,3057.4,3133.7,7689.6,10806.1,3387.4,2529.3,396.0,2388.2,379.5,990.4,8087.1,4871.0,3360.9,9517.6,8413.3,1055.1,610.6,144.2,560.5,189.1,530.1,852.7,2048.4,922.6,698.8,662.1,4057.7,1004.6,1061.7,423.6,1017.7,3338.2,1251.5,468.3,941.6,655.3,601.8,937.8,803.5,812.0,793.9,338.4,307.8,846.2,8496.4,775.4,672.4,812.0,1424.1,591.3,4683.8,0.0,125.3,778.5,1046.0,9902.2,397.0,332.9,8627.8,1574.0,8085.1,3358.9,3154.8,4880.2,7847.3,6250.8,6932.0,7647.2,2905.0,10952.0,10564.0,29196.7,2595.6,350.4,8113.2,1356.4,468.4,3540.8,9240.5,758.5,8170.4,1008.2,7756.0,4789.9,558.5,8805.4,10240.3,2934.0,4330.3,6699.2,8604.2,11327.4,9076.0,8673.3,12262.6,9521.4,11080.1,5082.7,7309.4,4844.9,5829.8,6965.6,12640.5,15018.6,9912.5,11653.9,8634.2,11446.1,8274.5,435.6,8590.9,801.4,6434.7,7476.8,9350.3,5852.1,1017.0,5114.4,3133.7,4352.7,6921.0,4655.1,5588.5
120,1015.1,963.5,2570.9,963.4,290.5,648.3,237.2,716.5,4205.3,5469.6,2344.5,1157.5,587.4,919.3,3682.8,6131.9,3727.9,1465.7,232.5,3556.7,3098.4,5501.0,6361.4,1000.9,6860.9,10793.6,4499.3,946.0,1026.5,4431.9,937.6,461.0,2645.0,5904.8,10095.3,921.1,948.9,2021.1,2552.2,593.7,538.9,1136.3,848.4,966.5,825.3,413.8,2069.5,9184.9,2133.1,2045.5,8395.9,1624.6,1154.4,553.7,571.9,986.6,676.3,628.9,2328.3,1959.6,2873.1,548.0,2385.3,673.9,982.3,833.2,837.3,1680.4,2365.2,232.6,680.0,661.5,1098.0,1025.9,2717.8,640.9,2563.2,2085.4,512.3,821.1,330.3,688.9,6052.8,9398.7,586.8,9398.7,4114.3,754.1,10029.9,1795.1,4974.8,1178.9,362.9,9417.9,632.1,8686.5,9152.3,3486.2,10763.3,5798.2,10362.7,4487.9,8294.4,6813.1,2328.3,3285.9,3486.2,10362.7,5798.2,9133.9,7130.6,4455.5,3486.2,5860.2,4487.9,1207.2,3512.7,5860.2,8031.9,10747.8,10756.4,10712.2,611.5,5644.8,1207.4,390.2,965.6,2929.2,11174.5,332.0,8395.9,8395.9,7817.7,8161.9,7161.7,7161.7,2984.4,3060.7,7814.9,10687.2,3512.7,2654.6,277.1,2513.4,260.6,939.4,8212.4,4752.2,3486.2,9398.7,8294.4,1180.4,491.7,211.7,630.4,258.9,600.0,978.0,2118.3,1025.3,824.1,543.2,4183.0,885.7,1131.6,548.8,944.7,3463.5,1132.7,538.2,1066.9,780.6,671.7,1063.0,873.4,881.8,919.1,463.7,375.3,916.0,8377.5,747.8,553.5,881.8,1351.1,716.5,4809.0,125.3,0.0,848.4,1045.9,9783.4,278.1,402.8,8753.1,1670.8,7966.2,3285.9,3280.1,4314.0,7972.6,6131.9,6813.1,7772.5,2832.0,10833.1,10689.3,29077.8,2720.8,231.5,8238.5,1481.7,593.7,3666.0,9121.6,826.0,8295.7,1078.1,7881.2,4671.0,439.6,8686.5,10121.4,2861.0,4455.5,6824.5,8485.3,11452.6,9201.2,8554.4,12143.7,9646.7,10961.2,5208.0,7434.7,4833.1,5955.0,7090.9,12521.6,14899.7,9793.6,11535.0,8515.4,11327.3,8399.8,316.7,8716.2,926.7,6559.9,7602.0,9475.5,5733.3,1111.5,5239.6,3060.7,4279.7,6802.1,4536.2,5469.6
134,394.7,1441.7,2833.0,1634.2,594.0,1319.1,639.9,664.8,4467.4,6140.4,2606.6,334.3,326.8,81.9,4353.7,6802.8,4368.3,1955.6,859.2,3818.8,3183.5,5763.1,7032.3,1067.1,7531.8,11464.4,4761.4,1435.9,1476.1,5102.8,1608.4,1067.3,1807.6,6575.6,10357.4,1345.1,959.8,1456.6,2814.4,1208.7,1209.8,354.2,0.0,1050.6,869.7,528.7,2441.3,9855.8,1520.8,1481.0,8658.0,2051.6,1239.5,316.2,339.1,1262.0,696.7,781.6,2999.2,1326.7,3135.2,1218.9,2647.4,686.1,172.2,23.6,541.0,2351.3,1527.9,903.5,288.5,238.7,274.8,471.0,2096.0,561.5,2825.3,1463.6,1183.1,1468.2,547.2,658.1,6314.9,10069.5,1262.6,10069.5,4376.4,207.4,10292.0,957.7,5645.7,1863.0,901.8,10088.7,597.5,9357.4,9823.2,3748.3,11025.4,6829.6,11033.5,5357.4,8965.3,7484.0,2999.2,3441.8,3748.3,11033.5,6829.6,9804.7,7801.5,4717.6,3748.3,5853.5,5357.4,1292.3,3774.8,5853.5,8294.0,11009.9,11018.5,10974.3,628.7,6315.6,1891.5,512.3,1250.2,3071.3,11845.3,564.5,8658.0,8658.0,8079.9,8832.8,7832.5,7832.5,3126.4,3202.7,8077.0,11358.1,3774.8,2916.7,948.0,2775.6,962.3,1027.4,8474.5,5762.9,3748.3,10069.5,8965.3,1436.7,1162.6,673.6,456.4,641.9,285.9,1238.6,1280.9,1538.8,619.0,1214.1,4445.1,1556.5,320.4,947.1,1229.3,3725.6,1768.2,385.4,1130.9,669.1,234.4,1127.1,64.3,57.3,1266.0,1067.3,569.2,360.3,9048.4,800.4,1224.4,57.3,1479.0,664.8,5071.1,778.5,848.4,0.0,994.1,10454.2,949.0,488.2,9015.2,2076.1,8637.0,3441.8,3542.2,5267.6,8234.7,6802.8,7484.0,8034.6,2967.0,11504.0,10951.4,29748.6,2982.9,826.9,8500.6,1817.4,1208.7,3928.1,9792.4,529.4,8557.8,254.9,8143.3,5341.8,1110.5,9357.4,10792.3,3003.0,4717.6,7086.6,9156.2,11714.8,9463.4,9225.3,12814.6,9908.8,11632.1,5470.1,7696.8,4530.4,6217.1,7353.0,13192.5,15570.6,10464.5,12205.8,9619.3,11998.1,8661.9,987.6,8978.3,984.0,6822.1,7864.1,9737.7,6404.1,1783.3,5501.8,3202.7,4435.6,7473.0,5207.1,6140.4
121,1263.7,1796.1,3453.8,1623.0,836.6,1311.7,878.8,1349.8,4892.3,6140.1,3227.4,1318.8,738.1,1050.9,4307.9,6802.5,3774.0,1625.0,876.2,4439.6,2422.0,6383.9,6795.9,1758.6,7531.5,11464.1,5186.2,962.7,1859.0,5057.0,1597.2,1352.4,1746.3,6575.3,10978.2,1774.6,1671.0,1081.2,3435.2,1472.6,1324.4,734.6,994.1,1742.1,1576.5,1024.3,2902.0,9855.5,1193.1,1105.5,9082.9,2457.2,514.3,797.6,820.5,1871.8,1236.1,1466.6,2953.4,1019.6,3563.3,1273.3,3268.2,1215.2,866.8,1010.5,1226.0,2340.1,1466.6,1018.1,928.7,779.9,1048.4,1340.0,1777.8,1089.9,3446.2,1145.4,1297.7,1653.6,1011.1,1197.5,6739.8,10069.2,1419.4,10069.2,4785.8,1002.7,10716.9,1114.4,5249.8,1955.8,903.7,10088.4,1125.8,9357.1,9822.9,4173.2,11646.2,6468.8,11033.2,5158.4,8919.5,7483.7,2953.4,2716.6,4173.2,11033.2,6468.8,9804.4,7755.7,5142.5,4173.2,5116.9,5158.4,567.1,4199.7,5116.9,8914.8,11630.7,11639.3,11595.1,489.0,6315.3,1870.2,841.3,747.6,2346.1,11845.0,831.6,9082.9,9082.9,8504.7,8787.1,7832.2,7832.2,2401.3,2477.5,8501.9,11357.8,4199.7,3537.5,1062.6,3171.9,1076.9,425.5,9095.3,5422.7,4173.2,10069.2,8919.5,2063.3,1277.2,912.5,984.7,894.6,803.7,1863.2,1187.1,1857.9,1304.1,1328.7,5065.9,1545.3,763.0,1469.6,726.6,4150.4,1474.8,756.3,1822.4,1354.1,920.3,1818.5,960.3,1041.8,1804.3,1355.1,738.5,1164.7,9048.1,372.1,1339.0,1041.8,734.9,1349.8,5496.0,1046.0,1045.9,994.1,0.0,10453.9,1063.6,930.5,9440.0,2503.4,8591.3,2716.6,3967.0,4984.6,8781.0,6802.5,7483.7,8459.5,2241.8,11503.6,11572.2,29748.3,3379.3,843.9,8925.5,2316.3,1472.6,4548.9,9792.1,522.2,9178.6,1239.4,8764.1,5296.1,1225.1,9357.1,10792.0,2277.9,5142.5,7511.5,9155.9,12335.5,10009.6,9225.0,12814.3,10333.7,11631.8,5888.6,8121.7,3983.8,6642.0,7777.9,13192.1,15570.3,10464.1,12205.5,9185.9,11997.8,9086.7,1102.2,9403.2,1682.2,7246.9,8289.0,10162.5,6403.8,1944.0,5920.3,2477.5,3710.4,7472.6,5206.8,6140.1
95,10635.8,9649.9,9199.2,8821.3,9870.1,9146.4,9844.5,10319.2,6625.6,4313.8,8972.8,11023.2,10166.0,10511.1,8703.4,3651.4,10053.0,8871.7,9729.5,9365.5,10758.5,9680.8,8657.3,9933.0,3226.4,1631.8,6621.9,9521.1,9699.1,9071.3,8857.3,9881.1,11776.0,4677.4,11007.2,9753.3,10076.1,11057.3,9180.5,10125.7,9326.2,10715.9,10454.2,9932.4,10152.5,10127.4,8582.6,1306.7,11169.2,11081.6,7878.9,8998.2,10013.4,10176.2,10199.1,9723.5,10602.1,10299.6,7897.9,10995.7,8548.8,9265.4,9013.6,10643.5,10561.0,10446.4,10454.0,8885.1,11496.3,9550.9,10307.2,10240.1,10711.1,10558.9,11670.8,10674.0,9191.5,11121.5,9271.1,9846.1,10043.9,10632.3,6347.9,1000.1,9657.7,1000.1,8461.1,10381.3,3810.7,11386.9,10501.6,9382.6,9685.4,558.7,10687.6,1680.7,1260.8,7538.1,11675.2,4892.2,1139.7,5658.1,7335.6,3437.8,7897.9,10355.5,7538.1,1139.7,4892.2,1278.4,6579.7,6577.0,7538.1,13099.4,5658.1,9936.4,7674.1,13099.4,9941.3,11659.7,11668.3,11624.1,10145.8,4220.1,9297.0,9969.9,9814.4,10475.9,2158.5,9911.7,7878.9,7878.9,8497.3,6925.8,2766.1,2766.1,10435.1,10456.1,8567.6,1287.6,7674.1,9170.9,9506.3,8326.7,9565.8,10164.8,10136.1,5273.4,7538.1,1000.1,7335.6,9550.6,9320.0,9873.4,10706.6,9895.0,10182.3,9739.2,11276.4,9554.9,10426.7,9321.9,9419.4,8912.0,10710.2,10058.0,9745.2,7624.9,8993.6,10116.8,9917.1,10383.2,10298.9,9903.2,10452.0,10495.0,9803.0,9883.8,9954.8,10652.1,1818.6,10270.7,9381.1,10495.0,9906.9,10319.2,6407.7,9902.2,9783.4,10454.2,10453.9,0.0,9505.3,10079.6,8273.9,8896.3,6990.0,10355.5,7436.8,5816.8,8772.1,3651.4,3437.8,8534.9,10354.0,2023.4,12598.6,20051.8,8107.6,9754.4,8464.7,9341.3,10125.7,9849.9,978.5,10405.6,10219.5,10911.0,9716.3,7808.3,9343.8,1680.7,1278.4,10374.9,6577.0,7313.5,1408.3,12613.6,9214.6,1295.8,2867.0,4507.2,1935.3,7769.6,7760.8,12675.8,6695.9,8088.5,3495.7,5873.8,159.8,2509.0,1939.1,1901.8,8188.7,9468.1,8164.1,10052.8,6652.7,7051.0,9165.6,4372.3,9543.3,7735.0,10456.1,10611.2,3378.7,5247.1,4313.8
133,1137.0,979.7,2637.4,685.3,364.9,370.3,339.2,943.4,4075.9,5191.5,2411.0,1265.4,660.8,1005.8,3404.8,5853.9,3514.3,1252.1,224.2,3623.2,3015.1,5567.5,6083.4,1074.5,6582.9,10515.5,4369.9,787.4,1042.7,4153.9,659.5,536.0,2711.3,5626.7,10161.8,958.2,1130.9,2038.8,2618.8,656.2,260.9,1210.7,949.0,1041.2,1047.0,622.1,2065.3,8906.9,2150.7,2063.1,8266.5,1620.5,1071.0,671.0,693.9,1055.5,884.5,850.5,2050.3,1977.2,2746.9,270.0,2451.8,882.2,1055.7,941.1,1045.6,1402.4,2431.6,45.6,802.0,734.8,1205.9,1213.3,2735.4,849.1,2629.8,2103.0,234.2,837.3,538.6,897.2,5923.4,9120.7,603.0,9120.7,3969.4,876.0,9900.5,1881.7,4696.8,1003.0,180.2,9139.9,840.4,8408.5,8874.3,3356.8,10829.9,5520.2,10084.6,4209.9,8016.4,6535.1,2050.3,3155.5,3356.8,10084.6,5520.2,8855.8,6852.6,4326.1,3356.8,5775.7,4209.9,1123.9,3383.3,5775.7,8098.4,10814.3,10822.9,10778.7,640.6,5366.7,917.4,464.6,835.2,2798.8,10896.5,406.4,8266.5,8266.5,7688.3,7883.9,6883.6,6883.6,2853.9,2930.2,7685.5,10409.2,3383.3,2721.2,1.0,2355.5,60.6,825.7,8278.9,4474.1,3356.8,9120.7,8016.4,1246.9,213.7,368.1,838.7,389.8,677.0,1046.8,2152.1,1041.5,1051.0,265.2,4249.5,607.6,1205.0,712.9,814.2,3334.1,854.6,611.6,1178.6,1007.4,793.7,1151.9,946.8,989.8,988.0,538.7,449.6,1038.0,8099.5,765.5,275.5,989.8,1220.6,943.4,4679.6,397.0,278.1,949.0,1063.6,9505.3,0.0,574.4,8623.7,1666.7,7688.1,3155.5,3150.7,4036.0,7964.6,5853.9,6535.1,7643.1,2701.5,10555.1,10755.8,28799.8,2562.9,249.1,8109.1,1500.0,656.2,3732.6,8843.5,900.4,8362.3,1186.0,7947.8,4392.9,161.6,8408.5,9843.4,2730.5,4326.1,6695.1,8207.3,11519.2,9193.3,8276.4,11865.7,9517.3,10683.2,5072.2,7305.3,4792.3,5825.6,6961.5,12244.9,14623.0,9516.9,11258.3,8238.7,11050.6,8270.4,38.6,8586.8,1108.8,6430.5,7472.6,9346.1,5456.6,1127.6,5103.9,2930.2,4139.7,6525.4,4259.6,5192.9
136,654.8,1193.7,2778.5,1259.6,219.3,944.5,265.3,666.6,4412.9,5765.8,2552.1,797.3,223.5,559.0,3979.1,6428.2,3944.0,1681.8,494.2,3764.3,3042.7,5708.6,6657.7,1024.6,7157.2,11089.8,4706.9,1162.1,1256.6,4728.1,1233.8,668.7,2284.7,6201.0,10302.9,1128.7,987.8,1782.8,2759.9,801.3,835.1,814.0,488.2,990.2,849.0,241.1,2305.5,9481.1,1894.7,1807.1,8603.5,1860.6,1098.7,193.5,211.7,1194.2,475.9,652.6,2624.6,1721.2,3080.7,844.3,2592.9,450.6,618.4,473.0,542.8,1976.7,2005.0,528.9,319.8,297.5,737.8,731.2,2479.4,364.2,2770.9,1847.0,808.5,1051.2,162.9,437.2,6260.4,9694.9,817.0,9694.9,4321.9,393.8,10237.6,1434.9,5271.1,1417.3,627.9,9714.1,355.4,8982.8,9448.6,3693.8,10971.0,6094.5,10658.9,4784.1,8590.7,7109.4,2624.6,3301.0,3693.8,10658.9,6094.5,9430.1,7426.9,4663.2,3693.8,5804.4,4784.1,1151.5,3720.3,5804.4,8239.5,10955.4,10964.0,10919.8,485.0,5941.0,1445.8,137.7,992.9,2930.5,11470.7,189.8,8603.5,8603.5,8025.4,8458.2,7457.9,7457.9,2985.6,3061.9,8022.5,10983.5,3720.3,2862.2,573.4,2721.1,587.7,883.6,8420.0,5048.4,3693.8,9694.9,8590.7,1388.0,788.0,251.3,314.4,230.4,239.7,1185.6,1758.1,1255.5,620.8,839.5,4390.6,1181.9,767.7,756.5,971.9,3671.1,1428.9,174.2,1090.6,670.9,311.5,1086.8,509.5,521.6,1126.8,671.3,295.4,555.8,8673.8,659.8,849.8,521.6,1338.2,666.6,5016.7,332.9,402.8,488.2,930.5,10079.6,574.4,0.0,8960.7,1906.9,8262.4,3301.0,3487.7,4610.3,8180.2,6428.2,7109.4,7980.1,2826.2,11129.4,10896.9,29374.0,2928.5,475.8,8446.1,1689.3,801.3,3873.7,9417.8,556.9,8503.4,717.9,8088.9,4967.2,735.8,8982.8,10417.6,2862.2,4663.2,7032.1,8781.6,11660.3,9408.9,8850.7,12440.0,9854.3,11257.5,5415.6,7642.3,4727.3,6162.6,7298.5,12817.8,15196.0,10089.8,11831.2,8811.6,11623.5,8607.4,613.0,8923.8,950.4,6767.6,7809.7,9683.2,6029.5,1349.9,5447.3,3061.9,4294.8,7098.3,4832.5,5765.8
219,8678.7,7692.9,7172.7,8621.3,8850.8,8481.1,8797.5,8362.1,5901.1,6511.4,7007.6,9066.2,8974.2,9062.6,9076.4,6679.5,10426.0,9194.2,8626.6,5455.7,11492.5,4287.2,12034.9,7975.9,6994.8,9563.4,5314.9,9258.9,7742.0,9444.3,8580.0,8426.6,10755.5,7520.7,3047.8,7796.2,8119.0,10431.7,7225.4,8168.6,8660.9,9359.8,9015.2,7975.3,8195.4,8939.3,8028.3,8801.9,10502.2,10456.0,1734.8,7636.1,9548.5,8909.0,8912.0,7766.5,8645.0,8342.5,8270.9,10317.6,6011.9,8600.1,7003.5,8686.4,9177.9,9005.8,8497.0,8329.2,10475.8,8580.0,8859.5,9048.2,9148.5,8601.9,11077.4,8716.9,7181.1,10445.0,8605.8,7889.0,8846.0,8675.2,3516.9,9016.2,8100.3,9016.2,4715.7,8895.6,4781.9,9905.7,10874.6,7864.7,8753.6,7748.9,8730.6,8262.5,8785.0,5376.3,3715.8,5247.3,9245.9,5860.5,11348.9,7027.7,8270.9,10728.5,5376.3,9245.9,5247.3,8773.6,10593.1,5468.5,5376.3,13472.4,5860.5,9601.3,5512.2,13472.4,2807.9,3700.2,3708.9,3664.7,9017.0,6602.9,7947.7,8950.5,9359.7,10848.9,10365.2,8892.4,1734.8,1734.8,1490.7,10939.1,6900.3,6900.3,10808.1,10829.1,1560.9,8177.0,5512.2,6671.3,8622.7,6287.0,8563.1,9333.5,3038.7,5610.3,5376.3,9016.2,11348.9,7593.5,8654.6,8772.0,8749.5,8816.9,8976.9,7782.1,10228.9,7597.8,8469.7,8656.6,4900.0,8557.4,9326.0,8495.3,9338.8,5463.0,8951.7,9016.5,7960.1,8426.1,8942.6,7946.1,9069.9,8957.9,7845.9,8425.6,8935.6,8695.0,7953.5,9141.9,8715.8,8957.9,9745.2,8362.1,5538.0,8627.8,8753.1,9015.2,9440.0,8273.9,8623.7,8960.7,0.0,7663.1,11003.3,10728.5,5912.8,5935.6,1624.7,6679.5,7027.7,1602.0,10727.0,10100.0,4815.1,21934.8,6107.8,8625.6,1148.6,7384.2,8168.6,5790.1,7390.1,9307.6,3122.0,8953.9,2634.7,9976.2,8678.5,8262.5,9371.2,10747.9,5468.5,2012.9,6922.4,4654.1,1216.5,6993.5,10230.0,4114.1,10018.8,3606.6,1844.5,13227.2,2947.1,1675.4,11344.9,13484.1,8428.0,10592.5,6392.8,9127.7,486.6,8662.3,194.9,8095.7,2801.1,1413.2,995.1,7086.8,7839.5,3576.8,10829.1,10984.2,6990.8,5849.5,6511.4
24,1739.6,748.5,1691.2,1416.9,1797.0,1307.8,1743.7,1423.0,3115.4,4582.5,1464.8,2127.1,2035.1,2123.6,3522.8,5244.9,4612.3,1989.8,1689.9,2676.9,4419.8,4621.2,6488.2,1036.8,5973.9,9906.5,3409.3,2085.6,797.6,3893.8,1375.6,1435.6,3816.5,5017.7,9364.2,851.9,1180.0,3492.6,1672.5,1177.7,1487.6,2420.8,2076.1,1036.3,1256.3,1917.9,365.0,8297.8,3563.2,3517.0,7305.9,68.2,2582.6,1970.0,1972.9,827.4,1706.0,1405.7,2405.1,3378.6,1786.4,1426.8,1505.6,1747.3,2238.8,2066.8,1557.9,1124.8,3536.8,1643.4,1920.5,2109.2,2209.4,1662.8,4138.3,1777.8,1683.5,3505.9,1432.5,944.7,1834.4,1736.1,4962.8,8511.6,1169.5,8511.6,3008.8,1956.6,8940.0,2966.6,5324.6,663.1,1846.8,8530.8,1791.5,7799.5,8265.2,2396.3,10032.2,4911.2,9475.6,4005.3,7903.8,5926.1,2405.1,4461.2,2396.3,9475.6,4911.2,8246.8,6740.0,3365.6,2396.3,7081.4,4005.3,2552.5,2422.7,7081.4,7152.2,10016.7,10025.3,9981.1,2080.4,4757.7,746.2,1896.7,2247.3,4104.5,10287.4,1838.5,7305.9,7305.9,6727.8,7771.4,6274.6,6274.6,4159.7,4235.9,6724.9,9800.2,2422.7,1774.9,1667.7,1395.0,1626.4,2337.3,7332.6,3865.1,2396.3,8511.6,7903.8,654.5,1481.3,1718.2,1810.5,1763.0,2037.8,843.1,3289.8,653.5,1530.6,1483.2,3303.2,1353.0,2387.0,1557.6,2206.8,2373.5,1747.3,2042.3,1021.0,1487.1,2003.6,1007.0,2130.9,2018.8,861.1,1434.6,1881.8,1756.0,7490.5,2205.3,1542.5,2018.8,2578.3,1423.0,3719.1,1574.0,1670.8,2076.1,2503.4,8896.3,1666.7,1906.9,7663.1,0.0,7575.6,4461.2,2190.1,3427.0,7004.0,5244.9,5926.1,6682.5,4015.3,9946.0,9809.5,28190.7,1602.3,1688.9,7148.5,400.6,1177.7,2786.3,8234.5,2332.5,7416.0,2014.8,7001.5,4425.8,1505.1,7799.5,9234.3,4036.3,3365.6,5734.5,7598.3,10572.9,8232.7,7667.4,11256.7,8556.7,10074.2,4111.7,6344.7,6249.9,4865.1,6000.9,11634.5,14012.6,8906.5,10647.9,7628.3,10440.2,7309.8,1629.5,7626.2,1156.7,5470.0,6512.1,8385.6,4846.2,637.9,4143.4,4235.9,5170.5,5915.0,3649.2,4582.5
217,8825.1,8004.3,9266.9,7004.1,8052.9,7329.2,8027.3,8533.5,8106.2,5399.9,9040.5,8953.5,8348.8,8693.9,4389.2,4824.0,6140.2,7009.1,7912.3,10252.7,8165.4,12197.0,3937.1,8374.3,4008.5,7692.8,8245.7,7658.5,8067.2,3749.0,7040.1,8126.2,9913.4,4962.4,13736.6,8049.6,8589.7,9194.7,9248.2,8110.7,7509.0,8898.7,8637.0,8340.9,8583.1,8310.2,7261.9,6084.1,9306.6,9219.0,10608.3,7677.5,8150.8,8359.0,8381.9,8281.2,8572.6,8440.7,5795.1,9133.1,9362.1,7448.2,9081.3,8570.2,8743.8,8629.2,8668.4,7338.0,9633.6,7733.7,8490.1,8422.9,8893.9,8842.9,9808.2,8537.2,9259.2,9258.9,7453.9,7907.6,8226.7,8585.3,9923.3,6298.0,7902.8,6298.0,9941.7,8564.1,9281.3,9569.7,5473.4,7627.7,7868.2,6624.5,8528.4,5612.2,6051.6,9043.2,14404.6,6751.7,7261.9,7457.5,345.9,4185.8,5795.1,7196.2,9043.2,7261.9,6751.7,6033.1,1070.3,8200.8,9043.2,8948.7,7457.5,8073.7,9147.4,8948.7,12670.7,14389.1,14397.7,14353.5,8328.6,5387.1,7542.1,8152.7,7951.8,7555.5,7144.4,8094.5,10608.3,10608.3,11226.7,385.6,4258.9,4258.9,7514.7,7535.6,11297.0,7893.9,9147.4,9350.6,7689.1,8970.7,7748.6,8302.1,12865.6,7721.8,9043.2,6298.0,345.9,8269.9,7502.8,8056.2,8526.8,8077.9,8365.1,8305.7,9413.8,8040.4,8641.1,7504.7,10879.0,7094.8,8893.1,8303.1,7882.6,9098.1,7131.0,8299.6,8478.4,8597.6,8481.7,8451.7,8634.9,8677.8,8285.8,8128.9,8137.7,8726.1,5303.2,8453.5,7563.9,8677.8,8044.3,8533.5,8031.5,8085.1,7966.2,8637.0,8591.3,6990.0,7688.1,8262.4,11003.3,7575.6,0.0,7196.2,8743.8,7283.7,11501.5,4824.0,4185.8,11264.3,7646.8,6890.7,15328.1,25444.9,9178.1,7937.2,11194.1,7976.4,8110.7,10362.0,6328.2,8588.4,12948.9,8874.1,12445.8,3295.2,7526.6,5612.2,7020.7,7630.2,8200.8,11192.2,5692.0,15343.0,11944.0,5761.0,9043.0,9290.3,7860.5,10911.7,11778.9,9569.7,10271.2,12012.5,9420.9,10989.1,7000.2,7438.5,5872.1,8226.5,10918.2,7650.9,10893.5,8504.7,10851.7,9780.4,11895.0,5028.3,7788.4,10903.4,7535.6,6251.6,4136.3,7505.9,5399.9
147,3654.7,4036.1,5693.8,3283.0,3163.5,3146.1,3191.7,3740.8,5708.7,6041.7,5467.4,3766.5,3159.4,3498.6,3059.8,6704.1,1238.3,2764.1,3067.6,6679.6,1113.3,8623.9,4238.5,4130.9,7433.1,11365.7,5848.2,2422.6,4099.0,3772.1,3319.0,3592.4,3360.0,6476.9,13335.6,4014.6,4062.1,2985.1,5675.1,3712.6,3193.0,3451.3,3441.8,4097.5,3967.5,3415.3,4664.7,9757.0,3053.8,2989.2,10333.5,4415.0,2260.1,3188.6,3211.6,4111.8,3627.2,3834.9,2784.5,3126.3,5757.8,3107.7,5508.2,3606.2,3537.7,3458.2,3617.1,3953.7,3362.0,3141.4,3319.7,3227.7,3707.0,3731.0,3185.1,3480.9,5686.1,3205.3,3143.4,3893.6,3345.3,3588.5,7525.8,9970.9,3659.4,9970.9,6980.3,3393.7,10763.2,3685.9,2722.9,3797.5,2976.6,9990.0,3516.8,9258.7,9724.5,6367.7,14003.6,6370.4,10934.8,5060.0,7524.5,7385.3,2784.5,0.0,6367.7,10934.8,6370.4,9706.0,6360.7,5803.2,6367.7,2866.1,5060.0,2183.1,6394.1,2866.1,11154.8,13988.1,13996.7,13952.5,2852.8,6216.9,3711.9,3175.5,2381.4,484.1,11746.6,3158.6,10333.5,10333.5,10699.2,7392.0,7733.8,7733.8,443.3,464.3,10696.3,11259.4,6394.1,5777.5,3154.5,5366.4,3168.8,2511.6,11335.3,5324.3,6367.7,9970.9,7524.5,4303.3,3145.8,3225.4,3375.7,3208.5,3194.7,4103.2,3441.5,4097.9,3695.1,3194.2,7305.9,3308.7,3479.6,3769.3,2425.2,6344.9,2944.7,3126.8,4213.4,3745.2,3311.4,4208.3,3439.6,3489.6,4044.3,3595.1,3051.4,3555.7,8949.7,2862.6,3207.7,3489.6,2068.0,3740.8,5634.0,3358.9,3285.9,3441.8,2716.6,10355.5,3155.5,3301.0,10728.5,4461.2,7196.2,0.0,6161.5,4886.2,10975.5,6704.1,7385.3,10654.0,589.4,11405.3,13812.2,29649.9,5573.8,3097.6,10758.6,4510.8,3712.6,6788.9,9693.7,3171.1,11418.6,3687.2,11004.1,3943.8,3095.1,9258.7,10693.6,558.8,5803.2,8794.7,9057.5,14575.5,11601.7,9126.6,12715.9,10380.0,11533.4,8083.1,9381.4,2820.4,7873.7,9615.0,13093.8,15471.9,10365.8,12107.1,9087.5,11899.4,10482.7,3165.5,10618.7,4073.2,8454.2,9539.7,11552.7,6305.4,3958.2,8114.8,464.3,1153.0,7374.3,5108.4,6041.7
230,3205.7,2219.8,1769.1,3148.3,3377.8,3008.1,3324.5,2889.1,931.9,3183.8,1542.7,3593.2,3501.2,3589.6,4694.1,3785.3,6343.7,3721.2,3153.6,2176.3,6019.5,3359.8,7652.6,2502.9,4575.2,8507.8,1381.8,3785.9,2269.0,5062.0,3107.0,2953.6,5282.5,3931.7,7613.9,2323.2,2646.0,4958.6,1750.4,2695.6,3187.9,3886.8,3542.2,2502.3,2722.4,3466.3,2555.3,6899.1,5029.2,4983.0,5540.7,2163.1,4075.5,3436.0,3438.9,2293.4,3172.0,2869.5,4286.9,4844.6,1259.8,3127.1,1583.5,3213.4,3704.9,3532.8,3023.9,2856.2,5002.8,3107.0,3386.5,3575.2,3675.4,3128.8,5604.4,3243.9,1761.4,4972.0,3132.8,2416.0,3373.0,3202.2,3197.6,7112.9,2627.3,7112.9,1463.0,3422.6,7088.6,4432.7,6492.4,2391.7,3280.6,7071.3,3257.6,6400.8,6866.6,595.3,8282.0,3294.1,8076.9,1821.8,9072.0,4589.9,4286.9,6161.5,595.3,8076.9,3294.1,6848.1,7908.2,1301.8,595.3,8781.7,1821.8,4128.3,699.6,8781.7,5860.2,8266.4,8275.0,8230.8,3544.0,3296.3,2474.7,3477.6,3886.7,5804.8,8888.7,3419.3,5540.7,5540.7,4977.5,8939.5,4875.9,4875.9,5860.0,5936.2,4974.6,8182.5,699.6,1779.1,3149.7,912.5,3090.1,3860.5,6050.0,2227.4,595.3,7112.9,9072.0,2120.5,3181.6,3299.0,3276.5,3343.9,3503.9,2309.1,4755.9,2124.8,2996.7,3183.6,2523.5,3084.4,3853.0,3022.3,3865.8,650.3,3478.7,3543.5,2487.1,2953.1,3469.6,2473.1,3596.9,3484.8,2372.9,2952.6,3462.6,3222.0,6091.8,3668.9,3242.8,3484.8,4272.1,2889.1,1656.4,3154.8,3280.1,3542.2,3967.0,7436.8,3150.7,3487.7,5912.8,2190.1,8743.8,6161.5,0.0,1732.1,5253.8,3785.3,4589.9,4932.3,5715.7,8547.4,8517.6,26792.0,693.4,3152.6,5398.3,1911.2,2695.6,2660.8,6775.0,3834.6,6133.3,3480.9,5635.3,5593.9,3205.4,6400.8,7835.6,5736.6,1301.8,3969.3,6138.7,9220.3,6482.4,6207.8,9858.0,6705.4,8675.5,2463.9,4579.5,7754.2,3099.8,4250.6,10235.9,12614.0,7447.0,9249.2,6083.8,9041.5,5559.5,3189.2,5875.9,2622.7,3704.7,4746.8,6635.3,3750.5,2366.5,2455.6,5936.2,6901.9,4571.2,2250.5,3183.8
221,4931.1,3945.3,3494.5,3351.9,4400.8,3677.1,4375.2,4614.5,920.9,1503.0,3268.1,5318.6,4696.7,5315.0,3234.0,2165.4,4583.6,3402.4,4260.1,3660.8,5289.2,4653.3,6192.6,4228.3,2894.4,6827.0,962.0,4051.8,3994.4,3601.9,3388.0,4679.0,6306.7,2297.9,8486.0,4048.7,4371.4,5588.0,3475.9,4421.1,3856.9,5612.3,5267.6,4227.8,4447.8,4658.0,3113.3,5218.4,5699.9,5612.3,5540.6,3888.5,4544.1,5161.5,5164.4,4018.9,4897.4,4595.0,2428.6,5526.4,2844.1,3796.1,3308.9,4938.8,5430.3,5258.2,4749.4,3220.7,6026.9,4081.6,5111.9,4770.8,5400.9,4854.3,6201.5,4969.3,3486.9,5652.2,3801.8,4141.5,4574.5,4927.6,2732.8,5432.1,4352.7,5432.1,2756.4,5148.1,6360.6,6158.1,5032.3,3855.4,4216.1,5451.3,4983.0,4720.0,5185.8,1842.1,9154.0,1679.0,6396.1,190.2,7611.9,2909.1,2428.6,4886.2,1842.1,6396.1,1679.0,5167.3,6448.1,917.1,1842.1,7630.1,190.2,4467.1,1962.1,7630.1,7027.2,9138.5,9147.1,9102.9,4676.5,1676.6,3769.8,4500.6,4345.1,5006.6,7207.9,4442.4,5540.6,5540.6,5736.8,7479.5,3195.1,3195.1,4965.8,4986.8,5733.9,6567.4,1962.1,3466.3,4037.0,2622.1,4096.5,4695.4,7216.9,612.3,1842.1,5432.1,7611.9,3845.9,3850.6,4404.1,5001.9,4425.7,4713.0,4034.5,5807.1,3850.2,4722.1,3852.6,3973.7,3442.6,5578.4,4747.7,4275.9,1912.8,3524.3,4647.5,4212.5,4678.5,5195.1,4198.5,5322.4,5210.3,4098.3,4678.0,4485.5,4947.4,4411.0,4801.4,3911.8,5210.3,4437.6,4614.5,747.8,4880.2,4314.0,5267.6,4984.6,5816.8,4036.0,4610.3,5935.6,3427.0,7283.7,4886.2,1732.1,0.0,6030.4,2165.4,2909.1,5691.6,4884.7,6866.6,9684.6,25111.2,2403.0,4285.0,5965.7,3636.7,4421.1,4145.2,5155.0,4936.3,7300.3,5206.3,6802.2,4133.9,3874.4,4720.0,6154.9,4905.6,917.1,4001.7,4518.8,10092.4,6808.8,4587.9,8177.2,5977.4,6994.7,3710.6,4588.4,7206.4,3080.8,4822.1,8555.0,10933.2,5827.1,7568.4,4468.7,7360.7,5689.8,3998.8,5825.8,4348.1,3661.2,4746.8,6759.8,2078.4,4091.9,3702.3,4986.8,5141.9,2890.4,569.7,1503.0
231,7898.1,7033.8,6421.0,7962.2,8070.3,7822.0,8017.0,7581.6,5637.6,6606.2,6171.1,8285.6,8193.6,8282.1,9171.2,7177.7,10520.8,8535.1,7967.5,4651.5,10833.5,3075.2,12129.7,7195.4,7493.0,10061.6,5400.8,8599.8,7135.0,9539.1,7920.9,7646.0,9975.0,7615.6,2492.5,7137.1,7338.5,9651.1,6388.9,7388.1,8001.8,8579.3,8234.7,7194.8,7414.9,8158.8,7369.2,9300.2,9721.7,9675.5,2370.0,6977.0,8889.4,8128.5,8131.4,6985.9,7864.5,7562.0,8365.8,9537.1,5175.4,7941.0,6167.0,7905.9,8397.4,8225.3,7716.4,7670.1,9695.3,7920.9,8079.0,8267.7,8367.9,7821.3,10296.8,7936.4,6344.6,9664.5,7946.7,7230.0,8065.5,7894.7,3611.7,9514.4,7483.7,9514.4,4056.6,8115.1,6055.1,9125.2,10969.5,7205.6,8094.5,8247.1,7950.0,8760.7,9283.3,4717.2,3160.5,5342.2,9744.1,5955.4,11847.2,7525.9,8365.8,10975.5,4717.2,9744.1,5342.2,9271.8,12385.3,5554.3,4717.2,13595.6,5955.4,8942.3,4853.1,13595.6,1305.5,3144.9,3153.6,3109.4,8402.3,6697.8,7288.6,8170.0,8700.6,10618.8,10863.5,8111.8,2370.0,2370.0,375.9,11437.3,7398.5,7398.5,10673.9,10750.2,425.1,8675.2,4853.1,5834.8,7963.6,5627.9,7904.0,8674.4,1540.4,5705.1,4717.2,9514.4,11847.2,6813.0,7995.6,7991.5,7969.0,8036.4,8196.4,7001.6,9448.4,6938.7,7689.1,7997.5,4095.8,7898.3,8545.5,7714.8,8679.7,4803.9,8292.6,8236.0,7179.5,7645.6,8162.1,7165.6,8289.4,8177.3,7065.4,7645.1,8155.1,7914.5,8451.7,8482.9,8056.8,8177.3,9086.1,7581.6,5623.8,7847.3,7972.6,8234.7,8781.0,8772.1,7964.6,8180.2,1624.7,7004.0,11501.5,10975.5,5253.8,6030.4,0.0,7177.7,7525.9,480.6,10529.6,10598.2,3962.8,23559.5,5448.7,7966.5,532.9,6725.2,7388.1,4985.9,7888.3,8527.1,1623.8,8173.4,1080.5,10071.0,8019.4,8760.7,9869.5,10550.5,5554.3,2098.7,7420.7,4098.9,1315.0,7491.7,10987.1,5546.5,10517.0,2947.6,1840.7,12568.1,3042.0,1392.6,11964.9,14210.1,8926.3,11090.8,6891.1,9837.1,1267.4,8003.2,1626.4,7315.2,2895.9,1800.3,1900.8,7181.6,7180.4,2917.7,10750.2,11079.1,7489.1,5944.3,6606.2
148,6984.4,5998.5,5547.8,5169.9,6218.7,5495.0,6193.1,6667.8,2974.2,662.4,5321.4,7371.8,6514.6,6859.6,5051.9,0.0,6401.6,5220.3,6078.0,5714.1,7107.1,6706.5,8010.5,6281.5,815.5,4748.2,2970.5,5869.7,6047.7,5419.9,5205.9,6229.7,8124.6,1277.3,9412.8,6101.9,6424.7,7405.9,5529.1,6474.3,5674.8,7064.5,6802.8,6281.0,6501.1,6475.9,4931.2,3139.5,7517.8,7430.2,6284.5,5346.8,6362.0,6524.8,6547.7,6072.1,6950.7,6648.2,4246.5,7344.3,4897.4,5614.0,5362.2,6992.1,6909.5,6795.0,6802.6,5233.7,7844.9,5899.5,6655.8,6588.7,7059.7,6907.5,8019.4,7022.6,5540.1,7470.1,5619.7,6194.7,6392.4,6980.9,3889.2,3353.3,6006.3,3353.3,4809.7,6729.9,5349.7,7735.5,6850.2,5731.2,6034.0,3285.9,7036.2,2641.2,3106.9,3886.7,10080.8,1933.3,4317.3,2006.7,5169.7,830.2,4246.5,6704.1,3886.7,4317.3,1933.3,3088.5,4413.8,2925.6,3886.7,9448.0,2006.7,6285.0,4022.7,9448.0,8183.6,10065.2,10073.9,10029.6,6494.4,568.7,5645.6,6318.5,6163.0,6824.5,5129.1,6260.3,6284.5,6284.5,6893.2,4759.9,1116.3,1116.3,6783.7,6804.7,6890.3,4555.3,4022.7,5519.5,5854.9,4675.3,5914.4,6513.4,8373.3,1622.0,3886.7,3353.3,5169.7,5899.2,5668.5,6222.0,7055.2,6243.6,6530.9,6087.8,7625.0,5903.5,6775.3,5670.5,6027.0,5260.6,7058.9,6406.6,6093.8,3973.4,5342.2,6465.4,6265.7,6731.8,6647.5,6251.8,6800.6,6843.6,6151.6,6232.4,6303.4,7000.7,2332.1,6619.3,5729.7,6843.6,6255.5,6667.8,2756.3,6250.8,6131.9,6802.8,6802.5,3651.4,5853.9,6428.2,6679.5,5244.9,4824.0,6704.1,3785.3,2165.4,7177.7,0.0,830.2,6847.9,6702.6,4787.7,10840.9,23032.4,4456.2,6102.9,6870.3,5689.9,6474.3,6198.5,2989.6,6754.2,8456.6,7259.6,7958.6,5951.8,5692.4,2641.2,4076.0,6723.5,2925.6,5158.1,2353.4,11019.1,7620.2,2422.5,6098.4,4966.4,4915.9,5310.9,5744.8,9024.3,4237.2,5978.4,6476.2,8854.3,3661.7,5489.6,2533.6,5281.9,6594.3,5816.7,6569.7,6401.4,4817.6,5456.6,7571.2,826.3,5891.9,5276.2,6804.7,6959.8,811.6,1595.7,662.4
166,7788.9,6803.0,6352.3,5851.0,6899.9,6176.1,6874.2,7472.3,3778.7,1406.0,6125.9,8176.4,7195.8,7540.8,5733.1,830.2,7082.7,5901.5,6759.2,6518.6,7788.2,7511.0,5853.1,7086.1,257.7,4338.6,3782.5,6550.9,6852.2,6101.0,5887.1,6910.9,8805.8,1340.5,9761.0,6906.4,7229.2,8087.0,6333.6,6895.4,6355.9,7745.6,7484.0,7085.5,7305.6,7157.1,5612.4,2729.9,8199.0,8111.4,6632.7,6027.9,7043.1,7205.9,7228.9,6876.6,7755.2,7452.7,4927.7,8025.5,5701.9,6295.2,6166.7,7796.6,7590.7,7476.1,7607.1,5914.9,8526.0,6580.6,7337.0,7269.8,7740.9,7712.0,8700.5,7384.1,6344.6,8151.3,6300.8,6692.3,7073.6,7785.4,4714.7,2943.7,6687.5,2943.7,5614.2,7411.0,5729.1,8416.6,7531.4,6412.4,6715.1,3072.3,7375.4,2231.6,2697.3,4698.7,10429.0,2757.9,3907.7,2818.7,4531.4,0.0,4927.7,7385.3,4698.7,3907.7,2757.9,2678.9,3775.6,3737.5,4698.7,10129.2,2818.7,6966.1,4834.6,10129.2,8695.1,10413.4,10422.1,10377.9,7175.6,1393.2,6326.8,6999.6,6844.1,7505.7,4719.5,6941.4,6632.7,6632.7,7251.1,4121.6,706.7,706.7,7464.9,7485.9,7321.4,4341.7,4834.6,6324.0,6536.1,5479.8,6595.6,7194.5,8889.9,2433.9,4698.7,2943.7,4531.4,6703.7,6349.7,6903.1,7373.7,6924.8,7212.1,6892.3,8306.1,6708.0,7579.9,6351.6,6831.5,5941.7,7740.0,7087.7,6774.9,4785.4,6023.4,7146.6,7070.2,7536.3,7328.7,7056.3,7481.8,7524.7,6956.1,6913.5,6984.6,7805.2,1922.5,7300.5,6410.9,7524.7,6936.7,7472.3,3568.3,6932.0,6813.1,7484.0,7483.7,3437.8,6535.1,7109.4,7027.7,5926.1,4185.8,7385.3,4589.9,2909.1,7525.9,830.2,0.0,7288.7,7383.8,4378.1,11352.4,22622.8,5260.8,6784.1,7218.5,6494.4,6895.4,7003.0,2776.0,7435.4,8973.3,8064.1,8470.1,6632.9,6373.5,2231.6,3666.4,7404.7,3737.5,5983.6,2139.8,11367.3,7968.4,2208.9,5688.8,5314.6,4506.3,6136.4,6514.6,9705.5,5062.7,6803.9,6066.6,8444.7,3448.0,5080.0,2319.9,4872.3,6942.5,6497.9,6917.9,7205.9,5406.5,5804.8,7919.4,1145.0,6573.1,6101.7,7485.9,7641.0,93.2,2339.4,1406.0
202,7698.1,6712.3,6172.6,7640.8,7870.2,7500.5,7816.9,7381.5,5316.1,6267.4,6027.0,8085.6,7993.6,8082.1,8832.4,6847.9,10181.9,8213.6,7646.0,4403.1,10512.0,2826.7,11790.9,6995.3,7255.8,9824.4,5061.9,8278.3,6761.4,9200.3,7599.4,7446.0,9775.0,7276.7,2928.9,6815.7,7138.4,9451.1,6244.8,7188.1,7680.3,8379.3,8034.6,6994.8,7214.8,7958.7,7047.7,9063.0,9521.6,9475.5,2273.1,6655.5,8567.9,7928.5,7931.4,6785.9,7664.4,7362.0,8026.9,9337.0,5031.4,7619.6,6022.9,7705.8,8197.3,8025.3,7516.4,7348.6,9495.2,7599.4,7878.9,8067.6,8167.9,7621.3,10096.8,7736.3,6200.5,9464.4,7625.2,6908.5,7865.5,7694.6,3272.9,9277.2,7119.7,9277.2,3735.1,7915.1,5817.9,8925.1,10630.6,6884.1,7773.0,8009.9,7750.0,8523.5,9046.1,4395.7,3597.0,5003.3,9506.9,5616.5,11610.0,7288.7,8026.9,10654.0,4395.7,9506.9,5003.3,9034.6,12046.5,5215.5,4395.7,13274.2,5616.5,8620.8,4531.7,13274.2,1473.7,3581.4,3590.1,3545.8,8036.5,6358.9,6967.2,7970.0,8379.2,10297.3,10626.2,7911.8,2273.1,2273.1,226.1,11200.1,7161.3,7161.3,10352.4,10428.7,100.3,8438.0,4531.7,5690.8,7642.1,5306.4,7582.5,8352.9,1686.9,5366.3,4395.7,9277.2,11610.0,6612.9,7674.1,7791.4,7769.0,7836.3,7996.3,6801.5,9248.3,6617.2,7489.1,7676.0,3847.4,7576.8,8345.4,7514.7,8358.2,4482.4,7971.1,8035.9,6979.5,7445.5,7962.1,6965.5,8089.4,7977.3,6865.3,7445.0,7955.0,7714.4,8214.5,8161.4,7735.3,7977.3,8764.6,7381.5,5284.9,7647.2,7772.5,8034.6,8459.5,8534.9,7643.1,7980.1,1602.0,6682.5,11264.3,10654.0,4932.3,5691.6,480.6,6847.9,7288.7,0.0,10208.1,10361.0,4131.1,23536.8,5127.2,7645.0,790.1,6403.7,7188.1,4737.4,7651.1,8327.1,1770.3,7973.3,1248.8,9732.2,7697.9,8523.5,9632.2,10229.0,5215.5,1759.8,7183.5,4535.3,1758.6,7254.5,10749.9,5309.3,10279.8,2626.1,1501.8,12246.6,2703.1,1053.7,11727.6,13972.9,8689.1,10853.5,6653.8,9599.9,1244.7,7681.7,1603.7,7115.1,2557.1,1563.1,2324.2,6842.8,6858.9,2596.2,10428.7,10740.2,7251.8,5605.5,6267.4
203,3179.9,3582.1,5239.8,2837.1,2709.5,2700.2,2737.7,3266.0,5707.2,6040.2,5013.4,3291.7,2684.5,3023.8,3418.8,6702.6,1718.7,2318.2,2613.6,6225.6,560.7,8169.9,4668.6,3674.7,7431.6,11364.2,5846.7,1976.7,3645.1,4167.9,2873.2,3138.4,2798.2,6475.4,12889.7,3560.6,3587.2,2423.2,5221.2,3258.6,2747.2,2976.4,2967.0,3643.5,3492.7,2940.5,4218.8,9755.6,2491.9,2427.3,10332.0,3969.1,1785.3,2713.8,2736.7,3657.9,3152.3,3382.8,2682.9,2578.3,5311.9,2661.8,5054.2,3131.4,3062.9,2983.3,3142.2,3507.8,2800.2,2687.4,2844.9,2752.8,3232.2,3256.2,2623.2,3006.0,5232.2,2643.4,2697.5,3439.7,2891.3,3113.7,7524.3,9969.4,3205.4,9969.4,6534.4,2918.9,10761.7,3206.5,3203.3,3351.6,2522.7,9988.5,3042.0,9257.2,9723.0,5921.8,13557.8,6368.9,10933.3,5058.6,7975.1,7383.8,2682.9,589.4,5921.8,10933.3,6368.9,9704.5,6811.2,5801.8,5921.8,3090.1,5058.6,1708.3,5948.3,3090.1,10700.9,13542.2,13550.9,13506.6,2377.9,6215.4,3266.1,2721.6,1935.5,177.7,11745.1,2704.6,10332.0,10332.0,10253.3,7842.6,7732.4,7732.4,232.8,267.7,10250.5,11257.9,5948.3,5323.5,2700.5,4920.5,2714.9,2036.7,10881.3,5322.8,5921.8,9969.4,7975.1,3849.3,2700.0,2771.5,2900.9,2754.6,2719.9,3649.2,2962.1,3643.9,3220.3,2748.3,6851.9,2862.8,3004.8,3315.3,1978.5,5899.1,2498.9,2651.9,3738.6,3270.3,2836.5,3734.7,2964.8,3014.7,3590.4,3141.1,2597.4,3080.9,8948.2,2387.7,2761.8,3014.7,1593.2,3266.0,5632.5,2905.0,2832.0,2967.0,2241.8,10354.0,2701.5,2826.2,10727.0,4015.3,7646.8,589.4,5715.7,4884.7,10529.6,6702.6,7383.8,10208.1,0.0,11403.8,13358.2,29648.5,5127.9,2643.6,10674.1,4065.0,3258.6,6335.0,9692.2,2696.3,10964.7,3212.3,10550.2,4351.6,2649.3,9257.2,10692.1,107.5,5801.8,8793.2,9056.0,14121.6,11758.3,9125.1,12714.4,10378.5,11531.9,7637.2,9379.9,2493.1,7872.2,9526.5,13092.3,15470.4,10364.3,12105.6,9086.0,11897.9,10481.2,2719.6,10617.2,3598.4,8452.7,9538.2,11551.2,6303.9,3512.4,7668.9,267.7,1583.2,7372.8,5106.9,6040.2
196,11746.4,10760.5,10309.8,9871.0,10919.9,10196.1,10894.2,11429.8,7736.2,5363.5,10083.4,12133.8,11215.8,11560.8,9753.1,4787.7,11102.7,9921.5,10779.2,10476.1,11808.2,11468.5,8816.3,11043.5,4166.7,1464.2,7739.9,10570.9,10809.7,10121.0,9907.0,10930.9,12825.8,5622.9,12833.2,10863.9,11186.7,12107.0,10291.1,11236.3,10375.9,11765.6,11504.0,11043.0,11263.0,11177.1,9632.4,1721.6,12219.0,12131.4,9705.0,10047.9,11063.1,11225.9,11248.9,10834.1,11712.7,11410.2,8947.7,12045.5,9659.4,10315.2,10124.2,11754.1,11610.7,11496.1,11564.6,9934.9,12546.0,10600.6,11357.0,11289.8,11760.9,11669.5,12720.5,11404.1,10302.1,12171.3,10320.8,10712.3,11093.6,11742.9,8174.0,1435.1,10707.5,1435.1,9571.7,11431.0,5774.4,12436.6,11551.4,10432.4,10735.1,2470.1,11395.4,2188.1,1695.0,8656.2,13501.3,6715.4,1183.4,6776.1,7236.3,4378.1,8947.7,11405.3,8656.2,1183.4,6715.4,1712.6,6241.2,7695.0,8656.2,14149.2,6776.1,10986.1,8792.1,14149.2,11767.3,13485.7,13494.4,13450.1,11195.5,5350.7,10346.8,11019.6,10864.1,11525.7,413.0,10961.4,9705.0,9705.0,10323.4,7062.9,3723.8,3723.8,11484.9,11505.8,10393.6,2957.2,8792.1,10281.5,10556.0,9437.3,10615.6,11214.5,11962.2,6391.4,8656.2,1435.1,7236.3,10661.2,10369.7,10923.1,11393.7,10944.8,11232.0,10849.8,12326.1,10665.5,11537.3,10371.6,10789.0,9961.7,11760.0,11107.7,10794.9,8742.9,10043.4,11166.5,11027.7,11493.8,11348.7,11013.8,11501.8,11544.7,10913.6,10933.5,11004.6,11762.7,2550.2,11320.5,10430.9,11544.7,10956.7,11429.8,7525.8,10952.0,10833.1,11504.0,11503.6,2023.4,10555.1,11129.4,10100.0,9946.0,6890.7,11405.3,8547.4,6866.6,10598.2,4787.7,4378.1,10361.0,11403.8,0.0,14424.7,18841.0,9218.2,10804.1,10290.8,10451.9,11236.3,10960.5,2826.5,11455.3,12045.6,12021.5,11542.4,8160.7,10393.5,2188.1,751.0,11424.7,7695.0,9139.6,3233.2,14439.6,11040.6,3121.8,2802.1,6470.9,962.0,9595.7,9586.9,13725.5,8522.0,9914.6,2480.9,4654.3,1955.0,776.8,3765.2,2231.0,10014.8,10517.9,9990.1,11163.4,8478.8,8877.0,10991.6,5417.4,10593.1,9561.0,11505.8,11661.0,4319.0,6296.9,5363.5
233,10614.9,9867.8,9006.2,10614.5,10787.0,10474.3,10733.7,10298.3,8901.4,10260.4,8869.5,11002.4,10910.4,10998.8,12825.4,10840.9,13809.9,11187.4,10758.7,7236.7,13624.7,5810.2,15783.9,9912.1,11319.6,13888.1,8963.8,11472.2,9851.7,13193.2,10573.2,10362.8,12691.7,11269.7,2220.9,9965.1,10055.2,12367.9,9087.3,10104.8,10654.1,11296.0,10951.4,9911.5,10131.6,10875.5,10174.7,13126.7,12438.4,12392.2,6235.4,9782.5,11680.7,10845.2,10848.2,9702.7,10581.2,10278.7,11753.0,12253.8,7970.7,10593.3,8865.4,10622.6,11114.1,10942.0,10433.2,10322.4,12412.0,10712.2,10795.7,10984.4,11084.6,10538.1,13013.6,10653.1,9039.0,12381.2,10599.0,10023.7,10782.2,10611.4,7265.9,13341.0,10200.5,13341.0,7320.5,10831.9,9479.9,11841.9,14623.6,9857.9,10885.8,12073.6,10666.8,12587.3,13109.8,7981.0,1621.0,8996.3,13570.7,9609.5,15673.7,11352.4,11753.0,13812.2,7981.0,13570.7,8996.3,13098.4,16039.4,8920.0,7981.0,16386.4,9609.5,11733.5,8117.0,16386.4,2657.4,1666.4,1688.1,1712.2,11119.0,10351.9,9940.9,10886.8,11491.9,13455.5,14690.0,10828.5,6235.4,6235.4,4225.4,15263.9,11225.0,11225.0,13510.6,13586.9,4116.0,12501.7,8117.0,8519.6,10754.8,8450.3,10695.2,11465.6,2899.1,9359.3,7981.0,13341.0,15673.7,9529.7,10647.8,10708.2,10685.7,10753.1,10913.1,9718.3,12165.1,9778.1,10405.9,10649.8,6681.0,10550.5,11262.2,10431.5,11470.9,8067.8,10944.9,10952.7,9896.3,10362.3,10878.8,9882.3,11006.1,10894.1,9782.1,10361.8,10871.8,10631.2,12278.2,11274.1,10709.0,10894.1,11877.3,10298.3,9254.4,10564.0,10689.3,10951.4,11572.2,12598.6,10755.8,10896.9,4815.1,9809.5,15328.1,13812.2,8517.6,9684.6,3962.8,10840.9,11352.4,4131.1,13358.2,14424.7,0.0,26460.4,8329.9,10757.7,4366.2,9377.4,10104.8,7571.0,11714.8,11243.9,2848.0,10890.1,2900.6,13725.2,10671.6,12587.3,13696.0,13387.2,8920.0,5713.9,11247.2,1855.6,3633.1,11318.3,14813.6,8812.1,14343.6,6211.4,5526.8,15359.4,6696.1,5019.4,15791.4,18036.7,12752.8,14917.3,10717.6,13663.6,4737.8,10794.4,4916.9,10031.9,6550.5,5626.9,4481.5,10835.8,10016.6,6181.5,13586.9,14368.1,11315.6,9598.5,10260.4
108,29991.0,29005.2,28554.5,28115.7,29164.6,28440.8,29138.9,29674.4,25980.8,23608.2,28328.1,30378.5,29460.5,29805.5,27997.8,23032.4,29347.4,28166.1,29023.9,28720.7,30052.9,26287.3,27644.3,29288.2,22411.4,18621.9,25984.6,28815.5,29054.4,28365.7,28151.7,29175.5,31070.4,23867.6,25526.7,29108.6,29431.4,30351.7,28535.8,29481.0,28620.6,30010.3,29748.6,29287.7,29507.7,29421.8,27877.0,19966.2,30463.6,30376.1,23294.9,28292.6,29307.8,29470.6,29493.5,29078.8,29957.4,29654.9,27192.4,30290.1,27904.1,28559.8,28368.9,29998.7,29855.4,29740.8,29809.3,28179.5,30790.7,28845.3,29601.7,29534.5,30005.6,29914.2,30965.2,29648.8,28546.8,30416.0,28565.5,28957.0,29338.3,29987.5,23309.1,19679.7,28952.2,19679.7,27816.3,29675.7,19152.3,30681.3,29796.1,28677.0,28979.8,20543.4,29640.0,20432.8,19939.7,26900.8,25546.6,24664.5,18926.2,25020.8,25790.5,22622.8,27192.4,29649.9,26900.8,18926.2,24664.5,19957.2,24795.4,25939.7,26900.8,32393.8,25020.8,29230.8,27036.8,32393.8,24687.8,25499.7,25477.1,25432.9,29440.2,23595.4,28591.5,29264.3,29108.8,29770.4,18508.7,29206.1,23294.9,23294.9,23425.4,25617.1,21968.5,21968.5,29729.5,29750.5,23495.7,19742.5,27036.8,28526.2,28800.7,27682.0,28860.2,29459.2,24918.6,24636.1,26900.8,19679.7,25790.5,28905.9,28614.4,29167.8,29638.4,29189.5,29476.7,29094.5,30570.8,28910.2,29782.0,28616.3,26261.7,28206.4,30004.7,29352.4,29039.6,26987.6,28288.1,29411.2,29272.4,29738.5,29593.3,29258.5,29746.5,29789.4,29158.2,29178.2,29249.3,30007.3,20794.9,29565.1,28675.6,29789.4,29201.3,29674.4,25770.5,29196.7,29077.8,29748.6,29748.3,20051.8,28799.8,29374.0,21934.8,28190.7,25444.9,29649.9,26792.0,25111.2,23559.5,23032.4,22622.8,23536.8,29648.5,18841.0,26460.4,0.0,27462.9,29048.8,23083.4,28696.6,29481.0,29205.2,20963.2,29700.0,25001.9,30266.2,24569.4,26795.4,28638.2,20432.8,19050.0,29669.4,25939.7,22766.7,21392.9,25107.6,23000.0,21280.4,17470.1,19678.5,18350.1,24612.0,23177.5,31970.2,23337.0,23541.8,16766.2,14882.6,19983.4,18135.7,21826.0,18621.3,22421.4,28762.5,22001.1,29408.1,22915.0,22467.7,22444.8,23662.0,28837.8,24577.3,29750.5,29905.7,22563.7,24541.5,23608.2
128,2646.4,1632.1,1209.9,2560.6,2818.6,2420.3,2765.3,2329.8,1602.8,3854.7,983.5,3033.9,2941.9,3030.4,5017.0,4456.2,5755.9,3133.4,2565.8,1640.3,5431.8,3141.6,7854.9,1943.6,5246.1,9178.7,1876.4,3198.2,1681.3,5496.4,2519.2,2394.3,4723.3,4602.5,7808.8,1735.5,2086.8,4399.4,1191.2,2136.4,2600.1,3327.6,2982.9,1943.1,2163.1,2907.1,1967.5,7570.0,4470.0,4423.8,5756.1,1575.3,3487.8,2876.8,2879.7,1734.2,2612.8,2310.3,3699.1,4285.4,595.6,2539.4,918.4,2654.1,3145.6,2973.6,2464.7,2268.5,4443.6,2519.3,2827.3,3016.0,3116.2,2569.6,5045.1,2684.6,1202.2,4412.7,2545.0,1828.3,2813.8,2642.9,3413.0,7783.8,2039.5,7783.8,1434.7,2863.4,7390.1,3873.4,6468.3,1803.9,2692.8,7742.2,2698.3,7071.7,7537.5,846.4,8476.9,3965.0,8747.8,2492.8,9506.4,5260.8,3699.1,5573.8,846.4,8747.8,3965.0,7519.0,8342.6,1832.6,846.4,8194.0,2492.8,3540.6,872.9,8194.0,5672.5,8461.3,8470.0,8425.7,2956.3,3967.2,1887.0,2918.3,3299.0,5217.1,9559.6,2860.1,5756.1,5756.1,5172.4,9373.9,5546.8,5546.8,5272.2,5348.5,5169.6,8853.4,872.9,1112.1,2561.9,219.3,2502.3,3272.7,5852.9,2898.3,846.4,7783.8,9506.4,1561.3,2593.9,2739.8,2717.3,2784.6,2944.6,1749.9,4196.6,1537.1,2437.4,2595.8,1987.6,2496.6,3293.8,2463.0,3278.0,823.7,2890.9,2984.2,1927.8,2393.9,2910.4,1913.8,3037.7,2925.6,1813.7,2393.3,2903.3,2662.8,6762.7,3081.2,2655.1,2925.6,3684.4,2329.8,2186.1,2595.6,2720.8,2982.9,3379.3,8107.6,2562.9,2928.5,6107.8,1602.3,9178.1,5573.8,693.4,2403.0,5448.7,4456.2,5260.8,5127.2,5127.9,9218.2,8329.9,27462.9,0.0,2564.8,5593.2,1323.5,2136.4,2075.1,7445.9,3275.4,5936.3,2921.6,5830.2,6041.7,2617.7,7071.7,8506.5,5148.8,1832.6,4184.7,6809.6,9415.2,6677.4,6878.7,10528.9,7006.9,9346.4,2537.6,4794.9,7166.5,3315.2,4445.6,10906.7,13284.9,8117.9,9920.1,6754.7,9712.4,5754.5,2601.5,6070.9,2063.5,3920.1,4962.2,6830.2,4421.4,1778.7,2569.2,5348.5,6314.2,5242.1,2921.4,3854.7
118,1015.0,981.6,2639.4,934.4,266.3,619.3,240.7,945.3,4077.8,5440.6,2413.0,1143.4,538.8,883.8,3653.8,6102.9,3576.8,1314.6,87.9,3625.2,2896.4,5569.4,6332.4,1076.5,6831.9,10764.6,4371.8,794.9,1044.6,4402.9,908.6,538.0,2491.7,5875.8,10163.7,960.1,1132.8,1819.1,2620.7,658.1,509.9,1019.0,826.9,1043.1,1048.9,523.5,2087.6,9155.9,1931.0,1843.5,8268.4,1642.7,952.4,548.9,571.8,1057.4,785.9,852.4,2299.3,1757.5,2748.9,519.0,2453.8,783.6,933.7,819.1,947.0,1651.4,2211.9,203.6,680.0,612.8,1083.9,1091.3,2515.8,750.5,2631.7,1883.4,483.3,839.2,440.0,798.6,5925.3,9369.7,604.9,9369.7,3971.3,754.0,9902.4,1734.6,4945.8,1197.0,211.7,9388.9,741.8,8657.5,9123.3,3358.7,10831.8,5769.2,10333.7,4458.9,8265.4,6784.1,2299.3,3097.6,3358.7,10333.7,5769.2,9104.9,7101.6,4328.1,3358.7,5658.1,4458.9,1005.2,3385.2,5658.1,8100.4,10816.2,10824.9,10780.6,420.9,5615.8,1166.5,366.0,777.3,2740.9,11145.5,307.8,8268.4,8268.4,7690.2,8132.9,7132.7,7132.7,2796.0,2872.3,7687.4,10658.2,3385.2,2723.1,248.1,2357.4,262.5,737.4,8280.8,4723.2,3358.7,9369.7,8265.4,1248.8,462.7,269.5,736.0,291.2,555.0,1048.8,1932.5,1043.5,1028.4,514.2,4251.4,856.7,1030.0,714.8,756.3,3336.0,1127.1,441.8,1180.5,1009.4,671.6,1153.8,824.8,867.7,989.9,540.6,276.1,916.0,8348.5,545.8,524.5,867.7,1162.7,945.3,4681.6,350.4,231.5,826.9,843.9,9754.4,249.1,475.8,8625.6,1688.9,7937.2,3097.6,3152.6,4285.0,7966.5,6102.9,6784.1,7645.0,2643.6,10804.1,10757.7,29048.8,2564.8,0.0,8111.0,1501.9,658.1,3734.5,9092.6,708.7,8364.2,1064.0,7949.7,4642.0,410.6,8657.5,10092.4,2672.6,4328.1,6697.0,8456.4,11521.1,9195.2,8525.4,12114.8,9519.2,10932.2,5074.2,7307.2,4631.1,5827.5,6963.4,12492.6,14870.7,9764.6,11506.0,8486.4,11298.3,8272.3,287.7,8588.7,1110.7,6432.4,7474.5,9348.1,5704.3,1129.5,5105.8,2872.3,4091.3,6773.1,4507.2,5440.6
69,8164.1,7178.3,6658.1,8106.8,8336.2,7966.5,8282.9,7847.5,5782.1,6541.5,6493.0,8551.6,8459.6,8548.0,9106.5,6870.3,10456.1,8679.6,8112.0,4899.8,10978.0,3519.7,12065.0,7461.3,7185.6,9754.1,5336.0,8744.3,7227.4,9474.4,8065.4,7912.0,10241.0,7550.8,2658.3,7281.7,7604.4,9917.1,6710.8,7654.1,8146.3,8845.3,8500.6,7460.8,7680.8,8424.7,7513.7,8992.7,9987.6,9941.5,1989.9,7121.5,9033.9,8394.5,8397.4,7251.9,8130.4,7828.0,8301.0,9803.0,5497.4,8085.6,6488.9,8171.8,8663.3,8491.3,7982.4,7814.6,9961.2,8065.4,8345.0,8533.6,8633.9,8087.3,10562.8,8202.3,6666.5,9930.4,8091.2,7374.5,8331.5,8160.6,3547.0,9207.0,7585.7,9207.0,4201.1,8381.1,5747.6,9391.1,10904.8,7350.1,8239.0,7939.7,8216.0,8453.3,8975.8,4861.7,3326.4,5277.4,9436.7,5890.6,11539.7,7218.5,8301.0,10758.6,4861.7,9436.7,5277.4,8964.4,10783.9,5489.6,4861.7,13502.5,5890.6,9086.8,4997.7,13502.5,1728.2,3310.8,3319.5,3275.2,8502.5,6633.1,7433.2,8436.0,8845.2,10763.3,10556.0,8377.8,1989.9,1989.9,678.8,11129.9,7091.1,7091.1,10818.4,10894.7,749.1,8367.8,4997.7,6156.8,8108.1,5772.4,8048.5,8818.9,1963.2,5640.4,4861.7,9207.0,11539.7,7078.9,8140.1,8257.4,8235.0,8302.3,8462.3,7267.5,9714.3,7083.2,7955.1,8142.0,4344.1,8042.8,8811.4,7980.7,8824.2,4948.4,8437.1,8501.9,7445.5,7911.5,8428.1,7431.5,8555.4,8443.3,7331.3,7911.0,8421.0,8180.4,8144.3,8627.4,8201.3,8443.3,9230.6,7847.5,5559.1,8113.2,8238.5,8500.6,8925.5,8464.7,8109.1,8446.1,1148.6,7148.5,11194.1,10758.6,5398.3,5965.7,532.9,6870.3,7218.5,790.1,10674.1,10290.8,4366.2,23083.4,5593.2,8111.0,0.0,6869.7,7654.1,5234.1,7580.9,8793.1,2046.5,8439.3,1503.3,10006.3,8163.9,8453.3,9562.0,10695.0,5489.6,2034.0,7113.2,4264.7,1477.2,7184.3,10679.7,5239.1,10209.6,3092.1,1767.2,12712.6,2977.2,1401.1,11657.4,13902.7,8618.8,10783.3,6583.6,9529.6,791.3,8147.7,1150.3,7581.1,2831.2,1549.8,1870.8,7116.9,7324.9,3062.2,10894.7,11014.3,7181.6,5879.6,6541.5
23,1498.1,569.1,1464.5,1497.6,1579.4,1357.4,1526.1,1163.0,2836.5,5088.4,1238.1,1900.5,1776.4,1864.8,3954.1,5689.9,4693.0,2070.5,1502.9,2450.3,4368.9,4189.1,6791.9,809.6,6479.8,10412.4,3130.5,2135.2,618.3,4294.6,1456.3,1155.2,3558.1,5418.5,9085.3,672.5,953.4,3233.9,1445.9,897.2,1537.2,2162.1,1817.4,776.2,1054.4,1700.3,765.8,8803.7,3304.4,3258.2,7027.1,317.4,2424.8,1711.2,1714.2,576.1,1445.9,1125.2,2636.2,3119.8,1507.5,1476.4,1278.9,1487.3,1980.1,1808.0,1297.9,1205.5,3278.4,1456.3,1661.7,1850.4,1950.7,1436.2,3879.6,1519.1,1456.8,3247.2,1482.1,765.4,1616.8,1477.4,4684.0,9017.5,976.6,9017.5,2730.0,1697.8,8661.1,2708.3,5405.3,741.0,1629.9,8975.9,1532.8,8305.4,8771.1,2117.4,9753.4,5198.6,9981.5,3726.4,8304.6,6494.4,2636.2,4510.8,2117.4,9981.5,5198.6,8752.7,7140.8,3086.7,2117.4,7131.0,3726.4,2477.7,2143.9,7131.0,6720.1,9737.8,9746.5,9702.2,1893.3,5200.9,824.0,1679.2,2236.0,4154.1,10793.3,1621.0,7027.1,7027.1,6448.9,8172.2,6780.5,6780.5,4209.3,4285.6,6446.1,10087.1,2143.9,1548.2,1499.0,1116.1,1439.4,2209.8,6900.5,4132.0,2117.4,9017.5,8304.6,389.7,1531.0,1500.6,1551.7,1545.5,1779.1,578.3,3031.5,474.1,1270.6,1532.9,2871.1,1433.7,2128.2,1277.2,2215.1,2094.7,1828.0,1818.7,794.4,1227.0,1744.8,780.4,1872.2,1760.1,580.7,1154.2,1664.2,1497.2,7996.4,2018.2,1592.1,1760.1,2621.5,1163.0,3440.2,1356.4,1481.7,1817.4,2316.3,9341.3,1500.0,1689.3,7384.2,400.6,7976.4,4510.8,1911.2,3636.7,6725.2,5689.9,6494.4,6403.7,4065.0,10451.9,9377.4,28696.6,1323.5,1501.9,6869.7,0.0,897.2,2559.7,8679.6,2109.9,6983.9,1788.2,6569.4,4826.6,1554.8,8305.4,9740.2,4085.9,3086.7,5455.7,8043.3,10140.8,7953.9,8112.4,11762.6,8277.9,10580.1,3832.8,6065.9,6103.5,4586.2,5722.1,12140.4,14518.5,9351.6,11153.8,7988.4,10946.1,7030.9,1538.6,7347.4,940.0,5191.1,6233.2,8106.7,5247.0,715.8,3864.5,4285.6,5251.2,6475.8,4155.1,5088.4
27,913.5,433.2,1986.5,1270.6,691.4,1023.6,638.1,548.7,3620.9,5872.8,1760.1,1325.8,985.9,1256.1,3777.2,6474.3,4154.5,1860.7,659.1,2972.3,3525.1,4916.5,6582.2,471.4,7264.1,11196.8,3914.8,1372.6,469.3,4526.2,1229.2,312.0,2949.4,5987.0,9510.8,336.7,568.8,2447.8,1967.8,0.0,910.0,1537.2,1208.7,438.0,562.2,812.4,1576.3,9588.1,2559.7,2472.2,7811.4,1131.4,1581.1,952.3,970.5,402.2,831.7,428.2,2459.3,2386.2,2288.6,923.4,1800.9,873.0,1380.9,1199.3,683.6,1509.8,2669.7,612.6,1046.5,1060.0,1341.9,866.2,3144.4,903.9,1978.8,2512.0,887.6,459.8,728.9,862.2,5468.3,9801.9,215.6,9801.9,3529.9,1082.7,9445.5,2099.5,5195.6,898.9,786.1,9760.2,917.6,9089.8,9555.5,2901.8,10178.9,5983.0,10765.9,4510.8,8439.0,6895.4,2459.3,3712.6,2901.8,10765.9,5983.0,9537.1,7275.2,3871.1,2901.8,6286.8,4510.8,1633.9,2928.3,6286.8,7447.5,10163.3,10172.0,10127.7,1023.4,5985.3,927.6,791.2,1392.3,3355.9,11577.7,733.0,7811.4,7811.4,7233.3,8306.5,7564.9,7564.9,3411.0,3487.3,7230.4,10871.5,2928.3,2070.2,655.2,1929.0,595.6,1366.0,7627.9,4916.4,2901.8,9801.9,8439.0,595.9,867.0,612.6,936.5,657.5,998.6,393.6,2422.7,530.4,656.3,914.3,3598.5,1206.6,1519.5,485.5,1371.3,2879.0,1508.0,936.7,575.5,612.8,1070.3,548.8,1272.0,1151.3,334.7,311.1,776.2,882.0,8780.7,1174.5,928.9,1151.3,1777.7,548.7,4224.6,468.4,593.7,1208.7,1472.6,10125.7,656.2,801.3,8168.6,1177.7,8110.7,3712.6,2695.6,4421.1,7388.1,6474.3,6895.4,7188.1,3258.6,11236.3,10104.8,29481.0,2136.4,658.1,7654.1,897.2,0.0,3081.6,9464.0,1227.0,7711.3,1239.7,7296.8,4801.9,814.9,9089.8,10524.6,3287.6,3871.1,6240.1,8827.7,10868.2,8616.8,8896.8,12547.0,9062.3,11364.5,4623.5,6850.3,5259.8,5370.6,6506.4,12924.8,15302.9,10136.0,11938.2,8772.8,11730.5,7815.3,694.8,8131.8,546.7,5975.5,7017.6,8891.1,5815.5,774.9,4655.2,3487.3,4706.3,6884.4,4939.4,5872.8
10,3591.6,2844.5,1487.6,3796.7,3763.8,3656.5,3710.4,3275.0,3266.5,5597.0,1696.3,3979.1,3887.1,3975.6,6253.1,6198.5,6992.1,4369.6,3735.5,669.9,6601.4,2382.7,9091.0,2888.8,6988.3,10921.0,3473.7,4449.0,2828.4,6680.3,3755.4,3339.5,5668.5,6344.8,6977.0,2941.8,3032.0,5344.6,1617.1,3081.6,3836.3,4272.8,3928.1,2888.3,3108.3,3852.3,3151.5,9312.3,5415.1,5369.0,6022.9,2759.2,4657.4,3822.0,3824.9,2679.4,3558.0,3255.5,4935.2,5230.6,1496.2,3775.5,1690.5,3599.3,4090.8,3918.8,3409.9,3504.6,5388.8,3688.9,3772.5,3961.2,4061.4,3514.8,5990.3,3629.8,1520.5,5357.9,3781.2,3000.5,3759.0,3588.1,4047.6,9526.1,3177.2,9526.1,1629.7,3808.6,7941.8,4818.6,7704.4,3040.1,3862.5,9484.4,3643.5,8814.0,9279.7,2443.8,7645.1,5442.1,10490.1,4235.0,10690.3,7003.0,4935.2,6788.9,2443.8,10490.1,5442.1,9261.2,9526.5,3430.0,2443.8,9363.2,4235.0,4710.2,2460.7,9363.2,4913.6,7629.5,7638.1,7593.9,4095.8,5709.5,3123.1,3863.5,4468.6,6432.2,11301.9,3805.3,6022.9,6022.9,4813.4,10557.8,7289.1,7289.1,6487.4,6563.6,4761.2,10302.4,2460.7,1489.2,3731.6,1918.4,3672.0,4442.4,5094.1,4640.5,2443.8,9526.1,10690.3,2506.5,3830.0,3685.0,3662.5,3729.8,3889.8,2695.1,5141.8,2754.9,3382.6,3832.0,1191.5,3732.8,4238.9,3408.2,4447.6,2411.4,4127.1,3929.4,2873.0,3339.1,3855.6,2859.0,3982.9,3870.8,2758.8,3338.5,3848.5,3607.9,8504.9,4250.8,3891.2,3870.8,4854.1,3275.0,3783.5,3540.8,3666.0,3928.1,4548.9,9849.9,3732.6,3873.7,5790.1,2786.3,10362.0,6788.9,2660.8,4145.2,4985.9,6198.5,7003.0,4737.4,6335.0,10960.5,7571.0,29205.2,2075.1,3734.5,5234.1,2559.7,3081.6,0.0,9201.0,4220.6,5177.5,3866.8,4763.0,7277.9,3853.8,8814.0,10248.8,6364.0,3430.0,4490.0,8551.9,8334.4,6214.5,8621.0,12271.1,7558.6,11088.6,2466.4,4908.7,8336.1,3758.1,4072.1,12649.0,15027.1,9860.1,11662.4,8203.7,11444.0,5436.8,3771.2,5753.2,3008.7,4363.0,5109.8,6512.5,6163.7,2993.4,2498.1,6563.6,7550.3,6984.4,4663.6,5597.0
229,9974.0,8988.2,8537.4,8159.5,9208.4,8484.6,9182.7,9657.4,5963.8,3652.0,8311.0,10361.5,9504.2,9849.3,8041.6,2989.6,9391.2,8209.9,9067.7,8716.5,10096.7,8796.9,7995.5,9271.2,2564.6,2587.7,5960.1,8859.4,9037.3,8409.5,8195.5,9219.3,11114.2,4015.7,10123.3,9091.5,9414.3,10395.5,8518.8,9464.0,8664.4,10054.1,9792.4,9270.6,9490.7,9465.6,7920.8,1786.0,10507.4,10419.9,6995.1,8336.4,9351.6,9514.4,9537.3,9061.8,9940.3,9637.8,7236.2,10333.9,7887.0,8603.6,8351.8,9981.7,9899.2,9784.6,9792.3,8223.4,10834.5,8889.1,9645.5,9578.3,10049.4,9897.2,11009.0,10012.2,8529.8,10459.8,8609.3,9184.4,9382.1,9970.5,5464.1,1740.3,8996.0,1740.3,7665.9,9719.5,3516.9,10725.1,9839.9,8720.8,9023.6,425.1,10025.9,1246.5,1769.1,6876.3,10791.4,4008.4,2095.7,4996.3,6673.8,2776.0,7236.2,9693.7,6876.3,2095.7,4008.4,1757.7,5918.0,5915.2,6876.3,12437.6,4996.3,9274.6,7012.3,12437.6,9057.5,10775.8,10784.5,10740.2,9484.0,3558.3,8635.3,9308.1,9152.6,9814.2,3069.9,9249.9,6995.1,6995.1,7613.5,6264.0,2104.3,2104.3,9773.4,9794.3,7683.8,1735.9,7012.3,8509.2,8844.5,7664.9,8904.0,9503.0,9252.3,4611.6,6876.3,1740.3,6673.8,8888.8,8658.2,9211.6,10044.8,9233.3,9520.5,9077.4,10614.6,8893.1,9765.0,8660.1,8535.5,8250.2,10048.5,9396.2,9083.4,6963.1,8331.9,9455.0,9255.4,9721.4,9637.1,9241.4,9790.3,9833.2,9141.2,9222.0,9293.1,9990.3,1397.9,9608.9,8719.4,9833.2,9245.1,9657.4,5745.9,9240.5,9121.6,9792.4,9792.1,978.5,8843.5,9417.8,7390.1,8234.5,6328.2,9693.7,6775.0,5155.0,7888.3,2989.6,2776.0,7651.1,9692.2,2826.5,11714.8,20963.2,7445.9,9092.6,7580.9,8679.6,9464.0,9201.0,0.0,9743.8,9335.7,10249.2,8832.5,7146.6,8682.0,1246.5,2097.8,9713.2,5915.2,6429.7,742.1,11729.7,8330.8,629.6,3724.9,4213.4,2846.7,6885.8,6877.0,12014.0,5812.1,7204.7,4407.0,6785.1,1132.7,3420.4,1001.0,2713.0,7304.9,8806.3,7280.2,9391.0,5768.9,6167.1,8281.8,3710.6,8881.6,6851.1,9794.3,9949.5,2716.9,4585.4,3652.0
228,864.7,1619.3,3125.5,1585.6,543.1,1270.5,591.3,950.8,4759.9,6091.8,2899.1,854.2,339.1,586.3,4305.1,6754.2,4114.2,1823.5,741.0,4111.3,2897.9,6055.6,6983.6,1359.6,7483.2,11415.8,5053.9,1211.2,1682.3,5054.1,1559.8,1094.3,1886.5,6527.0,10649.9,1554.4,1272.0,1236.6,3106.8,1227.0,1161.1,321.1,529.4,1343.1,1177.5,625.3,2733.8,9807.1,1348.5,1261.0,8950.5,2286.3,968.8,398.6,421.6,1554.4,837.1,1067.6,2950.6,1175.0,3427.6,1170.3,2939.9,816.2,377.4,553.0,827.1,2302.6,1606.8,854.9,529.7,365.4,794.7,941.0,1933.2,690.9,3117.8,1300.9,1134.5,1476.9,629.6,798.5,6607.4,10020.9,1242.6,10020.9,4668.9,603.7,10584.5,1036.7,5589.9,1843.0,783.6,10040.1,726.8,9308.8,9774.5,4040.8,11317.9,6420.5,10984.9,5110.1,8916.7,7435.4,2950.6,3171.1,4040.8,10984.9,6420.5,9756.1,7752.9,5010.1,4040.8,5433.4,5110.1,1021.6,4067.3,5433.4,8586.5,11302.3,11311.0,11266.8,363.6,6267.0,1817.7,540.9,996.1,2800.6,11796.7,538.1,8950.5,8950.5,8372.3,8784.2,7783.9,7783.9,2855.7,2932.0,8369.5,11309.5,4067.3,3209.2,899.4,3068.0,913.7,760.8,8766.9,5374.4,4040.8,10020.9,8916.7,1729.2,1114.0,625.0,585.7,601.1,393.7,1531.1,1342.6,1681.1,905.1,1165.5,4737.6,1507.9,332.1,1182.1,975.1,4018.1,1636.0,385.7,1423.4,955.1,521.4,1419.5,465.6,577.2,1552.4,1097.0,451.0,765.7,8999.8,485.0,1175.8,577.2,1208.3,950.8,5363.6,758.5,826.0,529.4,522.2,10405.6,900.4,556.9,9307.6,2332.5,8588.4,3171.1,3834.6,4936.3,8527.1,6754.2,7435.4,8327.1,2696.3,11455.3,11243.9,29700.0,3275.4,708.7,8793.1,2109.9,1227.0,4220.6,9743.8,0.0,8850.3,774.8,8435.8,5293.2,1061.8,9308.8,10743.6,2732.3,5010.1,7379.1,9107.6,12007.2,9755.8,9176.7,12766.0,10201.3,11583.5,5762.6,7989.3,4181.2,6509.6,7645.5,13143.8,15522.0,10415.8,12157.2,9137.6,11949.5,8954.4,939.0,9270.8,1283.2,7114.5,8156.6,10030.1,6355.5,1775.5,5794.2,2932.0,4164.9,7424.3,5158.5,6091.8
35,8221.3,7474.2,6612.6,8221.0,8393.5,8080.7,8340.1,7904.7,6517.1,7876.1,6475.9,8608.8,8516.8,8605.3,10441.1,8456.6,11416.3,8793.8,8365.2,4843.1,11231.1,3416.7,13399.6,7518.5,8940.4,11509.0,6579.5,9078.7,7458.1,10809.0,8179.6,7969.2,10298.2,8885.4,2613.0,7571.5,7661.7,9974.3,6693.7,7711.3,8260.5,8902.5,8557.8,7518.0,7738.0,8482.0,7781.2,10747.5,10044.9,9998.7,3923.3,7388.9,9287.1,8451.7,8454.6,7309.1,8187.7,7885.2,9359.5,9860.3,5577.2,8199.8,6471.8,8229.0,8720.5,8548.5,8039.6,7928.8,10018.5,8318.6,8402.2,8590.9,8691.1,8144.5,10620.0,8259.5,6645.5,9987.6,8205.4,7630.2,8388.7,8217.8,4881.6,10961.8,7806.9,10961.8,4936.2,8438.3,7502.5,9448.3,12239.4,7464.3,8492.2,9694.5,8273.2,10208.1,10730.7,5596.8,3231.7,6612.0,11191.5,7225.2,13294.6,8973.3,9359.5,11418.6,5596.8,11191.5,6612.0,10719.2,13655.2,6535.8,5596.8,13992.9,7225.2,9339.9,5732.7,13992.9,498.4,3265.5,3274.1,3229.9,8725.5,7967.6,7547.4,8493.2,9098.3,11061.9,12310.8,8435.0,3923.3,3923.3,1870.6,12884.7,8845.9,8845.9,11117.1,11193.3,1755.3,10122.6,5732.7,6126.1,8361.3,6056.8,8301.7,9072.1,83.5,6975.0,5596.8,10961.8,13294.6,7136.2,8254.3,8314.7,8292.2,8359.5,8519.5,7324.8,9771.5,7384.6,8012.3,8256.2,4287.4,8157.0,8868.6,8037.9,9077.4,5683.5,8551.3,8559.1,7502.7,7968.8,8485.3,7488.7,8612.6,8500.5,7388.6,7968.2,8478.2,8237.6,9899.1,8880.5,8315.5,8500.5,9483.8,7904.7,6870.2,8170.4,8295.7,8557.8,9178.6,10219.5,8362.3,8503.4,3122.0,7416.0,12948.9,11418.6,6133.3,7300.3,1623.8,8456.6,8973.3,1770.3,10964.7,12045.6,2848.0,25001.9,5936.3,8364.2,2046.5,6983.9,7711.3,5177.5,9335.7,8850.3,0.0,8496.5,557.3,11340.9,8278.1,10208.1,11316.9,10993.7,6535.8,3329.7,8868.1,3611.4,2182.5,8939.1,12434.5,6993.9,11964.4,3827.1,3147.7,12965.8,4311.9,2635.1,13412.2,15657.5,10373.7,12538.1,8338.4,11284.5,2820.6,8400.9,3179.6,7638.4,4166.2,3247.7,3030.9,8451.5,7623.1,3797.3,11193.3,11974.6,8936.5,7214.2,7876.1
41,326.3,1469.2,2771.7,1871.2,831.0,1556.2,876.9,702.5,4406.1,6658.0,2545.3,123.7,572.2,262.5,4590.7,7259.6,4454.9,2192.7,1096.3,3757.5,3428.9,5701.8,7269.3,1036.5,8049.4,11982.0,4700.1,1673.0,1483.0,5339.8,1845.5,1090.2,1810.7,6812.6,10296.1,1372.7,840.9,1621.2,2753.0,1239.7,1446.8,599.6,254.9,1057.6,791.6,758.4,2380.0,10373.3,1631.1,1602.5,8596.7,1987.8,1484.8,545.9,568.9,1268.9,733.9,804.5,3236.2,1471.2,3073.8,1455.9,2586.1,723.2,417.6,245.6,578.7,2588.3,1531.0,1140.5,518.2,484.1,319.4,389.3,2178.3,712.0,2764.0,1573.9,1420.2,1495.8,776.9,695.2,6253.6,10587.1,1367.0,10587.1,4315.1,437.1,10230.7,979.5,5882.7,1971.6,1138.8,10545.5,750.6,9875.0,10340.8,3687.0,10964.1,6768.3,11551.1,5296.1,9202.3,8064.1,3236.2,3687.2,3687.0,11551.1,6768.3,10322.3,8038.5,4656.3,3687.0,6023.7,5296.1,1537.7,3713.5,6023.7,8232.7,10948.6,10957.2,10913.0,874.1,6770.6,2034.7,749.4,1495.6,3316.6,12362.9,801.5,8596.7,8596.7,8018.5,9069.9,8350.1,8350.1,3371.8,3448.1,8015.7,11656.7,3713.5,2855.4,1185.0,2714.2,1199.4,1272.8,8413.2,5701.6,3687.0,10587.1,9202.3,1443.7,1399.6,910.6,686.1,878.9,531.3,1245.5,1284.1,1566.3,656.8,1451.1,4383.8,1793.6,565.7,970.1,1474.6,3664.3,2005.3,622.5,1012.0,706.8,464.1,1008.2,309.7,197.6,1272.9,1090.3,806.2,398.0,9566.0,1045.7,1461.4,197.6,1724.3,702.5,5009.8,1008.2,1078.1,254.9,1239.4,10911.0,1186.0,717.9,8953.9,2014.8,8874.1,3687.2,3480.9,5206.3,8173.4,7259.6,8064.1,7973.3,3212.3,12021.5,10890.1,30266.2,2921.6,1064.0,8439.3,1788.2,1239.7,3866.8,10249.2,774.8,8496.5,0.0,8082.0,5578.9,1347.5,9875.0,11309.9,3248.4,4656.3,7025.3,9613.0,11653.4,9402.0,9682.0,13332.2,9847.5,12149.7,5408.8,7635.5,4677.9,6155.8,7291.7,13710.0,16088.2,10921.2,12723.4,9558.0,12515.7,8600.6,1224.6,8917.0,906.0,6760.7,7802.8,9676.4,6641.2,1810.9,5440.4,3448.1,4680.9,8045.4,5724.7,6658.0
222,7806.8,7059.7,6198.1,7806.5,7979.0,7666.2,7925.6,7490.2,6019.1,7378.1,6061.4,8194.3,8102.3,8190.8,9943.0,7958.6,11001.8,8379.3,7950.7,4428.6,10816.6,3002.2,12901.6,7104.0,8437.3,11005.8,6081.4,8664.2,7043.6,10310.9,7765.1,7554.7,9883.7,8387.4,2419.0,7157.1,7247.2,9559.8,6279.2,7296.8,7846.0,8488.0,8143.3,7103.5,7323.5,8067.5,7366.7,10244.4,9630.4,9584.2,3380.0,6974.4,8872.6,8037.2,8040.1,6894.6,7773.2,7470.7,8945.0,9445.8,5162.7,7785.2,6057.3,7814.5,8306.0,8134.0,7625.1,7514.4,9604.0,7904.1,7987.7,8176.4,8276.6,7730.0,10205.5,7845.0,6231.0,9573.1,7790.9,7215.7,7974.2,7803.3,4383.6,10458.6,7392.4,10458.6,4438.2,8023.8,6999.3,9033.8,11741.3,7049.8,8077.7,9191.3,7858.7,9705.0,10227.5,5098.7,3087.1,6114.0,10688.4,6727.2,12791.4,8470.1,8945.0,11004.1,5098.7,10688.4,6114.0,10216.1,13157.1,6037.7,5098.7,13578.4,6727.2,8925.4,5234.7,13578.4,243.2,3071.5,3080.2,3035.9,8311.0,7469.6,7132.9,8078.7,8683.8,10647.4,11807.7,8020.5,3380.0,3380.0,1343.0,12381.6,8342.7,8342.7,10702.6,10778.9,1233.7,9619.4,5234.7,5711.6,7946.8,6009.4,7887.2,8657.6,474.0,6477.0,5098.7,10458.6,12791.4,6721.7,7839.8,7900.2,7877.7,7945.0,8105.0,6910.3,9357.0,6970.1,7597.8,7841.7,3872.9,7742.5,8454.2,7623.4,8662.9,5185.4,8136.8,8144.6,7088.2,7554.3,8070.8,7074.2,8198.1,8086.0,6974.1,7553.7,8063.7,7823.1,9395.9,8466.0,7901.0,8086.0,9069.3,7490.2,6372.1,7756.0,7881.2,8143.3,8764.1,9716.3,7947.8,8088.9,2634.7,7001.5,12445.8,11004.1,5635.3,6802.2,1080.5,7958.6,8470.1,1248.8,10550.2,11542.4,2900.6,24569.4,5830.2,7949.7,1503.3,6569.4,7296.8,4763.0,8832.5,8435.8,557.3,8082.0,0.0,10842.9,7863.6,9705.0,10813.7,10579.2,6037.7,2831.6,8364.9,3663.9,1774.3,8436.0,11931.3,6490.8,11461.3,3329.1,2644.5,12551.3,3813.8,2137.1,12909.1,15154.4,9870.5,12035.0,7835.3,10781.3,2277.3,7986.4,2636.3,7223.9,3668.2,2744.6,2622.7,7953.4,7208.6,3299.2,10778.9,11560.1,8433.3,6716.2,7378.1
223,5529.9,4695.5,6182.8,3708.9,4757.8,4034.0,4732.1,5224.8,4956.4,5289.4,5956.4,5658.3,5053.6,5398.7,1123.5,5951.8,3146.1,3713.9,4617.1,7168.6,4870.2,8907.4,2301.2,5065.5,4826.9,8511.2,5095.9,4363.3,4758.4,532.7,3744.9,4817.4,6618.2,5724.6,12526.6,4740.8,5280.9,5899.5,6164.1,4801.9,4213.8,5603.5,5341.8,5032.1,5274.3,5015.0,4112.1,6902.5,6011.4,5923.9,9581.2,4527.6,4855.6,5063.8,5086.7,4972.4,5277.4,5131.9,2499.9,5837.9,6225.8,4153.1,5997.2,5275.1,5448.6,5334.0,5359.6,4029.2,6338.4,4438.5,5194.9,5127.7,5598.8,5534.1,6513.0,5242.0,6175.1,5963.7,4158.7,4598.8,4931.5,5290.1,6773.4,7116.3,4594.0,7116.3,6791.9,5268.9,10010.9,6274.5,2307.9,4318.9,4573.0,7442.9,5233.2,6430.6,6869.9,5893.3,13194.7,5618.1,8080.3,4307.7,3623.4,6632.9,2499.9,3943.8,5893.3,8080.3,5618.1,6851.5,2459.6,5050.9,5893.3,6031.4,4307.7,4778.6,5997.6,6031.4,11067.8,13179.1,13187.7,13143.5,5033.4,5464.6,4233.3,4857.5,4656.6,4260.3,8414.4,4799.3,9581.2,9581.2,9777.4,3491.0,5077.2,5077.2,4219.5,4240.4,9774.5,8712.2,5997.6,6266.5,4393.9,5834.3,4453.4,5007.0,11257.5,4572.0,5893.3,7116.3,3623.4,4961.1,4207.6,4761.0,5231.6,4782.7,5069.9,4996.9,6118.6,4731.6,5332.3,4209.5,7589.4,3799.6,5597.9,4994.3,4587.4,5948.3,3835.8,5004.4,5169.6,5288.8,5186.5,5142.9,5339.7,5382.6,4977.0,4820.1,4842.5,5430.9,6121.6,5158.3,4268.8,5382.6,4749.1,5224.8,4881.7,4789.9,4671.0,5341.8,5296.1,7808.3,4392.9,4967.2,9976.2,4425.8,3295.2,3943.8,5593.9,4133.9,10071.0,5951.8,6632.9,9732.2,4351.6,8160.7,13725.2,26795.4,6041.7,4642.0,10006.3,4826.6,4801.9,7277.9,7146.6,5293.2,11340.9,5578.9,10842.9,0.0,4231.4,6430.6,7839.0,4335.0,5050.9,8042.3,6510.3,14133.0,10849.4,6579.4,9861.4,9627.6,8678.9,7761.9,8629.0,6588.9,7121.4,8862.7,10239.2,12259.1,7818.6,8708.5,6690.5,9044.9,9730.4,4355.7,9866.4,5195.9,7701.9,8787.4,10800.4,5553.1,4479.6,7753.6,4240.4,3281.6,6621.9,4356.1,5289.4
224,1298.5,1138.4,2758.7,523.8,526.4,208.7,500.7,1102.1,4130.7,5030.0,2532.3,1426.9,822.3,1167.3,3243.2,5692.4,3397.9,1102.2,385.7,3744.5,3053.7,5483.3,5921.8,1233.2,6421.3,10354.0,4424.7,719.5,1201.4,3992.3,498.0,694.8,2872.8,5465.1,10379.5,1117.0,1289.6,2200.2,2740.1,814.9,99.3,1372.1,1110.5,1199.9,1205.7,783.6,1903.8,8745.3,2312.2,2224.6,8321.3,1458.9,1232.5,832.4,855.4,1214.2,1046.0,1009.2,1888.7,2138.7,2801.7,108.4,2573.1,1043.7,1217.2,1102.6,1207.1,1240.8,2593.1,207.1,963.5,896.3,1367.4,1374.8,2896.9,1010.6,2751.1,2264.5,72.7,996.0,700.1,1058.7,5978.2,8959.1,761.7,8959.1,4024.2,1037.5,9955.3,2043.1,4535.2,841.4,341.6,8978.3,1001.9,8247.0,8712.7,3411.6,11047.6,5358.6,9923.1,4048.3,7854.8,6373.5,1888.7,3095.1,3411.6,9923.1,5358.6,8694.2,6691.0,4380.9,3411.6,5715.3,4048.3,1186.4,3438.1,5715.3,8014.3,11032.0,11040.6,10996.4,802.0,5205.2,755.9,626.1,888.6,2738.4,10734.9,567.9,8321.3,8321.3,7743.1,7722.4,6722.1,6722.1,2793.6,2869.8,7740.3,10247.6,3438.1,2842.4,162.6,2410.3,222.1,987.2,8194.7,4312.6,3411.6,8959.1,7854.8,1405.6,52.1,529.6,1000.2,551.3,838.5,1205.6,2313.6,1200.2,1209.7,103.6,4165.3,446.1,1366.5,871.6,840.8,3388.8,693.1,773.0,1337.3,1166.2,955.2,1310.7,1108.3,1151.2,1146.7,697.4,611.1,1199.5,7937.9,927.0,113.9,1151.2,1212.2,1102.1,4734.4,558.5,439.6,1110.5,1225.1,9343.8,161.6,735.8,8678.5,1505.1,7526.6,3095.1,3205.4,3874.4,8019.4,5692.4,6373.5,7697.9,2649.3,10393.5,10671.6,28638.2,2617.7,410.6,8163.9,1554.8,814.9,3853.8,8682.0,1061.8,8278.1,1347.5,7863.6,4231.4,0.0,8247.0,9681.8,2670.2,4380.9,6749.9,8045.7,11435.0,9248.0,8114.8,11704.1,9572.1,10521.6,5127.0,7360.1,4883.8,5880.4,7016.3,12082.0,14460.1,9354.0,11095.4,8075.8,10887.7,8325.1,124.3,8641.6,1267.5,6485.3,7527.4,9400.9,5293.7,1002.2,5158.7,2869.8,4071.7,6362.5,4096.6,5030.0
175,9599.8,8614.0,8163.2,7724.4,8773.3,8049.6,8747.7,9283.2,5589.6,3217.0,7936.8,9987.3,9069.2,9414.2,7606.6,2641.2,8956.1,7774.9,8632.6,8329.5,9661.7,9322.0,7279.5,8897.0,2020.2,2148.6,5593.4,8424.3,8663.1,7974.5,7760.5,8784.3,10679.2,3512.3,10995.8,8717.4,9040.1,9960.5,8144.6,9089.8,8229.4,9619.1,9357.4,8896.5,9116.5,9030.5,7485.8,539.4,10072.4,9984.9,7867.5,7901.4,8916.6,9079.4,9102.3,8687.6,9566.1,9263.7,6801.1,9898.9,7512.8,8168.6,7977.6,9607.5,9464.1,9349.6,9418.1,7788.3,10399.5,8454.1,9210.4,9143.3,9614.3,9523.0,10574.0,9257.6,8155.6,10024.7,8174.3,8565.7,8947.0,9596.3,6334.1,753.7,8560.9,753.7,7425.1,9284.5,4680.5,10290.1,9404.8,8285.8,8588.6,1531.7,9248.8,0.0,522.5,6509.6,11663.8,4568.8,1717.6,4629.6,5957.9,2231.6,6801.1,9258.7,6509.6,1717.6,4568.8,511.1,5202.0,5548.5,6509.6,12002.6,4629.6,8839.6,6645.6,12002.6,9929.9,11648.3,11656.9,11612.7,9049.0,3204.2,8200.2,8873.1,8717.6,9379.1,2529.5,8814.9,7867.5,7867.5,8485.9,5548.0,1535.7,1535.7,9338.3,9359.3,8556.2,2653.3,6645.6,8135.0,8409.5,7290.8,8469.0,9068.0,10124.8,4244.9,6509.6,753.7,5957.9,8514.6,8223.1,8776.6,9247.1,8798.2,9085.5,8703.2,10179.6,8519.0,9390.8,8225.1,8642.4,7815.1,9613.5,8961.2,8648.4,6596.4,7896.8,9020.0,8881.2,9347.2,9202.1,8867.2,9355.2,9398.2,8767.0,8787.0,8858.0,9616.1,362.1,9173.9,8284.3,9398.2,8810.1,9283.2,5379.2,8805.4,8686.5,9357.4,9357.1,1680.7,8408.5,8982.8,8262.5,7799.5,5612.2,9258.7,6400.8,4720.0,8760.7,2641.2,2231.6,8523.5,9257.2,2188.1,12587.3,20432.8,7071.7,8657.5,8453.3,8305.4,9089.8,8814.0,1246.5,9308.8,10208.1,9875.0,9705.0,6430.6,8247.0,0.0,1476.4,9278.1,5548.5,7302.1,1348.5,12602.2,9203.2,1251.1,3498.7,5377.0,2316.2,7755.9,7749.4,11578.9,6682.1,8077.2,3876.6,6254.7,1612.2,2889.9,1894.5,2682.2,8177.4,8371.3,8152.7,9016.8,6641.3,7039.6,9154.2,3270.8,8446.5,7721.2,9359.3,9514.4,2172.4,4150.3,3217.0
162,11034.6,10048.8,9598.1,9159.3,10208.2,9484.4,10182.5,10718.1,7024.5,4651.8,9371.7,11422.1,10504.1,10849.1,9041.4,4076.0,10391.0,9209.8,10067.5,9764.4,11096.5,10756.8,8688.0,10331.9,3455.0,902.7,7028.2,9859.2,10098.0,9409.3,9195.3,10219.1,12114.0,4911.2,12104.5,10152.2,10475.0,11395.3,9579.4,10524.6,9664.2,11053.9,10792.3,10331.3,10551.4,10465.4,8920.6,1009.9,11507.2,11419.7,8976.3,9336.2,10351.4,10514.2,10537.2,10122.4,11001.0,10698.5,8236.0,11333.8,8947.7,9603.5,9412.5,11042.4,10899.0,10784.4,10852.9,9223.2,11834.3,9888.9,10645.3,10578.1,11049.2,10957.8,12008.8,10692.4,9590.4,11459.6,9609.1,10000.6,10381.9,11031.1,7445.3,723.4,9995.8,723.4,8860.0,10719.3,5029.4,11724.9,10839.7,9720.6,10023.5,1769.9,10683.7,1476.4,983.3,7944.5,12772.6,6003.6,570.4,6064.4,7366.3,3666.4,8236.0,10693.6,7944.5,570.4,6003.6,1000.9,6610.4,6983.3,7944.5,13437.5,6064.4,10274.4,8080.4,13437.5,11038.6,12757.0,12765.6,12721.4,10483.9,4639.0,9635.1,10307.9,10152.4,10814.0,1062.8,10249.7,8976.3,8976.3,9594.7,6956.5,3012.1,3012.1,10773.2,10794.1,9664.9,2212.1,8080.4,9569.8,9844.4,8725.6,9903.9,10502.8,11233.5,5679.7,7944.5,723.4,7366.3,9949.5,9658.0,10211.4,10682.0,10233.1,10520.3,10138.1,11614.4,9953.8,10825.6,9659.9,10077.3,9250.0,11048.3,10396.0,10083.2,8031.2,9331.7,10454.9,10316.0,10782.1,10637.0,10302.1,10790.1,10833.0,10201.9,10221.8,10292.9,11051.0,1838.5,10608.8,9719.2,10833.0,10245.0,10718.1,6814.1,10240.3,10121.4,10792.3,10792.0,1278.4,9843.4,10417.6,9371.2,9234.3,7020.7,10693.6,7835.6,6154.9,9869.5,4076.0,3666.4,9632.2,10692.1,751.0,13696.0,19050.0,8506.5,10092.4,9562.0,9740.2,10524.6,10248.8,2097.8,10743.6,11316.9,11309.9,10813.7,7839.0,9681.8,1476.4,0.0,10713.0,6983.3,8410.9,2504.5,13710.9,10311.9,2393.1,2310.1,5725.9,901.8,8867.0,8858.1,13013.8,7793.2,9185.9,2493.8,4871.9,1210.0,1435.6,3036.5,1566.5,9286.1,9806.1,9261.4,10451.7,7750.0,8148.3,10262.9,4705.7,9881.4,8832.3,10794.1,10949.3,3607.3,5585.2,4651.8
204,3215.9,3611.1,5268.9,2858.1,2738.5,2721.1,2766.7,3302.1,5728.1,6061.2,5042.4,3327.8,2720.6,3059.9,3404.9,6723.5,1688.1,2339.1,2642.6,6254.6,599.7,8198.9,4638.0,3705.9,7452.5,11385.2,5867.6,1997.6,3674.1,4154.0,2894.1,3167.4,2837.2,6496.3,12910.6,3589.6,3623.3,2462.2,5250.2,3287.6,2768.1,3012.5,3003.0,3672.6,3528.8,2976.6,4239.7,9776.5,2531.0,2466.3,10353.0,3990.0,1821.4,2749.9,2772.8,3686.9,3188.4,3410.0,2703.8,2617.4,5332.9,2682.7,5083.3,3167.5,3098.9,3019.4,3178.3,3528.8,2839.2,2716.4,2880.9,2788.9,3268.3,3292.3,2662.3,3042.1,5261.2,2682.5,2718.4,3468.7,2920.3,3149.7,7545.2,9990.3,3234.4,9990.3,6555.3,2954.9,10782.6,3242.6,3172.7,3372.6,2551.7,10009.5,3078.1,9278.1,9743.9,5942.7,13578.7,6389.8,10954.2,5079.5,7958.4,7404.7,2703.8,558.8,5942.7,10954.2,6389.8,9725.4,6794.6,5822.7,5942.7,3043.0,5079.5,1744.3,5969.2,3043.0,10729.9,13563.1,13571.8,13527.5,2414.0,6236.4,3287.0,2750.6,1956.4,133.5,11766.1,2733.6,10353.0,10353.0,10274.2,7825.9,7753.3,7753.3,189.3,220.6,10271.4,11278.8,5969.2,5352.6,2729.6,4941.4,2743.9,2072.8,10910.3,5343.7,5942.7,9990.3,7958.4,3878.3,2720.9,2800.5,2937.0,2783.6,2756.0,3678.3,2998.2,3672.9,3256.3,2769.2,6880.9,2883.7,3040.8,3344.3,2000.2,5920.0,2519.8,2688.0,3774.6,3306.4,2872.6,3770.8,3000.9,3050.8,3619.4,3170.1,2626.4,3116.9,8969.1,2423.8,2782.7,3050.8,1629.3,3302.1,5653.4,2934.0,2861.0,3003.0,2277.9,10374.9,2730.5,2862.2,10747.9,4036.3,7630.2,558.8,5736.6,4905.6,10550.5,6723.5,7404.7,10229.0,107.5,11424.7,13387.2,29669.4,5148.8,2672.6,10695.0,4085.9,3287.6,6364.0,9713.2,2732.3,10993.7,3248.4,10579.2,4335.0,2670.2,9278.1,10713.0,0.0,5822.7,8814.1,9076.9,14150.6,11779.2,9146.0,12735.3,10399.4,11552.8,7658.2,9400.8,2532.1,7893.2,9547.4,13113.2,15491.3,10385.2,12126.5,9106.9,11918.8,10502.1,2740.5,10638.1,3634.5,8473.6,9559.1,11572.1,6324.8,3533.3,7689.8,220.6,1552.5,7393.7,5127.8,6061.2
197,4381.1,3395.3,2944.6,4323.8,4553.3,4183.5,4500.0,4064.5,439.9,2331.5,2718.2,4768.6,4676.6,4765.1,4151.1,2925.6,5500.7,4319.4,4329.0,2945.5,6206.2,3934.9,7109.6,3678.3,3722.8,7655.5,286.6,4961.4,3444.5,4519.0,4282.5,4129.0,6458.0,3196.9,8009.9,3498.7,3821.5,6134.1,2925.9,3871.1,4363.4,5062.3,4717.6,3677.8,3897.8,4641.8,3730.8,6046.8,6204.7,6158.5,5073.5,3338.5,5251.0,4611.5,4614.4,3468.9,4347.5,4045.0,3345.7,6020.1,2128.8,4302.6,2759.0,4388.8,4880.3,4708.3,4199.4,4031.7,6178.3,4282.5,4562.0,4750.7,4850.9,4304.3,6779.8,4419.3,2936.9,6147.4,4308.2,3591.5,4548.5,4377.6,2550.4,6260.6,3802.8,6260.6,2041.1,4598.1,6178.3,5608.1,5949.4,3567.2,4456.1,6211.5,4433.0,5548.5,6014.2,997.8,8678.0,2034.7,7224.6,962.1,8529.0,3737.5,3345.7,5803.2,997.8,7224.6,2034.7,5995.8,7365.2,0.0,997.8,8547.2,962.1,5303.8,1133.8,8547.2,6262.6,8662.4,8671.0,8626.8,4719.5,2436.6,3650.2,4653.0,5062.2,5923.7,8036.4,4594.8,5073.5,5073.5,5260.7,8396.5,4023.6,4023.6,5882.9,5903.8,5257.9,7195.6,1133.8,2817.0,4325.1,2028.6,4265.5,5035.9,6452.4,1367.6,997.8,6260.6,8529.0,3296.0,4357.1,4474.5,4452.0,4519.3,4679.3,3484.6,5931.3,3300.3,4172.1,4359.0,3258.4,4259.8,5028.5,4197.7,5041.2,1084.5,4654.1,4718.9,3662.5,4128.6,4645.1,3648.6,4772.4,4660.3,3548.4,4128.0,4638.0,4397.5,5239.4,4844.4,4418.3,4660.3,5447.6,4064.5,376.1,4330.3,4455.5,4717.6,5142.5,6577.0,4326.1,4663.2,5468.5,3365.6,8200.8,5803.2,1301.8,917.1,5554.3,2925.6,3737.5,5215.5,5801.8,7695.0,8920.0,25939.7,1832.6,4328.1,5489.6,3086.7,3871.1,3430.0,5915.2,5010.1,6535.8,4656.3,6037.7,5050.9,4380.9,5548.5,6983.3,5822.7,0.0,3502.1,5279.0,9616.3,6338.4,5348.0,9005.7,5795.0,7823.2,2866.3,4112.3,8123.5,2632.7,4322.5,9383.5,11761.6,6587.2,8396.9,5096.9,8189.2,5213.6,4364.7,5358.7,3798.2,3237.6,4279.7,6289.4,2906.8,3541.9,2858.0,5903.8,6059.0,3718.9,1435.4,2331.5
220,6750.1,5764.3,5313.5,6692.8,6922.2,6552.5,6868.9,6433.5,3934.8,4577.6,5087.1,7137.6,7045.6,7134.1,7142.5,5158.1,8492.1,7265.6,6698.0,4143.2,9197.6,3340.8,10101.0,6047.3,5968.9,8603.0,3348.6,7330.3,5813.4,7510.4,6651.4,6498.0,8827.0,5586.9,4554.3,5867.7,6190.4,8503.1,5294.9,6240.1,6732.3,7431.3,7086.6,6046.8,6266.8,7010.7,6099.7,7841.6,8573.6,8527.5,1617.9,5707.5,7619.9,6980.5,6983.4,5837.9,6716.4,6414.0,6337.1,8389.0,4275.7,6671.6,5026.3,6757.8,7249.3,7077.3,6568.4,6400.6,8547.2,6651.4,6930.9,7119.6,7219.9,6673.3,9148.8,6788.3,5305.9,8516.4,6677.2,5960.5,6917.5,6746.6,1583.0,8055.8,6171.7,8055.8,3275.9,6967.1,4633.7,7977.1,8940.8,5936.1,6825.0,6788.5,6802.0,7302.1,7824.7,3432.7,5222.3,3313.5,8285.5,3926.7,11520.4,5983.6,6337.1,8794.7,3432.7,8285.5,3313.5,7813.2,10356.6,3502.1,3432.7,11538.6,3926.7,7672.8,3568.7,11538.6,3056.6,5206.8,5215.4,5171.2,7088.5,4669.1,6019.2,7022.0,7431.2,8915.1,9404.8,6963.8,1617.9,1617.9,1805.1,11387.9,5939.9,5939.9,8874.3,8895.2,1802.2,7216.6,3568.7,5023.1,6694.1,4399.6,6634.5,7404.9,3246.3,3676.5,3432.7,8055.8,11520.4,5664.9,6726.1,6843.4,6821.0,6888.3,7048.3,5853.5,8300.3,5669.2,6541.1,6728.0,3599.9,6628.8,7397.4,6566.7,7410.2,3519.5,7023.1,7087.9,6031.5,6497.5,7014.1,6017.5,7141.4,7029.3,5917.3,6497.0,7007.0,6766.4,6993.1,7213.4,6787.3,7029.3,7816.6,6433.5,3571.6,6699.2,6824.5,7086.6,7511.5,7313.5,6695.1,7032.1,2012.9,5734.5,11192.2,8794.7,3969.3,4001.7,2098.7,5158.1,5983.6,1759.8,8793.2,9139.6,5713.9,22766.7,4184.7,6697.0,2034.0,5455.7,6240.1,4490.0,6429.7,7379.1,3329.7,7025.3,2831.6,8042.3,6749.9,7302.1,8410.9,8814.1,3502.1,0.0,5962.1,6160.7,2882.8,6033.1,9528.5,4125.2,9058.4,2315.8,656.7,11298.6,1013.3,866.9,10506.2,12751.5,7467.7,9632.1,5432.4,8378.5,1758.0,6733.7,1903.1,6167.1,867.6,824.0,2833.8,5152.9,5910.9,2281.2,8895.2,9050.4,5964.9,3915.7,4577.6
234,9337.7,8351.9,7901.2,7523.2,8572.1,7848.4,8546.5,9021.1,5327.6,3015.8,7674.8,9725.2,8868.0,9213.0,7405.4,2353.4,8754.9,7573.7,8431.4,8067.4,9460.5,8329.3,7359.3,8634.9,1928.4,3017.4,5323.9,8223.1,8401.1,7773.3,7559.3,8583.1,10478.0,3379.4,9655.7,8455.3,8778.1,9759.3,7882.5,8827.7,8028.2,9417.9,9156.2,8634.4,8854.5,8829.3,7284.6,1888.0,9871.2,9783.6,6527.5,7700.2,8715.4,8878.2,8901.1,8425.5,9304.1,9001.6,6599.9,9697.7,7250.8,7967.4,7715.6,9345.5,9262.9,9148.4,9156.0,7587.1,10198.2,8252.9,9009.2,8942.1,9413.1,9260.9,10372.8,9376.0,7893.5,9823.5,7973.1,8548.1,8745.9,9334.2,4996.5,2102.2,8359.7,2102.2,7163.1,9083.2,3693.0,10088.9,9203.6,8084.6,8387.4,1042.1,9389.6,1348.5,1871.1,6240.1,10323.8,3540.8,2525.4,4360.1,6037.6,2139.8,6599.9,9057.5,6240.1,2525.4,3540.8,1859.6,5281.7,5279.0,6240.1,11801.4,4360.1,8638.4,6376.1,11801.4,8589.9,10308.2,10316.9,10272.6,8847.8,2922.1,7999.0,8671.9,8516.4,9177.9,3499.6,8613.7,6527.5,6527.5,7145.9,5627.8,1468.1,1468.1,9137.1,9158.1,7216.1,2312.2,6376.1,7872.9,8208.3,7028.7,8267.8,8866.8,8784.7,3975.4,6240.1,2102.2,6037.6,8252.6,8021.9,8575.4,9408.6,8597.0,8884.3,8441.2,9978.4,8256.9,9128.7,8023.9,8067.9,7613.9,9412.2,8760.0,8447.2,6326.8,7695.6,8818.8,8619.1,9085.2,9000.9,8605.2,9154.0,9197.0,8505.0,8585.8,8656.8,9354.1,1484.9,8972.7,8083.1,9197.0,8608.9,9021.1,5109.7,8604.2,8485.3,9156.2,9155.9,1408.3,8207.3,8781.6,6922.4,7598.3,5692.0,9057.5,6138.7,4518.8,7420.7,2353.4,2139.8,7183.5,9056.0,3233.2,11247.2,21392.9,6809.6,8456.4,7113.2,8043.3,8827.7,8551.9,742.1,9107.6,8868.1,9613.0,8364.9,6510.3,8045.7,1348.5,2504.5,9076.9,5279.0,5962.1,0.0,11262.1,7863.1,112.5,4258.4,4389.6,3276.4,6418.2,6409.4,11377.7,5344.5,6737.1,4836.8,7214.9,1562.4,3850.1,693.7,3246.4,6837.3,8170.1,6812.6,8754.8,5301.3,5699.6,7814.1,3074.3,8245.3,6383.5,9158.1,9313.2,2080.6,3949.1,3015.8
235,11378.2,10631.1,9769.5,11377.9,11550.4,11237.6,11497.1,11061.6,9604.1,10668.2,9632.8,11765.7,11673.7,11762.2,13233.2,11019.1,14582.8,11950.7,11522.1,8000.0,14388.0,6573.6,16191.7,10675.4,11334.5,13903.0,9462.7,12235.6,10615.0,13601.1,11336.5,11126.1,13455.1,11677.5,1616.8,10728.5,10818.6,13131.2,9850.6,10868.2,11417.4,12059.4,11714.8,10674.9,10894.9,11638.9,10938.1,13141.6,13201.8,13155.6,6074.5,10545.9,12444.0,11608.6,11611.5,10466.0,11344.6,11042.1,12427.7,13017.2,8734.1,11356.7,9628.7,11385.9,11877.4,11705.4,11196.5,11085.8,13175.4,11475.5,11559.1,11747.8,11848.0,11301.4,13776.9,11416.4,9802.4,13144.5,11362.3,10787.1,11545.6,11374.7,7673.7,13355.9,10963.8,13355.9,8023.2,11595.2,8943.6,12605.2,15031.5,10621.2,11649.1,12088.5,11430.1,12602.2,13124.7,8683.7,1467.0,9404.1,13585.6,10017.3,15688.6,11367.3,12427.7,14575.5,8683.7,13585.6,9404.1,13113.3,14932.7,9616.3,8683.7,17149.8,10017.3,12496.9,8819.7,17149.8,3420.8,1420.2,1397.6,1353.4,11882.4,10759.7,10704.3,11650.1,12255.2,14218.8,14704.9,11591.9,6074.5,6074.5,4437.9,15278.8,11240.0,11240.0,14274.0,14350.2,4479.8,12516.6,8819.7,9283.0,11518.2,9213.7,11458.6,12229.0,3662.5,9767.1,8683.7,13355.9,15688.6,10293.1,11411.2,11471.6,11449.1,11516.4,11676.4,10481.7,12928.4,10541.5,11169.2,11413.1,7444.3,11313.9,12025.6,11194.8,12234.3,8770.5,11708.2,11716.0,10659.6,11125.7,11642.2,10645.6,11769.5,11657.4,10545.5,11125.1,11635.1,11394.6,12293.1,12037.4,11472.4,11657.4,12640.7,11061.6,9685.8,11327.4,11452.6,11714.8,12335.5,12613.6,11519.2,11660.3,4654.1,10572.9,15343.0,14575.5,9220.3,10092.4,4098.9,11019.1,11367.3,4535.3,14121.6,14439.6,1855.6,25107.6,9415.2,11521.1,4264.7,10140.8,10868.2,8334.4,11729.7,12007.2,3611.4,11653.4,3663.9,14133.0,11435.0,12602.2,13710.9,14150.6,9616.3,6160.7,11262.1,0.0,3472.2,11333.2,14391.7,8275.9,14358.5,6914.1,5902.6,16122.7,7103.9,5454.6,15806.3,17645.9,12767.7,14932.2,10732.5,13289.4,4576.8,11557.8,4755.9,10795.3,6957.9,5752.9,3835.2,11243.6,10780.0,6884.2,14350.2,15141.0,11330.5,10006.3,10668.2
236,9126.8,8262.4,7649.7,9190.9,9299.0,9050.7,9245.7,8810.2,6771.1,7384.6,7399.7,9514.3,9422.3,9510.8,9949.6,7620.2,11299.2,9763.8,9196.2,5880.2,12062.1,4249.0,12908.1,8424.0,7935.5,10504.0,6184.9,9828.5,8363.6,10317.5,9149.6,8874.7,11203.7,8393.9,1865.8,8365.8,8567.2,10879.8,7617.6,8616.8,9230.5,9808.0,9463.4,8423.5,8643.5,9387.5,8597.9,9742.6,10950.4,10904.2,2675.5,8205.7,10118.1,9357.2,9360.1,8214.6,9093.2,8790.7,9144.1,10765.8,6404.1,9169.7,7395.7,9134.5,9626.0,9454.0,8945.1,8898.8,10924.0,9149.6,9307.7,9496.4,9596.6,9050.0,11525.5,9165.0,7573.3,10893.1,9175.4,8458.6,9294.2,9123.3,4390.1,9956.9,8712.4,9956.9,5285.3,9343.8,5847.1,10353.8,11747.9,8434.3,9323.2,8689.6,9178.7,9203.2,9725.7,5945.9,2533.8,6120.5,10186.6,6733.7,12289.6,7968.4,9144.1,11601.7,5945.9,10186.6,6120.5,9714.3,11533.8,6338.4,5945.9,14345.6,6733.7,10170.9,6081.8,14345.6,1868.3,2518.2,2526.9,2482.7,9631.0,7476.1,8517.3,9398.7,9929.3,11847.4,11305.9,9340.5,2675.5,2675.5,1654.0,11879.8,7841.0,7841.0,11902.6,11702.3,1703.1,9117.7,6081.8,7063.5,9192.3,6856.6,9132.7,9903.1,2099.1,6483.5,5945.9,9956.9,12289.6,8041.7,9224.2,9220.2,9197.7,9265.0,9425.0,8230.3,10677.0,8167.4,8917.8,9226.2,5324.5,9127.0,9774.2,8943.5,9908.4,6032.6,9521.3,9464.6,8408.2,8874.3,9390.8,8394.2,9518.1,9406.0,8294.1,8873.7,9383.7,9143.2,8894.2,9711.5,9285.4,9406.0,10314.8,8810.2,6407.9,9076.0,9201.2,9463.4,10009.6,9214.6,9193.3,9408.9,1216.5,8232.7,11944.0,11601.7,6482.4,6808.8,1315.0,7620.2,7968.4,1758.6,11758.3,11040.6,3633.1,23000.0,6677.4,9195.2,1477.2,7953.9,8616.8,6214.5,8330.8,9755.8,2182.5,9402.0,1774.3,10849.4,9248.0,9203.2,10311.9,11779.2,6338.4,2882.8,7863.1,3472.2,0.0,7934.2,11295.2,5179.4,10959.5,4176.2,2616.0,13796.8,3820.3,2446.9,12407.3,14549.4,9368.7,11533.2,7333.5,10192.9,1214.6,9231.9,1337.1,8543.9,3674.3,2353.9,848.8,7960.0,8409.1,4146.4,11702.3,11857.4,7931.5,6722.7,7384.6
237,9406.8,8421.0,7970.3,7592.3,8641.2,7917.4,8615.6,9090.2,5396.6,3084.8,7743.9,9794.3,8937.1,9282.1,7474.4,2422.5,8824.0,7642.8,8500.5,8136.5,9529.5,8400.4,7428.4,8704.0,1997.5,2904.9,5393.0,8292.2,8470.2,7842.3,7628.4,8652.2,10547.1,3448.5,9726.8,8524.4,8847.2,9828.4,7951.6,8896.8,8097.3,9487.0,9225.3,8703.5,8923.5,8898.4,7353.7,1790.5,9940.3,9852.7,6598.5,7769.2,8784.5,8947.3,8970.2,8494.6,9373.2,9070.7,6669.0,9766.8,7319.9,8036.5,7784.7,9414.5,9332.0,9217.5,9225.1,7656.2,10267.3,8322.0,9078.3,9011.1,9482.2,9330.0,10441.9,9445.0,7962.6,9892.6,8042.1,8617.2,8814.9,9403.3,5067.6,2004.8,8428.8,2004.8,7232.1,9152.3,3601.2,10158.0,9272.7,8153.7,8456.5,929.6,9458.7,1251.1,1773.7,6309.2,10394.9,3611.9,2412.9,4429.2,6106.7,2208.9,6669.0,9126.6,6309.2,2412.9,3611.9,1762.2,5350.8,5348.0,6309.2,11870.5,4429.2,8707.4,6445.1,11870.5,8660.9,10379.3,10387.9,10343.7,8916.9,2991.2,8068.1,8741.0,8585.5,9247.0,3387.1,8682.8,6598.5,6598.5,7216.9,5696.9,1537.2,1537.2,9206.2,9227.2,7287.2,2199.6,6445.1,7942.0,8277.4,7097.8,8336.9,8935.8,8855.8,4044.4,6309.2,2004.8,6106.7,8321.7,8091.0,8644.5,9477.7,8666.1,8953.4,8510.3,10047.5,8326.0,9197.8,8092.9,8139.0,7683.0,9481.3,8829.0,8516.2,6395.9,7764.7,8887.9,8688.2,9154.3,9070.0,8674.2,9223.1,9266.1,8574.0,8654.8,8725.9,9423.1,1402.5,9041.8,8152.2,9266.1,8678.0,9090.2,5178.8,8673.3,8554.4,9225.3,9225.0,1295.8,8276.4,8850.7,6993.5,7667.4,5761.0,9126.6,6207.8,4587.9,7491.7,2422.5,2208.9,7254.5,9125.1,3121.8,11318.3,21280.4,6878.7,8525.4,7184.3,8112.4,8896.8,8621.0,629.6,9176.7,8939.1,9682.0,8436.0,6579.4,8114.8,1251.1,2393.1,9146.0,5348.0,6033.1,112.5,11333.2,7934.2,0.0,4145.9,4297.7,3163.9,6489.3,6480.4,11446.8,5415.5,6808.2,4724.2,7102.3,1449.9,3737.6,675.6,3133.9,6908.4,8239.2,6883.7,8823.9,5372.3,5770.6,7885.2,3143.4,8314.4,6454.6,9227.2,9382.3,2149.7,4018.2,3084.8
238,13057.0,12071.2,11620.4,11181.6,12230.5,11506.8,12204.9,12740.4,9046.8,6674.2,11394.0,13444.5,12526.4,12871.5,11063.8,6098.4,12413.3,11232.1,12089.8,11786.7,13118.9,12051.9,10710.3,12354.2,5477.4,1742.7,9050.6,11881.5,12120.3,11431.7,11217.7,12241.5,14136.4,6933.6,13160.6,12174.5,12497.3,13417.7,11601.8,12547.0,11686.6,13076.3,12814.6,12353.6,12573.7,12487.7,10943.0,3032.2,13529.6,13442.0,10093.9,11358.6,12373.8,12536.6,12559.5,12144.8,13023.3,12720.9,10258.3,13356.1,10970.0,11625.8,11434.8,13064.7,12921.3,12806.8,12875.3,11245.5,13856.6,11911.3,12667.6,12600.5,13071.5,12980.2,14031.2,12714.8,11612.8,13481.9,11631.5,12022.9,12404.2,13053.5,8719.1,2745.7,12018.1,2745.7,10920.9,12741.6,5618.4,13747.3,12862.0,11743.0,12045.8,3408.8,12706.0,3498.7,3005.7,9966.8,13828.6,7263.4,1847.7,8086.8,9388.6,5688.8,10258.3,12715.9,9966.8,1847.7,7263.4,3023.2,8632.8,9005.7,9966.8,15459.8,8086.8,12296.8,10102.8,15459.8,12156.3,13813.1,13821.7,13777.5,12506.2,6661.4,11657.4,12330.3,12174.8,12836.3,2488.5,12272.1,10093.9,10093.9,10712.3,8978.8,5034.5,5034.5,12795.5,12816.5,10782.6,2341.3,10102.8,11592.2,11866.7,10748.0,11926.2,12525.2,12351.1,7702.1,9966.8,2745.7,9388.6,11971.8,11680.3,12233.8,12704.3,12255.4,12542.7,12160.4,13636.8,11976.1,12848.0,11682.3,11790.5,11272.4,13070.6,12418.4,12105.6,10053.5,11354.0,12477.2,12338.4,12804.4,12659.3,12324.4,12812.4,12855.4,12224.2,12244.1,12315.2,13073.3,3860.9,12631.1,11741.5,12855.4,12267.3,12740.4,8836.4,12262.6,12143.7,12814.6,12814.3,2867.0,11865.7,12440.0,10230.0,11256.7,9043.0,12715.9,9858.0,8177.2,10987.1,6098.4,5688.8,10749.9,12714.4,2802.1,14813.6,17470.1,10528.9,12114.8,10679.7,11762.6,12547.0,12271.1,3724.9,12766.0,12434.5,13332.2,11931.3,9861.4,11704.1,3498.7,2310.1,12735.3,9005.7,9528.5,4258.4,14391.7,11295.2,4145.9,0.0,6144.6,1840.2,10140.8,9975.8,15036.1,9067.0,10303.5,1205.0,3292.1,2779.7,2189.3,4439.9,1220.2,10403.7,11828.5,10296.3,12474.0,8867.7,9266.0,10740.0,6728.0,11903.7,10106.1,12816.5,12971.6,5629.6,7607.5,6674.2
239,9572.3,8586.5,8135.7,8845.7,9744.5,9374.7,9691.1,9255.7,6227.7,4885.8,7909.3,9959.8,9867.8,9956.2,8727.8,4966.4,10077.4,8896.1,9520.2,7074.1,10782.9,7157.9,11686.3,8869.5,5281.8,5950.9,5641.5,9545.6,8635.6,9095.7,8881.7,9320.2,11649.2,6088.1,7044.8,8689.9,9012.6,11325.3,8117.1,9062.3,9554.5,10253.5,9908.8,8869.0,9089.0,9832.9,8921.9,5729.0,11395.8,11349.6,4653.3,8529.7,10442.1,9802.7,9805.6,8660.1,9538.6,9236.2,7922.4,11211.2,7097.9,9493.8,7848.5,9580.0,10071.5,9899.5,9390.6,9222.8,11369.4,9473.6,9753.1,9941.8,10042.1,9495.5,11971.0,9610.5,8128.1,11338.6,9499.4,8782.7,9739.7,9568.8,3943.9,5422.3,8993.9,5422.3,6206.8,9789.3,696.5,10799.3,10526.1,8758.3,9647.2,4221.0,9624.2,5377.0,5683.1,6254.9,7712.8,4151.3,5493.4,5525.0,9635.9,5314.6,7922.4,10380.0,6254.9,5493.4,4151.3,5700.6,8880.0,5795.0,6254.9,13123.9,5525.0,10495.0,6390.9,13123.9,6715.7,7697.2,7705.9,7661.6,9910.6,4800.5,8841.4,9844.2,10253.4,10500.4,6606.1,9786.0,4653.3,4653.3,5271.7,9226.1,5187.3,5187.3,10459.6,10480.5,5342.0,4308.4,6390.9,7845.3,9516.3,7221.8,9456.7,10227.1,6910.6,5126.7,6254.9,5422.3,9635.9,8487.1,9548.3,9665.6,9643.1,9710.5,9870.5,8675.7,11122.5,8491.5,9363.3,9550.2,6896.5,9451.0,10219.6,9388.9,10232.4,6341.7,9018.1,9910.1,8853.7,9319.7,9836.2,8839.7,9963.6,9851.5,8739.5,9319.2,9829.2,9588.6,5528.4,10035.6,9609.5,9851.5,9931.4,9255.7,5491.0,9521.4,9646.7,9908.8,10333.7,4507.2,9517.3,9854.3,4114.1,8556.7,9290.3,10380.0,6705.4,5977.4,5546.5,4966.4,5314.6,5309.3,10378.5,6470.9,8812.1,19678.5,7006.9,9519.2,5239.1,8277.9,9062.3,7558.6,4213.4,10201.3,6993.9,9847.5,6490.8,9627.6,9572.1,5377.0,5725.9,10399.4,5795.0,4125.2,4389.6,8275.9,5179.4,4297.7,6144.6,0.0,6266.3,5246.8,4535.9,12700.2,3899.8,4900.2,7259.6,9398.8,4639.2,6840.0,4139.0,5042.3,4600.7,9555.9,4180.4,8989.3,3612.4,3826.1,4624.2,5637.1,8733.1,5212.1,10480.5,10635.7,5277.8,5356.4,4885.8
240,11874.5,10888.7,10437.9,9999.1,11048.0,10324.3,11022.4,11557.9,7864.3,5491.7,10211.5,12262.0,11343.9,11689.0,9881.2,4915.9,11230.9,10049.6,10907.4,10604.2,11936.4,11596.7,9527.8,11171.7,4294.9,637.2,7868.1,10699.0,10937.8,10249.2,10035.2,11059.0,12953.9,5751.1,12752.1,10992.0,11314.8,12235.2,10419.3,11364.5,10504.1,11893.8,11632.1,11171.1,11391.2,11305.2,9760.5,1849.7,12347.1,12259.5,9623.8,10176.1,11191.3,11354.1,11377.0,10962.3,11840.8,11538.4,9075.8,12173.6,9787.5,10443.3,10252.3,11882.2,11738.8,11624.3,11692.8,10063.0,12674.2,10728.8,11485.1,11418.0,11889.0,11797.7,12848.7,11532.3,10430.3,12299.4,10449.0,10840.5,11221.8,11871.0,8216.0,1563.2,10835.6,1563.2,9699.8,11559.1,5569.7,12564.8,11679.5,10560.5,10863.3,2426.9,11523.5,2316.2,1823.2,8784.3,13420.1,6843.5,891.1,6904.3,8206.1,4506.3,9075.8,11533.4,8784.3,891.1,6843.5,1840.7,7450.3,7823.2,8784.3,14277.3,6904.3,11114.3,8920.3,14277.3,11686.2,13404.6,13413.2,13369.0,11323.7,5478.9,10474.9,11147.8,10992.3,11653.8,654.0,11089.6,9623.8,9623.8,10242.2,7796.3,3852.0,3852.0,11613.0,11634.0,10312.5,2454.9,8920.3,10409.7,10684.2,9565.5,10743.7,11342.7,11881.1,6519.6,8784.3,1563.2,8206.1,10789.3,10497.8,11051.3,11521.8,11073.0,11360.2,10977.9,12454.3,10793.6,11665.5,10499.8,10917.1,10089.9,11888.1,11235.9,10923.1,8871.0,10171.5,11294.7,11155.9,11621.9,11476.8,11141.9,11629.9,11672.9,11041.7,11061.7,11132.7,11890.8,2678.4,11448.6,10559.0,11672.9,11084.8,11557.9,7653.9,11080.1,10961.2,11632.1,11631.8,1935.3,10683.2,11257.5,10018.8,10074.2,7860.5,11533.4,8675.5,6994.7,10517.0,4915.9,4506.3,10279.8,11531.9,962.0,14343.6,18350.1,9346.4,10932.2,10209.6,10580.1,11364.5,11088.6,2846.7,11583.5,11964.4,12149.7,11461.3,8678.9,10521.6,2316.2,901.8,11552.8,7823.2,9058.4,3276.4,14358.5,10959.5,3163.9,1840.2,6266.3,0.0,9637.8,9505.7,13853.6,8564.0,9833.5,1793.9,4172.1,1866.9,598.0,3807.2,1646.7,9933.7,10646.0,9909.0,11291.5,8397.6,8795.9,10896.9,5545.5,10721.2,9603.1,11634.0,11789.1,4447.1,6425.0,5491.7
241,5133.6,4141.4,3571.7,5069.9,5305.7,4929.7,5252.4,4817.0,2847.7,4730.4,3406.5,5521.1,5429.1,5517.5,6862.1,5310.9,8265.3,5642.8,5075.1,1981.9,7941.1,2028.2,9820.6,4430.8,6121.8,9215.3,2910.1,5707.5,4190.6,7230.0,5028.6,4881.5,7210.4,5739.7,5307.7,4244.8,4573.9,6886.6,3624.3,4623.5,5109.5,5814.7,5470.1,4430.2,4650.3,5394.2,4476.9,8295.3,6957.1,6910.9,3889.5,4084.7,5997.1,5363.9,5366.9,4221.4,5099.9,4797.4,6208.4,6772.5,2410.8,5048.7,3402.4,5141.3,5632.8,5460.7,4951.9,4777.8,6930.7,5028.6,5314.4,5503.1,5603.4,5056.8,7532.3,5171.8,3580.0,6899.9,5054.4,4337.6,5300.9,5130.1,1735.9,8509.5,4548.9,8509.5,1114.7,5350.5,5630.0,6360.6,8660.4,4313.3,5202.2,7244.6,5185.5,7755.9,8278.4,1927.3,5975.8,3466.3,8858.2,3791.8,11240.0,6136.4,6208.4,8083.1,1927.3,8858.2,3466.3,8271.1,10076.2,2866.3,1927.3,10703.3,3791.8,6049.9,2063.3,10703.3,3554.0,5960.2,5968.8,5924.6,5465.6,4821.9,4396.3,5405.5,5808.3,7726.4,9861.0,5347.2,3889.5,3889.5,2671.3,11107.5,6236.4,6236.4,7781.6,7857.8,2668.4,7987.3,2063.3,3070.3,5071.3,2716.8,5011.7,5782.1,3743.8,3829.3,1927.3,8509.5,11240.0,4048.4,5103.2,5226.9,5204.4,5271.8,5431.8,4237.0,6683.8,4046.4,4924.6,5105.2,1766.9,5005.9,5780.9,4950.2,5787.3,2014.1,5400.3,5471.4,4415.0,4881.0,5397.5,4401.0,5524.9,5412.8,4300.8,4880.5,5390.5,5149.9,7446.8,5590.5,5164.4,5412.8,6193.8,4817.0,3219.8,5082.7,5208.0,5470.1,5888.6,7769.6,5072.2,5415.6,3606.6,4111.7,10911.7,8083.1,2463.9,3710.6,2947.6,5310.9,6136.4,2626.1,7637.2,9595.7,6211.4,24612.0,2537.6,5074.2,3092.1,3832.8,4623.5,2466.4,6885.8,5762.6,3827.1,5408.8,3329.1,7761.9,5127.0,7755.9,8867.0,7658.2,2866.3,2315.8,6418.2,6914.1,4176.2,6489.3,10140.8,5246.8,9637.8,0.0,2755.8,9675.8,1446.3,1944.4,11118.5,13363.8,7923.8,10211.5,5888.6,9128.9,3253.3,5110.9,3569.8,4550.6,2051.3,2956.8,4329.1,5305.8,4288.1,54.6,7857.8,8823.5,6117.8,4068.5,4730.4
262,7360.3,6374.5,5923.7,7303.0,7532.4,7162.7,7479.1,7043.7,4545.0,5164.3,5697.3,7747.8,7655.8,7744.2,7729.2,5744.8,9078.8,7875.8,7308.2,4574.3,9784.3,3638.6,10687.8,6657.5,6481.7,9050.2,3958.8,7940.5,6423.6,8097.1,7261.6,7108.2,9437.2,6173.6,4296.3,6477.9,6800.6,9113.3,5905.1,6850.3,7342.5,8041.5,7696.8,6657.0,6877.0,7620.9,6709.9,8288.8,9183.8,9137.7,1516.5,6317.7,8230.1,7590.7,7593.6,6448.1,7326.6,7024.2,6923.8,8999.3,4885.9,7281.8,5636.5,7368.0,7859.5,7687.5,7178.6,7010.9,9157.4,7261.6,7541.1,7729.9,7830.1,7283.5,9759.0,7398.5,5916.1,9126.6,7287.4,6570.7,7527.7,7356.8,2169.7,8503.1,6781.9,8503.1,3864.8,7577.3,5044.5,8587.3,9527.5,6546.3,7435.2,7235.8,7412.2,7749.4,8272.0,4042.9,4964.3,3900.2,8732.8,4513.4,12107.1,6514.6,6923.8,9381.4,4042.9,8732.8,3900.2,8260.5,10943.3,4112.3,4042.9,12125.3,4513.4,8283.0,4178.9,12125.3,2869.5,4948.8,4957.4,4913.2,7698.7,5255.8,6629.4,7632.2,8041.4,9501.8,9852.1,7574.0,1516.5,1516.5,1547.1,10426.0,6387.2,6387.2,9461.0,9482.0,1544.2,7663.9,4178.9,5633.3,7304.3,5009.8,7244.7,8015.1,3064.3,4263.2,4042.9,8503.1,12107.1,6275.1,7336.3,7453.6,7431.2,7498.5,7658.5,6463.8,8910.5,6279.5,7151.3,7338.2,4018.6,7239.0,8007.6,7176.9,8020.4,4129.7,7633.3,7698.1,6641.7,7107.7,7624.3,6627.7,7751.6,7639.5,6527.5,7107.2,7617.2,7376.6,7440.4,7823.6,7397.5,7639.5,8426.8,7043.7,4181.8,7309.4,7434.7,7696.8,8121.7,7760.8,7305.3,7642.3,1844.5,6344.7,11778.9,9381.4,4579.5,4588.4,1840.7,5744.8,6514.6,1501.8,9379.9,9586.9,5526.8,23177.5,4794.9,7307.2,1767.2,6065.9,6850.3,4908.7,6877.0,7989.3,3147.7,7635.5,2644.5,8629.0,7360.1,7749.4,8858.1,9400.8,4112.3,656.7,6409.4,5902.6,2616.0,6480.4,9975.8,4535.9,9505.7,2755.8,0.0,11908.9,1600.0,874.4,10953.5,13198.8,7914.9,10079.4,5879.7,8825.8,1491.2,7343.9,1807.6,6777.3,1454.0,722.6,2567.0,5739.6,6521.1,2725.9,9482.0,9637.1,6477.7,4502.4,5164.3
242,4915.6,5583.3,7241.0,5109.1,4635.4,4934.7,4677.6,5121.2,8029.0,8362.0,7014.6,4554.3,4509.5,4531.8,5673.0,9024.3,3796.7,4590.2,4663.4,8226.8,2048.1,10171.1,6362.5,5529.9,9753.3,13686.0,8168.4,4221.9,5646.2,6422.1,5145.1,5139.6,2947.5,8797.1,14765.4,5561.8,5442.4,3073.9,7222.3,5259.8,4981.7,4198.1,4530.4,5513.5,5347.9,4795.7,6490.8,12077.3,3142.7,3078.0,12870.0,6203.6,3930.9,4569.0,4591.9,5659.0,5007.5,5238.0,5004.6,3229.1,7350.5,4896.3,7055.4,4986.6,4372.3,4554.0,4997.4,5779.8,3245.0,4778.2,4700.1,4535.8,4433.1,4991.9,3009.3,4861.2,7233.3,3294.2,4932.1,5440.8,4800.0,4968.9,9846.0,12291.1,5206.6,12291.1,8573.0,4623.6,13083.4,3901.9,5085.6,5586.2,4613.5,12310.3,4897.2,11578.9,12044.7,7960.4,15433.4,8690.6,13255.0,7380.3,9898.0,9705.5,5004.6,2820.4,7960.4,13255.0,8690.6,12026.2,8734.1,8123.5,7960.4,1801.3,7380.3,3874.8,7986.8,1801.3,12702.0,15417.9,15426.5,15382.3,4287.8,8537.2,5500.6,4640.2,4144.8,2541.4,14066.9,4630.5,12870.0,12870.0,12291.9,9765.5,10054.1,10054.1,2485.7,2390.2,12289.0,13579.6,7986.8,7324.7,4791.4,6959.1,4805.7,4035.1,12882.5,7644.6,7960.4,12291.1,9898.0,5850.5,4934.5,4711.4,4756.1,4693.5,4564.1,5650.4,3521.7,5645.1,5075.5,4982.9,8853.1,5097.3,4231.1,5268.5,4186.5,7937.6,4768.9,4556.1,5593.8,5125.5,4650.6,5589.9,4466.6,4578.2,5591.5,5142.2,4537.3,4881.2,11269.9,4159.2,4996.3,4578.2,3756.0,5121.2,7954.2,4844.9,4833.1,4530.4,3983.8,12675.8,4792.3,4727.3,13227.2,6249.9,9569.7,2820.4,7754.2,7206.4,12568.1,9024.3,9705.5,12246.6,2493.1,13725.5,15359.4,31970.2,7166.5,4631.1,12712.6,6103.5,5259.8,8336.1,12014.0,4181.2,12965.8,4677.9,12551.3,6588.9,4883.8,11578.9,13013.8,2532.1,8123.5,11298.6,11377.7,16122.7,13796.8,11446.8,15036.1,12700.2,13853.6,9675.8,11908.9,0.0,10429.2,11565.0,15414.0,17792.1,12686.0,14427.4,11407.8,14219.6,12873.9,4830.9,13190.3,5453.6,11034.1,12076.2,13949.7,8625.7,5731.2,9707.5,2390.2,3367.8,9694.5,7428.6,8362.0
243,5880.6,4894.8,4444.1,5823.3,6052.8,5683.0,5999.4,5564.0,3065.3,3656.7,4217.6,6268.1,6176.1,6264.6,6221.6,4237.2,7571.2,6396.1,5828.5,3273.7,8276.7,3357.4,9180.1,5177.8,5048.0,8141.5,2479.1,6460.9,4944.0,6589.5,5781.9,5628.5,7957.5,4666.0,5497.6,4998.2,5321.0,7633.6,4425.4,5370.6,5862.8,6561.8,6217.1,5177.3,5397.3,6141.3,5230.2,7221.5,7704.1,7658.0,2552.2,4838.0,6750.4,6111.0,6113.9,4968.4,5847.0,5544.5,5416.2,7519.6,3406.3,5802.1,4156.8,5888.3,6379.8,6207.8,5698.9,5531.2,7677.7,5782.0,6061.5,6250.2,6350.4,5803.8,8279.3,5918.8,4436.4,7646.9,5807.7,5091.0,6048.0,5877.1,662.1,7435.8,5302.2,7435.8,2406.4,6097.6,4283.1,7107.6,8019.9,5066.6,5955.6,6170.9,5932.5,6682.1,7204.6,2563.3,6165.6,2392.6,7784.5,3005.8,10599.5,5062.7,5416.2,7873.7,2563.3,7784.5,2392.6,7197.4,9435.7,2632.7,2563.3,10617.7,3005.8,6803.3,2699.2,10617.7,4038.8,6150.0,6158.7,6114.4,6219.0,3748.2,5149.7,6152.5,6561.7,7994.2,8787.2,6094.3,2552.2,2552.2,2748.4,10467.0,5162.6,5162.6,7953.4,7974.3,2745.5,6913.5,2699.2,4153.6,5824.6,3530.2,5765.0,6535.4,4228.5,2755.5,2563.3,7435.8,10599.5,4795.5,5856.6,5973.9,5951.5,6018.8,6178.8,4984.1,7430.8,4799.8,5671.6,5858.5,3096.1,5759.3,6527.9,5697.2,6540.7,2650.0,6153.6,6218.4,5162.0,5628.1,6144.6,5148.0,6271.9,6159.8,5047.8,5627.5,6137.5,5896.9,6373.1,6343.9,5917.8,6159.8,6947.1,5564.0,2702.1,5829.8,5955.0,6217.1,6642.0,6695.9,5825.6,6162.6,2947.1,4865.1,10271.2,7873.7,3099.8,3080.8,3042.0,4237.2,5062.7,2703.1,7872.2,8522.0,6696.1,23337.0,3315.2,5827.5,2977.2,4586.2,5370.6,3758.1,5812.1,6509.6,4311.9,6155.8,3813.8,7121.4,5880.4,6682.1,7793.2,7893.2,2632.7,1013.3,5344.5,7103.9,3820.3,5415.5,9067.0,3899.8,8564.0,1446.3,1600.0,10429.2,0.0,1833.6,10044.8,12290.1,6850.1,9137.8,4814.8,8055.1,2701.3,5864.2,2837.3,5297.6,701.5,1758.3,3771.3,4232.0,5041.4,1411.7,7974.3,8129.5,5044.0,2994.7,3656.7
244,7016.5,6030.6,5510.5,6959.1,7188.6,6818.9,7135.3,6699.9,4634.4,5397.9,5345.4,7404.0,7312.0,7400.4,7962.9,5978.4,9312.4,7532.0,6964.4,3737.8,9830.4,2653.0,10921.4,6313.7,6789.3,9378.0,4168.9,7596.7,6079.8,8330.8,6917.8,6764.4,9093.3,6407.2,3848.2,6134.0,6456.8,8769.5,5563.2,6506.4,6998.7,7697.6,7353.0,6313.1,6533.2,7277.1,6366.1,8616.6,8840.0,8793.8,1952.7,5973.9,7886.3,7246.9,7249.8,6104.3,6982.8,6680.3,7157.4,8655.4,4349.7,6937.9,5341.3,7024.2,7515.7,7343.6,6834.8,6667.0,8813.6,6917.8,7197.3,7386.0,7486.3,6939.7,9415.2,7054.7,5518.9,8782.8,6943.6,6226.9,7183.9,7013.0,2403.4,8830.8,6438.1,8830.8,3053.5,7233.4,5408.8,8243.5,9761.1,6202.5,7091.4,7563.5,7068.4,8077.2,8599.7,3714.1,4516.2,4133.8,9060.6,4747.0,12340.8,6803.9,7157.4,9615.0,3714.1,9060.6,4133.8,8588.3,11177.0,4322.5,3714.1,12358.9,4747.0,7939.1,3850.0,12358.9,2362.1,4500.6,4509.3,4465.1,7354.8,5489.4,6285.6,7288.4,7697.5,9615.6,10179.9,7230.2,1952.7,1952.7,1099.0,12208.3,6714.9,6714.9,9670.8,9747.1,1096.1,7991.6,3850.0,5009.1,6960.5,4624.8,6900.9,7671.3,2551.8,4496.8,3714.1,8830.8,12340.8,5931.3,6992.5,7109.8,7087.3,7154.7,7314.7,6119.9,8566.7,5935.6,6807.5,6994.4,3182.1,6895.2,7663.8,6833.1,7676.6,3800.8,7289.5,7354.3,6297.9,6763.9,7280.4,6283.9,7407.8,7295.7,6183.7,6763.4,7273.4,7032.8,7768.1,7479.7,7053.6,7295.7,8083.0,6699.9,4391.9,6965.6,7090.9,7353.0,7777.9,8088.5,6961.5,7298.5,1675.4,6000.9,12012.5,9615.0,4250.6,4822.1,1392.6,5978.4,6803.9,1053.7,9526.5,9914.6,5019.4,23541.8,4445.6,6963.4,1401.1,5722.1,6506.4,4072.1,7204.7,7645.5,2635.1,7291.7,2137.1,8862.7,7016.3,8077.2,9185.9,9547.4,4322.5,866.9,6737.1,5454.6,2446.9,6808.2,10303.5,4900.2,9833.5,1944.4,874.4,11565.0,1833.6,0.0,11281.3,13526.6,8242.7,10407.2,6207.5,9153.5,1322.1,7000.0,1638.5,6433.5,1688.0,1196.9,2397.9,5973.3,6177.3,1914.6,9747.1,9870.7,6785.3,4736.0,5397.9
245,13434.8,12449.0,11998.3,11559.5,12608.4,11884.6,12582.7,13118.2,9424.7,7052.0,11771.9,13822.3,12904.3,13249.3,11441.6,6476.2,12791.2,11610.0,12467.7,12164.6,13496.7,13029.6,11088.2,12732.0,5855.2,2085.1,9428.4,12259.4,12498.2,11809.5,11595.5,12619.3,14514.2,7311.4,14199.9,12552.4,12875.2,13795.5,11979.6,12924.8,12064.4,13454.1,13192.5,12731.5,12951.5,12865.6,11320.8,3410.1,13907.4,13819.9,11071.6,11736.4,12751.6,12914.4,12937.4,12522.6,13401.2,13098.7,10636.2,13734.0,11347.9,12003.7,11812.7,13442.5,13299.2,13184.6,13253.1,11623.4,14234.5,12289.1,13045.5,12978.3,13449.4,13358.0,14409.0,13092.6,11990.6,13859.8,12009.3,12400.8,12782.1,13431.4,9696.8,3123.6,12396.0,3123.6,11260.2,13119.5,6733.4,14125.1,13239.9,12120.9,12423.6,3987.2,13083.9,3876.6,3383.5,10344.7,14868.0,8241.1,2370.0,8464.6,9766.5,6066.6,10636.2,13093.8,10344.7,2370.0,8241.1,3401.1,8510.1,9383.5,10344.7,15837.7,8464.6,12674.6,10480.6,15837.7,13134.0,14852.4,14861.0,14816.8,12884.0,7039.2,12035.3,12708.1,12552.6,13214.2,2148.7,12649.9,11071.6,11071.6,11690.1,9356.7,5412.3,5412.3,13173.4,13194.3,11760.3,3456.2,10480.6,11970.0,12245.9,11125.8,12304.1,12903.0,13328.9,8079.9,10344.7,3123.6,9766.5,12349.7,12058.2,12611.6,13082.2,12633.3,12920.5,12538.3,14014.6,12354.0,13225.8,12060.1,12477.5,11650.2,13448.5,12796.2,12483.4,10431.4,11731.9,12855.0,12716.2,13182.3,13037.2,12702.3,13190.3,13233.2,12602.1,12622.0,12693.1,13451.2,4238.7,13009.0,12119.4,13233.2,12645.2,13118.2,9214.3,12640.5,12521.6,13192.5,13192.1,3495.7,12244.9,12817.8,11344.9,11634.5,9420.9,13093.8,10235.9,8555.0,11964.9,6476.2,6066.6,11727.6,13092.3,2480.9,15791.4,16766.2,10906.7,12492.6,11657.4,12140.4,12924.8,12649.0,4407.0,13143.8,13412.2,13710.0,12909.1,10239.2,12082.0,3876.6,2493.8,13113.2,9383.5,10506.2,4836.8,15806.3,12407.3,4724.2,1205.0,7259.6,1793.9,11118.5,10953.5,15414.0,10044.8,11281.3,0.0,2582.7,3427.2,1775.7,5289.2,2335.0,11381.5,12206.4,11356.8,12851.9,9845.4,10243.7,11855.0,7105.9,12281.6,11083.9,13194.3,13349.5,6007.5,7985.4,7052.0
246,15813.0,14827.1,14376.4,13937.6,14986.5,14262.7,14960.8,15496.4,11802.8,9430.1,14150.0,16200.4,15282.4,15627.4,13819.7,8854.3,15169.3,13988.1,14845.8,14542.7,15874.8,15274.9,12914.7,15110.1,8233.3,4443.8,11806.5,14637.5,14876.3,14187.6,13973.6,14997.5,16892.3,9689.5,16414.8,14930.5,15253.3,16173.6,14357.7,15302.9,14442.5,15832.2,15570.6,15109.6,15329.7,15243.7,13699.0,5788.2,16285.5,16198.0,13317.0,14114.5,15129.7,15292.5,15315.5,14900.7,15779.3,15476.8,13014.3,16112.1,13726.0,14381.8,14190.8,15820.7,15677.3,15562.7,15631.2,14001.5,16612.6,14667.2,15423.6,15356.4,15827.5,15736.1,16787.1,15470.7,14368.7,16237.9,14387.4,14778.9,15160.2,15809.5,11942.1,5501.7,14774.1,5501.7,13638.3,15497.6,8872.6,16503.2,15618.0,14499.0,14801.8,6365.3,15462.0,6254.7,5761.6,12722.8,17082.8,10486.4,4748.1,10842.8,11334.7,8444.7,13014.3,15471.9,12722.8,4748.1,10486.4,5779.2,10339.6,11761.6,12722.8,18215.8,10842.8,15052.7,12858.7,18215.8,15379.3,17067.3,17075.9,17031.7,15262.1,9417.3,14413.4,15086.2,14930.7,15592.3,4322.0,15028.0,13317.0,13317.0,13935.4,11161.3,7790.4,7790.4,15551.5,15572.5,14005.6,5564.4,12858.7,14348.1,14624.0,13503.9,14682.2,15281.1,15574.2,10458.0,12722.8,5501.7,11334.7,14727.8,14436.3,14989.7,15460.3,15011.4,15298.6,14916.4,16392.7,14732.1,15603.9,14438.2,14855.6,14028.3,15826.6,15174.3,14861.5,12809.5,14110.0,15233.1,15094.3,15560.4,15415.3,15080.4,15568.4,15611.3,14980.2,15000.1,15071.2,15829.3,6616.8,15387.1,14497.5,15611.3,15023.3,15496.4,11592.4,15018.6,14899.7,15570.6,15570.3,5873.8,14623.0,15196.0,13484.1,14012.6,10989.1,15471.9,12614.0,10933.2,14210.1,8854.3,8444.7,13972.9,15470.4,4654.3,18036.7,14882.6,13284.9,14870.7,13902.7,14518.5,15302.9,15027.1,6785.1,15522.0,15657.5,16088.2,15154.4,12259.1,14460.1,6254.7,4871.9,15491.3,11761.6,12751.5,7214.9,17645.9,14549.4,7102.3,3292.1,9398.8,4172.1,13363.8,13198.8,17792.1,12290.1,13526.6,2582.7,0.0,5805.4,3949.1,7648.0,4443.2,13626.8,14584.5,13550.4,15230.0,12090.7,12489.0,13994.2,9484.0,14659.7,13329.1,15572.5,15727.6,8385.6,10363.5,9430.1
247,10646.0,9660.2,9209.4,8831.5,9880.4,9156.6,9854.7,10329.4,6635.8,4324.0,8983.0,11033.5,10176.3,10521.3,8713.6,3661.7,10063.2,8881.9,9739.7,9375.7,10768.7,9834.9,8667.5,9943.2,3236.6,1544.4,6632.1,9531.4,9709.4,9081.5,8867.5,9891.3,11786.2,4687.7,11161.3,9763.5,10086.3,11067.5,9190.8,10136.0,9336.4,10726.1,10464.5,9942.7,10162.7,10137.6,8592.8,1238.3,11179.4,11091.9,8033.1,9008.4,10023.6,10186.4,10209.4,9733.8,10612.3,10309.9,7908.2,11006.0,8559.0,9275.7,9023.8,10653.7,10571.2,10456.6,10464.3,8895.4,11506.5,9561.1,10317.5,10250.3,10721.4,10569.2,11681.0,10684.2,9201.8,11131.8,9281.3,9856.4,10054.1,10642.5,6502.1,931.7,9668.0,931.7,8471.3,10391.5,3942.7,11397.1,10511.9,9392.8,9695.6,712.9,10697.9,1612.2,1192.4,7548.4,11829.4,5046.4,1052.3,5668.3,7345.9,3448.0,7908.2,10365.8,7548.4,1052.3,5046.4,1210.0,6590.0,6587.2,7548.4,13109.7,5668.3,9946.6,7684.3,13109.7,10095.4,11813.8,11822.5,11778.2,10156.0,4230.4,9307.3,9980.1,9824.6,10486.2,2090.1,9921.9,8033.1,8033.1,8651.5,6936.0,2776.4,2776.4,10445.4,10466.3,8721.8,1200.2,7684.3,9181.2,9517.9,8337.0,9576.1,10175.0,10290.3,5283.6,7548.4,931.7,7345.9,9560.8,9330.2,9883.6,10716.9,9905.3,10192.5,9749.4,11286.6,9565.1,10437.0,9332.1,9573.5,8922.2,10720.5,10068.2,9755.4,7635.1,9003.9,10127.0,9927.4,10393.4,10309.2,9913.4,10462.3,10505.2,9813.2,9894.0,9965.1,10662.3,1793.8,10280.9,9391.4,10505.2,9917.1,10329.4,6418.0,9912.5,9793.6,10464.5,10464.1,159.8,9516.9,10089.8,8428.0,8906.5,7000.2,10365.8,7447.0,5827.1,8926.3,3661.7,3448.0,8689.1,10364.3,1955.0,12752.8,19983.4,8117.9,9764.6,8618.8,9351.6,10136.0,9860.1,1132.7,10415.8,10373.7,10921.2,9870.5,7818.6,9354.0,1612.2,1210.0,10385.2,6587.2,7467.7,1562.4,12767.7,9368.7,1449.9,2779.7,4639.2,1866.9,7923.8,7914.9,12686.0,6850.1,8242.7,3427.2,5805.4,0.0,2440.6,2093.3,1814.4,8342.9,9478.3,8318.2,10063.0,6806.9,7205.1,9319.7,4382.6,9553.6,7889.1,10466.3,10621.5,3388.9,5257.4,4324.0
248,12448.2,11462.4,11011.6,10572.9,11621.8,10898.0,11596.1,12131.6,8438.0,6065.4,10785.2,12835.7,11917.6,12262.7,10455.0,5489.6,11804.6,10623.3,11481.1,11177.9,12510.1,12170.4,9364.1,11745.4,4868.6,1211.0,8441.8,11272.7,11511.6,10822.9,10608.9,11632.7,13527.6,6324.8,13325.8,11565.8,11888.6,12808.9,10993.0,11938.2,11077.8,12467.5,12205.8,11744.9,11964.9,11879.0,10334.2,2423.4,12920.8,12833.3,10197.5,10749.8,11765.0,11927.8,11950.7,11536.0,12414.5,12112.1,9649.5,12747.3,10361.3,11017.0,10826.0,12455.9,12312.6,12198.0,12266.5,10636.7,13247.9,11302.5,12058.9,11991.7,12462.7,12371.4,13422.4,12106.0,11004.0,12873.2,11022.7,11414.2,11795.5,12444.7,8789.8,2136.9,11409.3,2136.9,10273.5,12132.9,6143.4,13138.5,12253.3,11134.2,11437.0,3000.6,12097.2,2889.9,2396.9,9358.0,13993.9,7417.2,1464.9,7478.0,7784.1,5080.0,9649.5,12107.1,9358.0,1464.9,7417.2,2414.4,6789.0,8396.9,9358.0,14851.0,7478.0,11688.0,9494.0,14851.0,12259.9,13978.3,13986.9,13942.7,11897.4,6052.6,11048.6,11721.5,11566.0,12227.5,444.6,11663.3,10197.5,10197.5,10816.0,7610.7,4425.7,4425.7,12186.7,12207.7,10886.2,3028.6,9494.0,10983.4,11259.3,10139.2,11317.4,11916.4,12454.8,7093.3,9358.0,2136.9,7784.1,11363.0,11071.6,11625.0,12095.5,11646.7,11933.9,11551.6,13028.0,11367.4,12239.2,11073.5,11490.8,10663.6,12461.9,11809.6,11496.8,9444.8,10745.2,11868.4,11729.6,12195.6,12050.5,11715.6,12203.6,12246.6,11615.4,11635.4,11706.5,12464.5,3252.1,12022.3,11132.8,12246.6,11658.5,12131.6,8227.6,11653.9,11535.0,12205.8,12205.5,2509.0,11258.3,11831.2,10592.5,10647.9,7438.5,12107.1,9249.2,7568.4,11090.8,5489.6,5080.0,10853.5,12105.6,776.8,14917.3,18135.7,9920.1,11506.0,10783.3,11153.8,11938.2,11662.4,3420.4,12157.2,12538.1,12723.4,12035.0,8708.5,11095.4,2889.9,1435.6,12126.5,8396.9,9632.1,3850.1,14932.2,11533.2,3737.6,2189.3,6840.0,598.0,10211.5,10079.4,14427.4,9137.8,10407.2,1775.7,3949.1,2440.6,0.0,4380.9,2220.4,10507.4,11219.7,10482.7,11865.2,8971.3,9369.6,11470.6,6119.2,11295.0,10176.8,12207.7,12362.8,5020.9,6998.7,6065.4
249,9282.8,8297.0,7846.2,7553.3,8602.1,7878.4,8576.5,8966.2,5272.6,3195.9,7619.9,9670.3,8898.0,9666.8,7435.4,2533.6,8785.0,7603.7,8461.5,7719.3,9490.5,7799.7,7539.4,8580.0,2108.5,3385.9,5066.0,8253.1,8346.2,7803.3,7589.3,9030.7,10508.0,3559.6,9126.1,8400.4,8723.2,9789.3,7827.6,8772.8,8058.2,9447.9,9619.3,8579.5,8799.5,8859.4,7314.6,2433.9,9901.2,9813.7,5997.9,7730.2,8745.4,8908.2,8931.1,8370.6,9249.2,8946.7,6629.9,9727.7,7078.1,7997.4,7660.6,9290.5,9293.0,9610.0,9101.1,7662.3,10228.3,8282.9,9463.7,8972.1,9752.6,9206.0,10402.8,9321.0,7838.6,9853.5,8003.1,8493.2,8775.9,9279.3,4466.9,2648.2,8704.5,2648.2,6668.7,9499.8,3442.5,10509.8,9233.6,8114.6,8417.4,1384.0,9334.7,1894.5,2417.0,5947.1,9794.2,3011.2,2973.3,4305.2,6217.8,2319.9,6629.9,9087.5,5947.1,2973.3,3011.2,2405.6,5461.9,5096.9,5947.1,11831.4,4305.2,8668.4,6083.1,11831.4,8060.2,9778.6,9787.2,9743.0,8877.8,2926.1,8029.0,8701.9,8546.4,9208.0,4030.4,8643.7,5997.9,5997.9,6616.2,5807.9,1648.3,1648.3,9167.1,9188.1,6686.5,2413.3,6083.1,7766.3,8239.7,6977.9,8297.8,8896.8,8255.1,3906.9,5947.1,2648.2,6217.8,8197.6,8051.9,8605.4,9353.7,8627.1,8914.3,8386.2,10008.4,8202.0,9073.8,8053.9,7538.3,7644.0,9442.3,9099.4,8477.2,6033.8,7725.6,8848.8,8564.2,9030.2,9030.9,8550.2,9184.0,9562.0,8450.0,9029.7,8686.9,9299.1,1762.9,9002.7,8113.1,9562.0,8638.9,8966.2,4822.9,8634.2,8515.4,9619.3,9185.9,1939.1,8238.7,8811.6,6392.8,7628.3,5872.1,9087.5,6083.8,4468.7,6891.1,2533.6,2319.9,6653.8,9086.0,3765.2,10717.6,21826.0,6754.7,8486.4,6583.6,7988.4,8772.8,8203.7,1001.0,9137.6,8338.4,9558.0,7835.3,6690.5,8075.8,1894.5,3036.5,9106.9,5096.9,5432.4,693.7,10732.5,7333.5,675.6,4439.9,4139.0,3807.2,5888.6,5879.7,11407.8,4814.8,6207.5,5289.2,7648.0,2093.3,4380.9,0.0,3427.9,6307.7,8200.1,6283.0,8699.8,4771.6,5169.9,7284.5,3254.5,8443.6,5853.9,9188.1,9343.2,2260.8,3979.1,3195.9
250,12240.5,11254.7,10803.9,10365.2,11414.0,10690.3,11388.4,11923.9,8230.3,5857.7,10577.5,12628.0,11709.9,12055.0,10247.3,5281.9,11596.9,10415.6,11273.4,10959.5,12302.4,11040.0,9893.8,11537.7,4660.9,1009.5,8234.1,11065.0,11303.9,10615.2,10401.2,11425.0,13319.9,6117.1,12058.3,11358.1,11680.9,12601.2,10785.3,11730.5,10870.1,12259.8,11998.1,11537.2,11757.2,11671.2,10126.5,2215.7,12713.1,12625.6,8943.9,10542.1,11557.3,11720.1,11743.0,11328.3,12206.9,11904.4,9441.8,12539.6,10153.5,10809.3,10618.4,12248.2,12104.9,11990.3,12058.8,10429.0,13040.2,11094.8,11851.1,11784.0,12255.0,12163.7,13214.7,11898.3,10796.3,12665.5,10815.0,11206.5,11587.8,12237.0,7707.1,1929.2,11201.6,1929.2,9908.9,11925.2,4516.1,12930.8,12045.5,10926.5,11229.3,2396.9,11889.5,2682.2,2189.2,9150.3,12726.4,6251.4,1075.1,7270.3,8572.1,4872.3,9441.8,11899.4,9150.3,1075.1,6251.4,2206.7,7816.3,8189.2,9150.3,14643.3,7270.3,11480.3,9286.3,14643.3,11006.2,12710.8,12719.4,12675.2,11689.7,5844.9,10840.9,11513.8,11358.3,12019.9,2296.8,11455.6,8943.9,8943.9,9562.3,8162.3,4218.0,4218.0,11979.0,12000.0,9632.5,1208.7,9286.3,10775.7,11051.6,9931.5,11109.7,11708.7,11201.1,6885.6,9150.3,1929.2,8572.1,11155.3,10863.9,11417.3,11887.9,11439.0,11726.2,11344.0,12820.3,11159.7,12031.5,10865.8,10778.6,10455.9,12254.2,11601.9,11289.1,9237.1,10537.5,11660.7,11521.9,11987.9,11842.8,11507.9,11996.0,12038.9,11407.7,11427.7,11498.8,12256.8,3044.4,11814.6,10925.0,12038.9,11450.8,11923.9,8019.9,11446.1,11327.3,11998.1,11997.8,1901.8,11050.6,11623.5,9127.7,10440.2,8226.5,11899.4,9041.5,7360.7,9837.1,5281.9,4872.3,9599.9,11897.9,2231.0,13663.6,18621.3,9712.4,11298.3,9529.6,10946.1,11730.5,11444.0,2713.0,11949.5,11284.5,12515.7,10781.3,9044.9,10887.7,2682.2,1566.5,11918.8,8189.2,8378.5,3246.4,13289.4,10192.9,3133.9,1220.2,5042.3,1646.7,9128.9,8825.8,14219.6,8055.1,9153.5,2335.0,4443.2,1814.4,2220.4,3427.9,0.0,9253.7,11012.0,9194.0,11657.5,7717.6,8115.9,9637.7,5911.5,11087.2,9094.2,12000.0,12155.1,4813.1,6791.0,5857.7
251,8325.4,7339.5,6819.4,8268.0,8497.5,8127.8,8444.2,8008.8,5646.3,6265.6,6654.2,8712.9,8620.9,8709.3,8830.5,6594.3,10180.1,8840.9,8273.3,5102.4,11139.2,3933.9,11789.0,7622.6,6909.7,9478.2,5060.1,8905.6,7388.7,9198.4,8226.7,8073.2,10402.2,7274.9,2970.4,7442.9,7765.7,10078.4,6872.1,7815.3,8307.6,9006.5,8661.9,7622.0,7842.1,8586.0,7675.0,8716.8,10148.9,10102.7,1714.0,7282.8,9195.2,8555.7,8558.6,7413.2,8291.7,7989.2,8025.1,9964.3,5658.6,8246.8,6650.2,8333.1,8824.6,8652.5,8143.6,7975.9,10122.5,8226.7,8506.2,8694.9,8795.1,8248.6,10724.0,8363.6,6827.8,10091.7,8252.5,7535.7,8492.7,8321.9,3271.1,8931.0,7747.0,8931.0,4362.4,8542.3,5268.5,9552.4,10628.8,7511.4,8400.3,7663.7,8377.3,8177.4,8699.9,5023.0,3638.5,5001.5,9160.8,5614.7,11263.8,6942.5,8025.1,10482.7,5023.0,9160.8,5001.5,8688.5,10507.9,5213.6,5023.0,13226.6,5614.7,9248.0,5158.9,13226.6,2502.3,3622.9,3631.5,3587.3,8663.7,6357.1,7594.4,8597.2,9006.4,10603.1,10280.1,8539.0,1714.0,1714.0,1133.3,10854.0,6815.1,6815.1,10562.3,10583.3,1203.6,8091.8,5158.9,6318.0,8269.4,5933.7,8209.8,8980.2,2737.3,5364.5,5023.0,8931.0,11263.8,7240.2,8301.3,8418.7,8396.2,8463.6,8623.6,7428.8,9875.6,7244.5,8116.4,8303.3,4546.7,8204.1,8972.7,8142.0,8985.5,5109.7,8598.4,8663.2,7606.8,8072.8,8589.3,7592.8,8716.6,8604.5,7492.6,8072.3,8582.3,8341.7,7868.3,8788.6,8362.5,8604.5,9391.9,8008.8,5283.1,8274.5,8399.8,8661.9,9086.7,8188.7,8270.4,8607.4,486.6,7309.8,10918.2,10482.7,5559.5,5689.8,1267.4,6594.3,6942.5,1244.7,10481.2,10014.8,4737.8,22421.4,5754.5,8272.3,791.3,7030.9,7815.3,5436.8,7304.9,8954.4,2820.6,8600.6,2277.3,9730.4,8325.1,8177.4,9286.1,10502.1,5213.6,1758.0,6837.3,4576.8,1214.6,6908.4,10403.7,4600.7,9933.7,3253.3,1491.2,12873.9,2701.3,1322.1,11381.5,13626.8,8342.9,10507.4,6307.7,9253.7,0.0,8308.9,492.1,7742.4,2555.3,1273.8,1165.6,6840.9,7486.2,3223.5,10583.3,10738.4,6905.7,5603.7,6265.6
252,1175.6,1018.3,2676.0,648.1,403.5,333.0,377.8,982.0,4114.5,5154.3,2449.6,1304.0,699.3,1044.4,3367.6,5816.7,3477.1,1214.9,262.8,3661.8,3053.6,5606.1,6046.2,1113.1,6545.7,10478.3,4408.4,789.8,1081.2,4116.6,622.3,574.6,2749.9,5589.5,10200.4,996.8,1169.5,2077.3,2657.3,694.8,223.7,1249.2,987.5,1079.7,1085.5,660.7,2028.1,8869.6,2189.2,2101.7,8305.0,1583.2,1109.6,709.5,732.4,1094.0,923.1,889.1,2013.1,2015.8,2785.5,232.8,2490.4,920.8,1094.3,979.7,1084.2,1365.2,2470.2,84.2,840.6,773.4,1244.5,1251.9,2774.0,887.7,2668.3,2141.6,197.0,875.8,577.2,935.8,5961.9,9083.5,641.6,9083.5,4008.0,914.6,9939.1,1920.2,4659.6,965.8,218.7,9102.6,878.9,8371.3,8837.1,3395.4,10868.4,5483.0,10047.4,4172.6,7979.2,6497.9,2013.1,3165.5,3395.4,10047.4,5483.0,8818.6,6815.4,4364.7,3395.4,5785.7,4172.6,1162.4,3421.8,5785.7,8137.0,10852.9,10861.5,10817.3,679.2,5329.5,880.2,503.2,873.8,2808.8,10859.2,445.0,8305.1,8305.1,7726.9,7846.7,6846.4,6846.4,2863.9,2940.2,7724.1,10372.0,3421.9,2759.7,39.6,2394.1,99.2,864.3,8317.5,4436.9,3395.4,9083.5,7979.2,1285.5,176.5,406.7,877.3,428.4,715.6,1085.4,2190.7,1080.1,1089.6,228.0,4288.1,570.4,1243.6,751.5,852.8,3372.7,817.4,650.2,1217.2,1046.0,832.3,1190.5,985.4,1028.3,1026.6,577.3,488.2,1076.6,8062.3,804.1,238.3,1028.3,1259.2,982.0,4718.2,435.6,316.7,987.6,1102.2,9468.1,38.6,613.0,8662.3,1629.5,7650.9,3165.5,3189.2,3998.8,8003.2,5816.7,6497.9,7681.7,2719.6,10517.9,10794.4,28762.5,2601.5,287.7,8147.7,1538.6,694.8,3771.2,8806.3,939.0,8400.9,1224.6,7986.4,4355.7,124.3,8371.3,9806.1,2740.5,4364.7,6733.7,8170.1,11557.8,9231.9,8239.2,11828.5,9555.9,10646.0,5110.9,7343.9,4830.9,5864.2,7000.0,12206.4,14584.5,9478.3,11219.7,8200.1,11012.0,8308.9,0.0,8625.3,1147.3,6469.1,7511.2,9384.7,5418.0,1126.5,5142.5,2940.2,4142.1,6486.9,4221.0,5154.3
253,8641.8,7656.0,7135.8,8584.5,8813.9,8444.2,8760.6,8325.2,5791.3,6401.6,6970.7,9029.3,8937.3,9025.7,8966.5,6569.7,10316.1,9157.3,8589.7,5418.9,11021.7,4250.3,11925.1,7939.0,6885.0,9453.5,5205.1,9222.0,7705.1,9334.5,8543.1,8389.7,10718.6,7410.9,3149.6,7759.4,8082.1,10394.8,7188.5,8131.8,8624.0,9323.0,8978.3,7938.4,8158.5,8902.4,7991.4,8692.1,10465.3,10419.1,1625.0,7599.2,9511.6,8872.2,8875.1,7729.6,8608.1,8305.6,8161.1,10280.8,5975.0,8563.2,6966.6,8649.5,9141.0,8969.0,8460.1,8292.3,10438.9,8543.1,8822.6,9011.3,9111.6,8565.0,11040.5,8680.0,7144.2,10408.1,8568.9,7852.2,8809.2,8638.3,3407.1,8906.4,8063.4,8906.4,4678.8,8858.8,4848.2,9868.8,10764.8,7827.8,8716.7,7639.1,8693.7,8152.7,8675.2,5339.4,3817.6,5137.5,9136.1,5750.7,11239.1,6917.9,8161.1,10618.7,5339.4,9136.1,5137.5,8663.8,10483.3,5358.7,5339.4,13362.6,5750.7,9564.5,5475.4,13362.6,2861.3,3802.0,3810.7,3766.4,8980.1,6493.1,7910.9,8913.7,9322.9,10739.1,10255.4,8855.5,1625.0,1625.0,1492.3,10829.3,6790.5,6790.5,10698.3,10719.3,1562.6,8067.2,5475.4,6634.4,8585.8,6250.1,8526.2,9296.6,3096.3,5500.5,5339.4,8906.4,11239.1,7556.6,8617.8,8735.1,8712.6,8780.0,8940.0,7745.2,10192.0,7560.9,8432.8,8619.7,4863.1,8520.5,9289.1,8458.4,9301.9,5426.1,8914.8,8979.6,7923.2,8389.2,8905.8,7909.2,9033.1,8921.0,7809.0,8388.7,8898.7,8658.1,7843.7,9105.0,8679.0,8921.0,9708.3,8325.2,5428.2,8590.9,8716.2,8978.3,9403.2,8164.1,8586.8,8923.8,194.9,7626.2,10893.5,10618.7,5875.9,5825.8,1626.4,6569.7,6917.9,1603.7,10617.2,9990.1,4916.9,22001.1,6070.9,8588.7,1150.3,7347.4,8131.8,5753.2,7280.2,9270.8,3179.6,8917.0,2636.3,9866.4,8641.6,8152.7,9261.4,10638.1,5358.7,1903.1,6812.6,4755.9,1337.1,6883.7,10296.3,4180.4,9909.0,3569.8,1807.6,13190.3,2837.3,1638.5,11356.8,13550.4,8318.2,10482.7,6283.0,9194.0,492.1,8625.3,0.0,8058.8,2691.3,1303.4,1134.5,6977.0,7802.6,3539.9,10719.3,10874.4,6881.0,5739.7,6401.6
254,589.9,640.9,1913.5,1670.0,980.1,1476.2,971.1,346.6,3547.9,5799.9,1687.1,1018.3,949.7,1031.5,4171.2,6401.4,4607.1,2260.1,1111.7,2899.3,3815.0,4843.6,6981.6,130.5,7191.2,11123.9,3841.9,1825.2,598.7,4920.3,1628.7,612.3,2707.6,6547.7,9437.9,564.8,120.6,2407.2,1894.9,546.7,1362.5,1328.7,984.0,181.7,114.4,914.9,1521.8,9515.2,2471.0,2431.6,7738.5,1129.6,1870.9,884.6,887.5,384.6,629.5,336.9,2853.3,2286.5,2215.7,1375.9,1727.9,670.9,1146.7,974.7,478.1,1754.6,2427.9,1065.1,835.1,1023.8,1117.3,513.1,3046.2,692.5,1905.9,2413.8,1340.2,687.9,840.4,650.8,5395.4,9729.0,602.1,9729.0,3456.9,871.2,9372.6,1857.8,5595.0,1119.9,1238.7,9687.3,706.1,9016.8,9482.6,2828.9,10106.0,5910.1,10692.9,4437.9,8833.0,7205.9,2853.3,4073.2,2828.9,10692.9,5910.1,9464.1,7669.2,3798.2,2828.9,6576.7,4437.9,1923.8,2855.3,6576.7,7374.5,10090.4,10099.0,10054.8,1260.2,5912.4,1205.5,957.3,1812.5,3702.7,11504.8,980.3,7738.5,7738.5,7160.4,8700.5,7492.0,7492.0,3757.9,3834.1,7157.5,10798.5,2855.3,1997.2,1107.8,1856.1,1048.2,1658.9,7555.0,4843.4,2828.9,9729.0,8833.0,546.7,1319.6,945.6,725.1,945.7,952.5,361.2,2181.0,720.7,454.2,1366.8,3525.6,1606.0,1294.8,489.6,1791.5,2806.1,1930.7,992.0,191.5,410.6,918.2,173.5,1038.8,926.7,388.6,609.9,1109.2,670.6,8707.8,1431.8,1381.4,926.7,2110.4,346.6,4151.7,801.4,926.7,984.0,1682.2,10052.8,1108.8,950.4,8095.7,1156.7,8504.7,4073.2,2622.7,4348.1,7315.2,6401.4,7205.9,7115.1,3598.4,11163.4,10031.9,29408.1,2063.5,1110.7,7581.1,940.0,546.7,3008.7,9391.0,1283.2,7638.4,906.0,7223.9,5195.9,1267.5,9016.8,10451.7,3634.5,3798.2,6167.1,8754.8,10795.3,8543.9,8823.9,12474.0,8989.3,11291.5,4550.6,6777.3,5453.6,5297.6,6433.5,12851.9,15230.0,10063.0,11865.2,8699.8,11657.5,7742.4,1147.3,8058.8,0.0,5902.6,6944.7,8818.2,6366.5,959.2,4582.3,3834.1,5067.0,7187.2,4866.5,5799.9
255,6485.5,5499.7,5049.0,6428.2,6657.7,6287.9,6604.4,6168.9,3670.2,4237.1,4822.6,6873.0,6781.0,6869.5,6802.0,4817.6,8151.6,7001.0,6433.4,3878.6,8857.1,3962.4,9760.5,5782.7,5373.6,7942.1,3084.0,7065.8,5548.9,7169.9,6386.9,6233.4,8562.4,5246.4,5351.5,5603.1,5925.9,8238.5,5030.3,5975.5,6467.8,7166.7,6822.1,5782.2,6002.2,6746.2,5835.1,7180.7,8309.1,8262.9,2406.1,5442.9,7355.4,6715.9,6718.8,5573.3,6451.9,6149.4,5996.6,8124.5,4011.2,6407.0,4761.7,6493.2,6984.7,6812.7,6303.8,6136.1,8282.7,6386.9,6666.4,6855.1,6955.3,6408.7,8884.2,6523.7,5041.3,8251.8,6412.6,5695.9,6652.9,6482.0,1271.2,7395.0,5907.2,7395.0,3011.3,6702.5,3995.6,7712.5,8600.3,5671.6,6560.5,6127.7,6537.4,6641.3,7163.9,3168.2,6019.6,2931.5,7624.7,3586.2,11179.9,5406.5,5996.6,8454.2,3168.2,7624.7,2931.5,7152.4,10016.1,3237.6,3168.2,11198.1,3586.2,7408.2,3304.1,11198.1,3893.1,6004.0,6012.6,5968.4,6823.9,4328.6,5754.6,6757.4,7166.6,8574.6,8744.0,6699.2,2406.1,2406.1,2602.3,9317.9,5279.1,5279.1,8533.8,8554.8,2599.5,6555.8,3304.1,4758.5,6429.6,4135.1,6369.9,7140.3,4082.8,3336.0,3168.2,7395.0,11179.9,5400.4,6461.5,6578.9,6556.4,6623.7,6783.7,5589.0,8035.7,5404.7,6276.5,6463.4,3701.0,6364.2,7132.9,6302.1,7145.6,3254.9,6758.5,6823.3,5766.9,6233.0,6749.5,5752.9,6876.8,6764.7,5652.8,6232.4,6742.4,6501.9,6332.3,6948.8,6522.7,6764.7,7552.0,6168.9,3307.0,6434.7,6559.9,6822.1,7246.9,6652.7,6430.5,6767.6,2801.1,5470.0,10851.7,8454.2,3704.7,3661.2,2895.9,4817.6,5406.5,2557.1,8452.7,8478.8,6550.5,22915.0,3920.1,6432.4,2831.2,5191.1,5975.5,4363.0,5768.9,7114.5,4166.2,6760.7,3668.2,7701.9,6485.3,6641.3,7750.0,8473.6,3237.6,867.6,5301.3,6957.9,3674.3,5372.3,8867.7,3612.4,8397.6,2051.3,1454.0,11034.1,701.5,1688.0,9845.4,12090.7,6806.9,8971.3,4771.6,7717.6,2555.3,6469.1,2691.3,5902.6,0.0,1612.3,3625.3,4812.4,5646.3,2016.6,8554.8,8709.9,5369.6,3575.2,4237.1
256,7527.6,6541.8,6091.1,7470.3,7699.8,7330.0,7646.5,7211.0,4712.3,5322.6,5864.7,7915.1,7823.1,7911.6,7887.5,5456.6,9237.1,8043.1,7475.5,4920.7,9942.7,3899.6,10846.1,6824.8,5771.9,8340.4,4126.1,8107.9,6591.0,8255.4,7429.0,7275.5,9604.5,6331.9,4146.5,6645.2,6968.0,9280.6,6072.4,7017.6,7509.9,8208.8,7864.1,6824.3,7044.3,7788.3,6877.2,7579.0,9351.2,9305.0,1018.2,6485.0,8397.5,7758.0,7760.9,6615.4,7494.0,7191.5,7082.1,9166.6,5053.3,7449.1,5803.8,7535.3,8026.8,7854.8,7345.9,7178.2,9324.8,7429.0,7708.5,7897.2,7997.4,7450.8,9926.3,7565.8,6083.4,9293.9,7454.7,6738.0,7695.0,7524.1,2328.1,7793.3,6949.3,7793.3,4053.4,7744.6,4334.7,8754.6,9685.8,6713.7,7602.6,6526.0,7579.5,7039.6,7562.1,4210.3,4814.5,4113.6,8023.0,4671.7,10126.0,5804.8,7082.1,9539.7,4210.3,8023.0,4113.6,7550.7,9370.2,4279.7,4210.3,12283.6,4671.7,8450.3,4346.2,12283.6,2969.5,4799.0,4807.6,4763.4,7866.0,5414.1,6796.7,7799.5,8208.7,9660.1,9142.3,7741.3,1018.2,1018.2,1525.5,9716.2,5677.4,5677.4,9619.3,9640.3,1595.8,6954.1,4346.2,5800.6,7471.6,5177.2,7412.0,8182.4,3164.4,4421.5,4210.3,7793.3,10126.0,6442.5,7503.6,7621.0,7598.5,7665.8,7825.8,6631.1,9077.8,6446.8,7318.6,7505.5,4219.7,7406.3,8175.0,7344.2,8187.7,4297.0,7800.6,7865.4,6809.0,7275.1,7791.6,6795.1,7918.9,7806.8,6694.9,7274.5,7784.5,7543.9,6730.6,7990.9,7564.8,7806.8,8594.1,7211.0,4349.1,7476.8,7602.0,7864.1,8289.0,7051.0,7472.6,7809.7,1413.2,6512.1,9780.4,9539.7,4746.8,4746.8,1800.3,5456.6,5804.8,1563.1,9538.2,8877.0,5626.9,22467.7,4962.2,7474.5,1549.8,6233.2,7017.6,5109.8,6167.1,8156.6,3247.7,7802.8,2744.6,8787.4,7527.4,7039.6,8148.3,9559.1,4279.7,824.0,5699.6,5752.9,2353.9,5770.6,9266.0,3826.1,8795.9,2956.8,722.6,12076.2,1758.3,1196.9,10243.7,12489.0,7205.1,9369.6,5169.9,8115.9,1273.8,7511.2,1303.4,6944.7,1612.3,0.0,2304.9,5897.9,6688.4,2927.0,9640.3,9795.4,5767.9,4660.7,5322.6
257,9401.1,8415.3,7895.2,9343.8,9573.3,9203.5,9520.0,9084.5,6722.1,7335.6,7730.0,9788.6,9696.6,9785.1,9900.6,7571.2,11250.2,9916.6,9349.0,6178.2,12215.0,4899.1,12859.1,8698.3,7886.5,10441.4,6135.9,9981.4,8464.5,10268.5,9302.5,9149.0,11478.0,8344.9,2714.2,8518.7,8841.5,11154.1,7947.8,8891.1,9383.4,10082.3,9737.7,8697.8,8917.9,9661.8,8750.8,9693.6,11224.7,11178.5,2626.5,8358.5,10271.0,9631.5,9634.4,8488.9,9367.5,9065.0,9095.1,11040.1,6734.4,9322.6,7725.9,9408.9,9900.4,9728.3,9219.4,9051.7,11198.3,9302.5,9582.0,9770.7,9870.9,9324.3,11799.8,9439.4,7903.6,11167.4,9328.2,8611.5,9568.5,9397.6,4341.1,9907.9,8822.8,9907.9,5438.2,9618.1,5291.9,10628.1,11698.9,8587.2,9476.1,8640.6,9453.0,9154.2,9676.7,6098.7,3382.2,6071.5,10124.0,6684.7,12240.6,7919.4,9095.1,11552.7,6098.7,10124.0,6071.5,9665.3,11484.8,6289.4,6098.7,14296.6,6684.7,10323.8,6234.7,14296.6,2716.8,3366.7,3375.3,3331.1,9739.5,7427.1,8670.2,9673.0,10082.2,11673.1,11256.9,9614.8,2626.5,2626.5,2212.8,11830.8,7792.0,7792.0,11632.3,11653.3,2283.1,8903.8,6234.7,7393.8,9345.2,7009.4,9285.5,10056.0,2947.5,6434.5,6098.7,9907.9,12240.6,8316.0,9377.1,9494.5,9472.0,9539.4,9699.4,8504.6,10951.3,8320.3,9192.1,9379.0,5622.5,9279.8,10048.5,9217.8,10061.2,6185.5,9674.2,9738.9,8682.5,9148.6,9665.1,8668.6,9792.4,9680.3,8568.4,9148.0,9658.0,9417.5,8845.2,9864.4,9438.3,9680.3,10467.6,9084.5,6358.9,9350.3,9475.5,9737.7,10162.5,9165.6,9346.1,9683.2,995.1,8385.6,11895.0,11552.7,6635.3,6759.8,1900.8,7571.2,7919.4,2324.2,11551.2,10991.6,4481.5,22444.8,6830.2,9348.1,1870.8,8106.7,8891.1,6512.5,8281.8,10030.1,3030.9,9676.4,2622.7,10800.4,9400.9,9154.2,10262.9,11572.1,6289.4,2833.8,7814.1,3835.2,848.8,7885.2,10740.0,4624.2,10896.9,4329.1,2567.0,13949.7,3771.3,2397.9,11855.0,13994.2,9319.7,11470.6,7284.5,9637.7,1165.6,9384.7,1134.5,8818.2,3625.3,2304.9,0.0,7911.0,8562.0,4299.2,11653.3,11808.4,7882.5,6673.7,7335.6
258,6949.5,5709.1,5512.9,4771.2,5820.1,5096.3,5794.4,6238.4,2939.3,617.4,5286.5,6720.6,6115.9,6461.0,4653.3,826.3,6002.9,4821.6,5679.4,5679.2,6708.4,6671.7,7611.8,6246.7,1331.4,5377.9,2951.8,5471.0,5772.0,5021.2,4807.2,5831.0,7725.9,624.4,9637.2,5754.4,6389.9,7007.2,5494.3,5815.5,5276.1,6665.8,6404.1,6246.2,6466.2,6077.3,4532.5,3769.2,7119.1,7031.6,6691.8,4948.1,5963.3,6126.1,6149.0,6037.3,6339.7,6145.5,3847.8,6945.6,4862.6,5215.3,5327.4,6337.4,6510.9,6396.3,6373.2,4835.0,7446.2,5500.8,6257.2,6190.0,6661.0,6872.7,7620.7,6304.3,5505.3,7071.5,5221.0,5612.5,5993.8,6352.4,3884.0,3983.0,5607.6,3983.0,4774.8,6331.2,6020.3,7336.8,6451.6,5332.5,5635.3,4006.8,6295.5,3270.8,3736.6,3868.0,10305.2,1966.7,4946.9,1988.0,5374.0,1145.0,3847.8,6305.4,3868.0,4946.9,1966.7,3718.1,4618.1,2906.8,3868.0,9049.3,1988.0,5886.3,3980.5,9049.3,8178.4,10289.7,10298.3,10254.1,6095.7,808.1,5246.9,5919.8,5764.3,6425.9,5758.7,5861.6,6691.8,6691.8,6888.0,4964.1,1746.0,1746.0,6385.0,6406.0,6885.1,5276.2,3980.5,5484.7,5457.6,4640.5,5515.7,6114.7,8368.1,1603.2,3868.0,3983.0,5374.0,5864.4,5269.9,5823.3,6293.9,5845.0,6132.2,6052.9,7226.3,5868.7,6346.0,5271.8,5992.1,4861.9,6660.2,6007.9,5695.1,3931.3,4943.6,6066.7,6230.9,6302.4,6248.8,6216.9,6401.9,6444.9,6116.7,5833.7,5904.8,6493.2,2961.8,6220.6,5331.0,6444.9,5856.8,6238.4,2737.6,5852.1,5733.3,6404.1,6403.8,4372.3,5456.6,6029.5,7086.8,4846.2,5028.3,6305.4,3750.5,2078.4,7181.6,826.3,1145.0,6842.8,6303.9,5417.4,10835.8,23662.0,4421.4,5704.3,7116.9,5247.0,5815.5,6163.7,3710.6,6355.5,8451.5,6641.2,7953.4,5553.1,5293.7,3270.8,4705.7,6324.8,2906.8,5152.9,3074.3,11243.6,7960.0,3143.4,6728.0,5637.1,5545.5,5305.8,5739.6,8625.7,4232.0,5973.3,7105.9,9484.0,4382.6,6119.2,3254.5,5911.5,6840.9,5418.0,6977.0,6366.5,4812.4,5897.9,7911.0,0.0,5493.2,5271.1,6406.0,6561.1,1134.0,1508.7,617.4
259,1484.6,341.6,1898.3,977.8,1240.0,804.8,1186.7,1123.4,3291.7,5229.6,1671.9,1900.4,1534.5,1830.8,3454.9,5891.9,4190.5,1568.0,1130.5,2884.1,3916.8,4828.3,6289.4,828.8,6620.9,10553.6,3585.7,1582.6,390.8,4203.9,936.5,870.2,3524.1,5664.7,9540.5,445.0,1028.0,2919.2,1879.6,774.9,984.6,2085.8,1783.3,795.4,1073.6,1360.9,1036.6,8944.9,3031.1,2943.6,7482.3,591.7,2052.5,1500.8,1519.0,595.2,1406.3,1002.9,2137.0,2857.6,1962.8,923.8,1712.7,1447.7,1929.4,1780.3,1258.3,823.0,3244.3,1084.0,1627.2,1608.6,1916.6,1437.4,3615.8,1478.6,1890.6,2983.5,929.5,416.5,1277.4,1436.9,5139.2,9158.7,625.2,9158.7,3185.2,1657.3,9116.3,2674.2,4902.8,160.8,1257.6,9177.9,1492.3,8446.5,8912.3,2572.6,10208.6,5653.9,10122.6,4181.6,8116.7,6573.1,2137.0,3958.2,2572.6,10122.6,5653.9,8893.8,6952.9,3541.9,2572.6,6578.4,4181.6,2049.6,2599.1,6578.4,7359.3,10193.0,10201.7,10157.5,1521.0,5404.8,246.3,1339.8,1744.4,3601.6,10934.5,1281.5,7482.3,7482.3,6904.1,7984.2,6921.7,6921.7,3656.7,3733.0,6901.3,10542.3,2599.1,1982.0,1126.7,1571.3,1067.0,1837.5,7539.7,4587.2,2572.6,9158.7,8116.7,507.7,978.4,1161.2,1511.2,1206.1,1547.1,619.7,2997.4,252.0,1231.0,980.3,3510.3,913.9,2078.7,1047.1,1703.9,2549.9,1249.3,1485.3,911.1,1187.4,1618.8,884.5,1820.5,1726.0,599.8,872.9,1324.8,1456.7,8137.5,1645.9,1039.5,1726.0,2075.3,1123.4,3895.4,1017.0,1111.5,1783.3,1944.0,9543.3,1127.6,1349.9,7839.5,637.9,7788.4,3958.2,2366.5,4091.9,7180.4,5891.9,6573.1,6858.9,3512.4,10593.1,10016.6,28837.8,1778.7,1129.5,7324.9,715.8,774.9,2993.4,8881.6,1775.5,7623.1,1810.9,7208.6,4479.6,1002.2,8446.5,9881.4,3533.3,3541.9,5910.9,8245.3,10780.0,8409.1,8314.4,11903.7,8733.1,10721.2,4288.1,6521.1,5731.2,5041.4,6177.3,12281.6,14659.7,9553.6,11295.0,8443.6,11087.2,7486.2,1126.5,7802.6,959.2,5646.3,6688.4,8562.0,5493.2,0.0,4319.7,3733.0,4748.7,6562.1,4296.2,5229.6
260,5165.2,4173.1,3603.3,5101.6,5337.4,4961.3,5284.1,4848.6,2839.4,4695.7,3438.2,5552.7,5460.7,5549.2,6853.8,5276.2,8296.9,5674.4,5106.8,2013.6,7972.8,2059.9,9812.3,4462.4,6087.1,9180.6,2901.8,5739.2,4222.3,7221.7,5060.3,4913.1,7242.1,5705.0,5277.9,4276.5,4605.6,6918.2,3656.0,4655.2,5141.1,5846.4,5501.8,4461.9,4681.9,5425.9,4508.6,8260.6,6988.8,6942.6,3859.7,4116.3,6028.8,5395.6,5398.5,4253.0,5131.6,4829.1,6240.1,6804.2,2442.5,5080.4,3434.1,5172.9,5664.4,5492.4,4983.5,4809.5,6962.4,5060.3,5346.1,5534.8,5635.0,5088.4,7563.9,5203.4,3611.7,6931.5,5086.0,4369.3,5332.6,5161.8,1701.2,8474.9,4580.6,8474.9,1146.3,5382.2,5595.3,6392.2,8652.1,4344.9,5233.9,7210.0,5217.1,7721.2,8243.7,1919.0,5945.9,3431.6,8823.5,3783.5,11231.7,6101.7,6240.1,8114.8,1919.0,8823.5,3431.6,8236.5,10067.9,2858.0,1919.0,10735.0,3783.5,6081.6,2055.0,10735.0,3524.2,5930.3,5939.0,5894.8,5497.3,4787.2,4428.0,5437.1,5840.0,7758.1,9826.3,5378.9,3859.7,3859.7,2641.4,11099.2,6201.7,6201.7,7813.2,7889.5,2638.6,7952.6,2055.0,3101.9,5102.9,2748.4,5043.3,5813.7,3713.9,3794.6,1919.0,8474.9,11231.7,4080.1,5134.9,5258.6,5236.1,5303.4,5463.4,4268.7,6715.4,4078.1,4956.2,5136.8,1798.5,5037.6,5812.6,4981.9,5819.0,2005.8,5431.9,5503.0,4446.6,4912.7,5429.2,4432.7,5556.5,5444.4,4332.5,4912.1,5422.1,5181.6,7412.1,5622.2,5196.1,5444.4,6225.4,4848.6,3211.5,5114.4,5239.6,5501.8,5920.3,7735.0,5103.9,5447.3,3576.8,4143.4,10903.4,8114.8,2455.6,3702.3,2917.7,5276.2,6101.7,2596.2,7668.9,9561.0,6181.5,24577.3,2569.2,5105.8,3062.2,3864.5,4655.2,2498.1,6851.1,5794.2,3797.3,5440.4,3299.2,7753.6,5158.7,7721.2,8832.3,7689.8,2858.0,2281.2,6383.5,6884.2,4146.4,6454.6,10106.1,5212.1,9603.1,54.6,2725.9,9707.5,1411.7,1914.6,11083.9,13329.1,7889.1,10176.8,5853.9,9094.2,3223.5,5142.5,3539.9,4582.3,2016.6,2927.0,4299.2,5271.1,4319.7,0.0,7889.5,8855.2,6083.1,4033.8,4695.7
261,3415.6,3810.8,5468.5,3057.7,2938.2,2920.8,2966.4,3501.7,5809.3,6142.3,5242.1,3527.4,2920.3,3259.5,3310.4,6804.7,1593.5,2538.8,2842.3,6454.3,667.2,8398.6,4543.5,3905.6,7533.7,11466.3,5948.8,2197.3,3873.7,4059.5,3093.8,3367.1,2986.9,6577.5,13110.3,3789.3,3822.9,2612.0,5449.9,3487.3,2967.8,3212.2,3202.7,3872.2,3728.4,3176.2,4439.4,9857.6,2680.7,2616.0,10434.1,4189.7,2021.0,2949.5,2972.5,3886.6,3388.1,3609.7,2885.1,2767.1,5532.5,2882.4,5282.9,3367.1,3298.6,3219.1,3378.0,3728.4,2988.9,2916.1,3080.6,2988.6,3467.9,3491.9,2812.0,3241.8,5460.9,2832.2,2918.1,3668.3,3120.0,3349.4,7626.3,10071.4,3434.1,10071.4,6755.0,3154.6,10863.8,3403.8,3078.2,3572.2,2751.3,10090.6,3277.7,9359.3,9825.0,6142.4,13778.4,6471.0,11035.4,5160.6,7863.9,7485.9,2885.1,464.3,6142.4,11035.4,6471.0,9806.6,6700.1,5903.8,6142.4,2822.8,5160.6,1944.0,6168.9,2822.8,10929.5,13762.8,13771.4,13727.2,2613.7,6317.5,3486.7,2950.2,2156.1,151.7,11847.2,2933.3,10434.1,10434.1,10473.9,7731.4,7834.4,7834.4,96.0,0.0,10471.1,11360.0,6168.9,5552.2,2929.2,5141.1,2943.6,2272.5,11110.0,5424.9,6142.4,10071.4,7863.9,4078.0,2920.6,3000.1,3136.6,2983.3,2955.6,3877.9,3159.4,3872.6,3456.0,2968.9,7080.6,3083.4,3240.5,3544.0,2199.9,6119.6,2719.5,2887.7,3974.3,3506.1,3072.3,3970.5,3200.5,3250.5,3819.1,3369.8,2826.1,3316.6,9050.3,2623.5,2982.4,3250.5,1828.9,3501.7,5734.6,3133.7,3060.7,3202.7,2477.5,10456.1,2930.2,3061.9,10829.1,4235.9,7535.6,464.3,5936.2,4986.8,10750.2,6804.7,7485.9,10428.7,267.7,11505.8,13586.9,29750.5,5348.5,2872.3,10894.7,4285.6,3487.3,6563.6,9794.3,2932.0,11193.3,3448.1,10778.9,4240.4,2869.8,9359.3,10794.1,220.6,5903.8,8895.2,9158.1,14350.2,11702.3,9227.2,12816.5,10480.5,11634.0,7857.8,9482.0,2390.2,7974.3,9747.1,13194.3,15572.5,10466.3,12207.7,9188.1,12000.0,10583.3,2940.2,10719.3,3834.1,8554.8,9640.3,11653.3,6406.0,3733.0,7889.5,0.0,1458.0,7474.8,5209.0,6142.3
263,4648.5,4960.2,6455.2,3858.6,4157.3,4122.7,4185.4,4734.6,5964.4,6297.4,6228.8,4760.3,4153.1,4492.4,2823.4,6959.8,772.5,3372.7,4061.3,7441.0,1993.4,9179.8,3195.1,5124.7,7688.8,11621.5,6103.9,3399.2,5023.1,3459.8,3894.7,4586.2,4353.7,6732.6,13534.6,5003.7,5055.8,3978.8,6436.6,4706.3,4169.7,4445.0,4435.6,5091.3,4961.3,4409.1,5023.9,10012.8,4047.5,3982.8,10589.3,5124.3,3253.9,4182.4,4205.3,5105.6,4620.9,4828.7,3040.2,4120.1,6498.2,4084.3,6269.6,4600.0,4531.5,4451.9,4610.8,4403.6,4355.7,4133.2,4313.4,4221.4,4700.8,4724.8,4178.8,4474.6,6447.6,4199.0,4120.0,4861.8,4339.1,4582.2,7781.5,10226.6,4653.1,10226.6,7720.7,4387.5,11018.9,4679.7,1778.3,4588.0,3970.4,10245.8,4510.6,9514.4,9980.2,7108.1,14202.7,6626.1,11190.5,5315.8,6579.9,7641.0,3040.2,1153.0,7108.1,11190.5,6626.1,9961.7,5416.1,6059.0,7108.1,2843.1,5315.8,3176.9,7134.6,2843.1,11710.8,14187.1,14195.8,14151.5,3846.5,6472.6,4502.4,4169.3,3358.0,1477.9,12002.4,4152.3,10589.3,10589.3,10785.5,6447.4,7989.6,7989.6,1437.0,1458.0,10782.6,11515.1,7134.6,6538.9,4138.7,6106.8,4159.7,3505.3,11891.2,5580.0,7108.1,10226.6,6579.9,5225.8,4122.5,4219.2,4369.5,4202.3,4188.5,5097.0,4435.3,5000.7,4688.9,4170.8,7861.8,3949.3,4473.4,4763.0,3401.8,7085.3,3517.4,4120.5,5207.2,4738.9,4305.1,5202.1,4433.4,4483.3,5038.1,4588.8,4045.1,4549.5,9205.4,3856.3,4184.3,4483.3,3061.8,4734.6,5889.7,4352.7,4279.7,4435.6,3710.4,10611.2,4139.7,4294.8,10984.2,5170.5,6251.6,1153.0,6901.9,5141.9,11079.1,6959.8,7641.0,10740.2,1583.2,11661.0,14368.1,29905.7,6314.2,4091.3,11014.3,5251.2,4706.3,7550.3,9949.5,4164.9,11974.6,4680.9,11560.1,3281.6,4071.7,9514.4,10949.3,1552.5,6059.0,9050.4,9313.2,15141.0,11857.4,9382.3,12971.6,10635.7,11789.1,8823.5,9637.1,3367.8,8129.5,9870.7,13349.5,15727.6,10621.5,12362.8,9343.2,12155.1,10738.4,4142.1,10874.4,5067.0,8709.9,9795.4,11808.4,6561.1,4748.7,8855.2,1458.0,0.0,7630.0,5364.1,6297.4
264,7770.2,6784.4,6333.6,5840.0,6888.9,6165.1,6863.2,7453.6,3760.0,1387.4,6107.2,8157.7,7184.8,7529.8,5722.1,811.6,7071.7,5890.4,6748.2,6499.9,7777.2,7492.4,5803.6,7067.4,198.6,4279.5,3763.8,6539.9,6833.6,6090.0,5876.0,6899.9,8794.8,1410.4,9724.1,6887.8,7210.6,8076.0,6315.0,6884.4,6344.9,7734.6,7473.0,7066.9,7286.9,7146.1,5601.4,2670.8,8187.9,8100.4,6595.9,6016.9,7032.1,7194.9,7217.9,6858.0,7736.6,7434.1,4916.7,8014.5,5683.2,6284.2,6148.0,7777.9,7579.7,7465.1,7588.5,5903.9,8515.0,6569.6,7326.0,7258.8,7729.9,7693.4,8689.5,7373.1,6326.0,8140.3,6289.8,6681.3,7062.6,7766.7,4696.0,2884.6,6676.5,2884.6,5595.5,7400.0,5670.0,8405.6,7520.4,6401.4,6704.1,3013.2,7364.4,2172.4,2638.2,4680.0,10392.2,2739.2,3848.6,2800.0,4481.9,93.2,4916.7,7374.3,4680.0,3848.6,2739.2,2619.8,3726.0,3718.9,4680.0,10118.2,2800.0,6955.1,4816.0,10118.2,8658.2,10376.6,10385.2,10341.0,7164.6,1374.6,6315.8,6988.6,6833.1,7494.7,4660.4,6930.4,6595.9,6595.9,7214.3,4072.1,647.6,647.6,7453.9,7474.8,7284.5,4282.5,4816.0,6305.4,6526.4,5461.2,6584.6,7183.5,8853.1,2415.3,4680.0,2884.6,4481.9,6685.0,6338.7,6892.1,7362.7,6913.8,7201.0,6873.6,8295.1,6689.4,7561.2,6340.6,6812.8,5930.7,7729.0,7076.7,6763.9,4766.8,6012.4,7135.6,7051.6,7517.6,7317.7,7037.6,7470.8,7513.7,6937.4,6902.5,6973.6,7786.5,1863.4,7289.4,6399.9,7513.7,6925.7,7453.6,3549.6,6921.0,6802.1,7473.0,7472.6,3378.7,6525.4,7098.3,6990.8,5915.0,4136.3,7374.3,4571.2,2890.4,7489.1,811.6,93.2,7251.8,7372.8,4319.0,11315.6,22563.7,5242.1,6773.1,7181.6,6475.8,6884.4,6984.4,2716.9,7424.3,8936.5,8045.4,8433.3,6621.9,6362.5,2172.4,3607.3,7393.7,3718.9,5964.9,2080.6,11330.5,7931.5,2149.7,5629.6,5277.8,4447.1,6117.8,6477.7,9694.5,5044.0,6785.3,6007.5,8385.6,3388.9,5020.9,2260.8,4813.1,6905.7,6486.9,6881.0,7187.2,5369.6,5767.9,7882.5,1134.0,6562.1,6083.1,7474.8,7630.0,0.0,2320.7,1387.4
265,5449.5,4463.6,4012.9,3574.1,4623.0,3899.2,4597.4,5132.9,1439.3,933.4,3786.5,5837.0,4918.9,5263.9,3456.2,1595.7,4805.8,3624.6,4482.3,4179.2,5511.4,5171.6,6414.8,4746.7,2324.7,6257.4,1480.4,4274.0,4512.8,3824.1,3610.2,4634.0,6528.9,1861.6,8399.9,4567.0,4889.8,5810.2,3994.2,4939.4,4079.1,5468.8,5207.1,4746.1,4966.2,4880.2,3335.5,4648.7,5922.1,5834.5,5454.5,3751.0,4766.3,4929.1,4952.0,4537.3,5415.8,5113.3,2650.8,5748.6,3362.5,4018.3,3827.3,5457.2,5313.8,5199.3,5267.8,3638.0,6249.1,4303.8,5060.1,4992.9,5464.0,5372.7,6423.6,5107.3,4005.2,5874.4,4023.9,4415.4,4796.7,5446.0,2646.8,4862.5,4410.6,4862.5,3274.8,5134.1,5739.7,6139.8,5254.5,4135.5,4438.3,4881.7,5098.5,4150.3,4616.1,2360.4,9068.0,1346.9,5826.4,480.8,7834.1,2339.4,2650.8,5108.4,2360.4,5826.4,1346.9,4597.6,6670.3,1435.4,2360.4,7852.3,480.8,4689.2,2480.4,7852.3,6941.1,9052.4,9061.0,9016.8,4898.7,1108.5,4049.9,4722.8,4567.2,5228.8,6638.2,4664.5,5454.5,5454.5,5650.7,7701.7,2625.5,2625.5,5188.0,5209.0,5647.9,6151.0,2480.4,3984.7,4260.6,3140.4,4318.7,4917.6,7130.9,288.6,2360.4,4862.5,7834.1,4364.3,4072.8,4626.2,5096.8,4647.9,4935.2,4552.9,6029.2,4368.6,5240.5,4074.7,4492.1,3664.8,5463.1,4810.9,4498.0,2431.2,3746.5,4869.7,4730.9,5196.9,5051.8,4716.9,5204.9,5247.9,4616.7,4636.6,4707.7,5465.8,3841.3,5023.6,4134.0,5247.9,4659.8,5132.9,1266.2,4655.1,4536.2,5207.1,5206.8,5247.1,4259.6,4832.5,5849.5,3649.2,7505.9,5108.4,2250.5,569.7,5944.3,1595.7,2339.4,5605.5,5106.9,6296.9,9598.5,24541.5,2921.4,4507.2,5879.6,4155.1,4939.4,4663.6,4585.4,5158.5,7214.2,5724.7,6716.2,4356.1,4096.6,4150.3,5585.2,5127.8,1435.4,3915.7,3949.1,10006.3,6722.7,4018.2,7607.5,5356.4,6425.0,4068.5,4502.4,7428.6,2994.7,4736.0,7985.4,10363.5,5257.4,6998.7,3979.1,6791.0,5603.7,4221.0,5739.7,4866.5,3575.2,4660.7,6673.7,1508.7,4296.2,4033.8,5209.0,5364.1,2320.7,0.0,933.4
146,6382.8,5397.0,4946.2,4507.5,5556.4,4832.6,5530.7,6066.2,2372.7,0.0,4719.9,6770.3,5852.2,6197.3,4389.6,662.4,5739.2,4557.9,5415.7,5112.5,6444.7,6105.0,7348.1,5680.0,1391.4,5324.0,2376.4,5207.4,5446.2,4757.5,4543.5,5567.3,7462.2,1075.7,9061.8,5500.4,5823.2,6743.5,4927.6,5872.8,5012.4,6402.1,6140.4,5679.5,5899.5,5813.6,4268.8,3715.3,6855.4,6767.9,6116.4,4684.4,5699.6,5862.4,5885.3,5470.6,6349.2,6046.7,3584.2,6681.9,4295.9,4951.6,4760.7,6390.5,6247.2,6132.6,6201.1,4571.4,7182.5,5237.1,5993.5,5926.3,6397.4,6306.0,7357.0,6040.6,4938.6,6807.8,4957.3,5348.8,5730.1,6379.3,3308.7,3929.1,5343.9,3929.1,4208.1,6067.5,5269.0,7073.1,6187.9,5068.8,5371.6,3948.3,6031.8,3217.0,3682.7,3292.6,9729.9,1385.5,4893.1,1412.6,5745.5,1406.0,3584.2,6041.7,3292.6,4893.1,1385.5,3664.3,4989.6,2331.5,3292.6,8785.6,1412.6,5622.6,3428.6,8785.6,7603.0,9714.3,9723.0,9678.7,5832.0,202.4,4983.2,5656.1,5500.6,6162.2,5704.9,5597.9,6116.4,6116.4,6312.6,5335.7,1692.1,1692.1,6121.4,6142.3,6309.8,5217.7,3428.6,4918.0,5193.9,4073.8,5252.0,5851.0,7792.8,1027.9,3292.6,3929.1,5745.5,5297.7,5006.2,5559.6,6030.2,5581.3,5868.5,5486.3,6962.6,5302.0,6173.8,5008.1,5425.4,4598.2,6396.5,5744.2,5431.4,3379.4,4679.9,5803.0,5664.2,6130.3,5985.1,5650.2,6138.3,6181.2,5550.1,5570.0,5641.1,6399.1,2907.9,5956.9,5067.4,6181.2,5593.1,6066.2,2162.2,5588.5,5469.6,6140.4,6140.1,4313.8,5192.9,5765.8,6511.4,4582.5,5399.9,6041.7,3183.8,1503.0,6606.2,662.4,1406.0,6267.4,6040.2,5363.5,10260.4,23608.2,3854.7,5440.6,6541.5,5088.4,5872.8,5597.0,3652.0,6091.8,7876.1,6658.0,7378.1,5289.4,5030.0,3217.0,4651.8,6061.2,2331.5,4577.6,3015.8,10668.2,7384.6,3084.8,6674.2,4885.8,5491.7,4730.4,5164.3,8362.0,3656.7,5397.9,7052.0,9430.1,4324.0,6065.4,3195.9,5857.7,6265.6,5154.3,6401.6,5799.9,4237.1,5322.6,7335.6,617.4,5229.6,4695.7,6142.3,6297.4,1387.4,933.4,0.0
