id,title,address,description,category_id,url,lon,lat,time,tag
57,Памятник Петру 1,"Нижний Новгород, Нижне-Волжская набережная","<p>Памятник Петру 1 открыт 24 сентября 2014 года. Он установлен напротив Зачатьевской башни Нижегородского кремля. Авторы работы — известные нижегородские скульпторы Алексей Щитов и архитектор Сергей Шорохов. Высота бронзовой статуи — 3,7 метра, гранитного постамента — 3 метра.
<br>
<br>Памятник Петру 1 представлен в виде стоящей фигуры императора. Он стоит спиной к Кремлю, его взгляд устремлен на широкие волжские просторы. Левая рука царя откинута назад, а в правой он держит свое постановление 1714 года: «Нижегородской губернии быть особо».
<br>
<br>Скульптура установлена в память о посещении Нижнего Новгорода царской особой. Первый раз Петр1 заезжал в город в 1695 году по пути в Азов. Он разместился в доме, сегодня известном как «Домик Петра». Второй раз император приезжал в город в 1722 году при походе на Персию. Он приказал построить верфь, для создания кораблей нового типа, а также отметил 30 мая свой 50-летний юбилей. <br></p>",1,,44.003277,56.331576,10.0,MONUMENTS_SCULPTURES
51,Памятник Максиму Горькому,"Нижний Новгород, Суетинская улица","Памятник великому русскому писателю Максиму Горькому установлен на набережной Федоровского. Бронзовый монумент выполнен в виде фигуры писателя, сидящего на камне и опирающегося на свою любимую трость. Писатель выглядит задумчивым, он словно любуется раскинувшимся перед ним прекрасным пейзажем на слиянии двух великих рек Оки и Волги и размышляет о судьбе русского народа. Памятника выполнил в 1957 году скульптор Иван Шмагун. Монумент несколько раз менял место своего расположения. Более 10 лет он провел в Зеленом городе перед Домом учителя. На набережную Федоровского он переехал лишь в 1972 году.",1,,43.983546,56.32448,10.0,MONUMENTS_SCULPTURES
55,Имитация Шуховских башен,"Нижний Новгород, Окская набережная","<p>Две реплики Шуховской башни находятся на территории Стрелки недалеко от Пакгаузов. Высокие металлические конструкции являются копиями уникального сооружения инженера Владимира Шухов, установленного под Дзержинском на левом берегу Оке. Оригинальная Шуховская башня — гиперболоидная многосекционная опора линии электропередачи, выполненная в виде несущей сетчатой оболочки. На данный момент В Нижегородской области осталась одна из шести конструкций.
<br>
<br>Второй гиперболоид — Шуховская телебашня на Шаболовке в Москве. Шуховская башня на Оке построена через семь лет после башни на Шаболовке и признаётся специалистами более совершенной. <br></p>",1,,43.97481,56.335607,15.0,MONUMENTS_SCULPTURES
122,Памятник Максиму Горькому,"Нижний Новгород, площадь Максима Горького","Памятник Максиму Горькому в Нижнем Новгороде, находящийся в сквере на площади Горького, был открыт 2 ноября 1952 года. Семиметровая бронзовая фигура Горького создана скульптором В. И. Мухиной, архитектурное решение принадлежит В. В. Лебедеву и П. П. Штеллеру. Скульптура отлита на Ленинградском заводе «Монументскульптура». Фигура Горького, высоко поднятая над площадью, установлена на четырехгранном постаменте, словно «вырастающем» из гранитной скалы. Вера Мухина создала образ молодого Горького в период его жизни в родном Нижнем Новгороде, именно в этот период он пишет знаменитую «Песню о Буревестнике».",1,,43.990747,56.313472,10.0,MONUMENTS_SCULPTURES
123,Памятник Козе-Дерезе,"Нижний Новгород, Большая Покровская улица","Памятник Козе-Дерезе (другое название — «веселая коза») появился на Большой Покровской в 2005 году, в то же время, что и другие скульптуры, изображающих жителей Нижнего Новгорода конца XIX века.
<br>Располагается это смешное и забавное изваяние на Театральной площади, и отнюдь не случайно — именно здесь с 1993 года проводится всероссийский фестиваль, эмблемой которого и является «веселая коза».",1,,44.002696,56.324157,7.0,MONUMENTS_SCULPTURES
124,Памятник Почтальону,"Нижний Новгород, Большая Покровская улица","Памятник Почтальону входит в серию скульптур, изображающих жителей Нижнего Новгорода конца XIX века. Установлен 10 сентября 2006 года и находится в самом конце пешеходной зоны по улице Большая Покровская.
<br>Местоположение памятника не случайно - он стоит в непосредственной близости от главного почтамта, где много лет назад находился ямской двор, являвшийся предшественником государственной почты. <br>",1,,43.994177,56.316436,7.0,MONUMENTS_SCULPTURES
125,Памятник Евгению Евстигнееву,"Нижний Новгород, Большая Покровская улица","На Большой Покровской улице в Нижнем Новгороде на самой обычной лавочке скромно сидит неприметный человек, как будто только что вышедший из Нижегородского драматического театра и присевший на скамейку отдохнуть. Тем не менее, имя этого человека известно всем в нашей стране — это памятник великому актеру Евгению Александровичу Евстигнееву.
<br>Как это часто бывает, и место, и время установки памятника не случайны. Он был торжественно открыт в сентябре 2006 года ко дню 80-летия артиста, в городе, где он родился, окончил театральное училище и начал сценическую карьеру. Автор памятника — скульптор Владимир Полянский.",1,,44.001879,56.32377,10.0,MONUMENTS_SCULPTURES
127,Памятник Минину и Пожарскому,"Нижний Новгород, Рождественская улица","Проект памятника Минину и Пожарскому был разработан еще в начале XIX века И.П. Мартосом, был объявлен сбор средств, но, когда набралась необходимая сумма, Комитет министров неожиданно принял решение установить этот памятник в Москве перед храмом Василия Блаженного, в Нижнем Новгороде же вместо этого был установлен обелиск. Историческая справедливость была восстановлена спустя почти два века – по инициативе московского мэра Лужкова скульптор Зураб Церетели создал точную уменьшенную копию этого памятника.",1,,43.99687,56.329867,10.0,MONUMENTS_SCULPTURES
129,Памятник бронепоезду «Козьма Минин»,"Нижний Новгород, Канавинский район","Рядом с Дворцом культуры железнодорожников находится необычный памятник — памятник бронепоезду «Козьма Минин».
<br>Судьба железной дороги тесно связана с судьбой страны. В годы Великой Отечественной войны, когда враг стоял у ворот Москвы, рабочие Горьковской железной дороги на собранные средства, в свободное от основной работы время трудятся над бронепоездом. И, вспомнив в трудную минуту о «спасителе Отечества», дают ему имя «Козьма Минин».<br>",1,,43.94595,56.311066,10.0,MONUMENTS_SCULPTURES
145,Керамическое панно «Град Китеж»,"г. Нижний Новгород, станция метро «Заречная»",Авторы мозаики — Татьяна и Валерий Гришины. Была создана в 1985 году. Входит в реестр произведений советского монументально-декоративного искусства Нижегородской области,10,,43.927694,56.284257,7.0,URBAN_ART
130,Памятник Александру Невскому,"Нижний Новгород, улица Стрелка","Торжественное открытие памятника состоялось в августе 2021 года в преддверии празднования 800-ти летия города.
<br>Место установки и эскиз монумента выбирали сами нижегородцы — в голосовании приняли участие почти 10 тысяч человек. Это первый конный памятник в Нижнем Новгороде. Его общая высота составляет 13 метров, а высота самой скульптуры — шесть метров.
<br>Монумент выполнен по эскизу команды специалистов под руководством скульптора, народного художника РФ Андрея Ковальчука. <br>",1,,43.972417,56.333265,10.0,MONUMENTS_SCULPTURES
53,Олень,"Нижний Новгород, историческая территория Старый Нижний Новгород","Серебристый олень расположен недалеко от катера «Герой». Этот блестящий красавец установлен в знак дружбы российского и венгерского народов в 2014 году и является подарком города-побратима Дьёр. Скульптура оленя — работа венгерского скульптора Габора Миклоша Жоке, она выполнена в оригинальной технике из металлических пластинок, ее высота — 5 метров. Олень для Нижнего Новгорода — особый символ, он изображен на гербе города.",1,,44.012111,56.332166,7.0,MONUMENTS_SCULPTURES
126,Памятник Козьме Минину,"Нижний Новгород, площадь Минина и Пожарского","Памятник русскому национальному герою, который, обладая огромной энергией и ораторским даром, организовал сбор средств у сограждан на борьбу за освобождение Родины и стал одним из руководителей Земского ополчения 1611-1612 годов в период борьбы русского народа против польской интервенции, гражданину Кузьме Минину установлен на площади Минина и Пожарского напротив Дмитровской башни Нижегородского кремля. Монумент был торжественно открыт 7 ноября 1943 года на переименованной в честь данного события площади Минина и Пожарского и стал первым памятником военных лет.",1,,44.006836,56.326786,10.0,MONUMENTS_SCULPTURES
29,Александровский сад,"Нижний Новгород, Александровский сад","<p>Александровский сад – это парк культуры и отдыха в историческом центре Нижнего Новгорода. Он расположен на склоне реки Волги между Верхне-Волжской и Нижне-Волжской набережными и является памятником архитектуры областного значения. Это удивительно красивый парк в английском стиле, главная концепция которого — стремление к природности и естественности композиции. Его площадь — около 35 гектаров. Сад был основан в 1835 году по поручению императора Николая 1 и назван в честь его супруги Александры Федоровны. До 19 века на его месте располагались жилые дома и церкви Панской слободы. По указу царя все здания снесли и началась масштабная стройка: укрепляли склон, выравнивали территорию, формировали дорожки аллей, высаживали деревья, по верхней линии набережной строили дома и дорогу. Стилистику нового парка разрабатывал придворный садовник Карл Петцольд.Императорский парк стал излюбленным местом отдыха горожан и первым общественным парком в истории Нижнего Новгорода. Здесь проходили концерты, выступали фокусники и акробаты, русские и цыганские песенники.За появление в городе этого необычного парка мы должны поблагодарить Николая I, который распорядился разбить его на Откосе, на том самом месте, где прежде горожане устроили свалку бытовых отходов. Именно там император, согласно преданию, прикрыв нос надушенным платком (так как от свалки исходило невыносимое зловоние), заметил, что в Нижнем Новгороде природа сделала все, чтобы город украсить, горожане — все, чтобы его испортить. Когда он отдал приказание разбить здесь парк, кто-то из свиты дерзнул возразить самодержцу. Неразумно устраивать парк на такой крутизне — мол, нижегородцы — люди равнинные, по горам гулять не приучены. На это император коротко и сухо ответил: «Пускай научатся».<br></p>",2,,44.010941,56.330232,40.0,PARKS_EMBANKMENTS
67,Парк Швейцария,"Нижний Новгород, парк Швейцария","<p>Парк «Швейцария» — один из крупнейших и старейших парков города. Он ведет свою историю с конца 19 — начала 20 века. Свое название получил из-за схожести с природными ландшафтами Швейцарии. Протяжённость парка 3,5 км, общая площадь — 380 га. Это одно из популярнейших мест отдыха нижегородцев и туристов. Гостей парка привлекает уникальная растительность и прекрасные видовые площадки. В «Швейцарии» можно увидеть сосну, орех маньчжурский, каштан, бархат амурский и многие другие деревья, возраст некоторых достигает 150 лет. Также в нем произрастают и краснокнижные растения, например: Лунник многолетний и Венерин Башмачок. К 800-летнему юбилею в парке «Швейцария» прошла масштабная реконструкция. Привели в порядок объекты культурного наследия — трехкилометровую ограду и входные группы, построенные в 1957 году. Кроме того, установили фонтаны, а также оборудовали современные комфортные площадки для отдыха детей и взрослых. В Советское время парк переименовали, сначала — в районный парк им. Кринова, потом — в парк им. Ленинского комсомола. Историческое название «Швейцария» вернулось лишь в 1993 году. Откосы парка Швейцария — точки притяжения нижегородцев и туристов. С высокого берега открывается удивительная панорама на Оку, ее изгибы и заречную часть Нижнего Новгорода. А вечерами с откоса приятно наблюдать за нижегородскими закатами.<br></p>",2,,43.979263,56.282221,70.0,PARKS_EMBANKMENTS
149,Мозаика «Серп и Молот»,"г. Нижний Новгород, станция метро «Двигатель Революции»",Автор мозаики — Владимир Логинов. Была создана в 1985 году. Входит в реестр произведений советского монументально-декоративного искусства Нижегородской области,10,,43.921408,56.277315,7.0,URBAN_ART
72,Щелоковский хутор,"Нижний Новгород, памятник природы регионального областного значения Щёлоковский хутор","Общественное пространство находится на территории Приокского и Советского районов, в зоне лесопарка «Щелоковский хутор», который был образован в 1965 году, а сейчас является парком природы регионального значения. Общая площадь особо охраняемой территории составляет 333,1 га (включая зону Марьиной рощи) – это единый массив естественного леса, сохранившийся на юго-востоке Нижнего Новгорода. Данное пространство является одним из самых больших в городе.",2,,44.01893,56.284829,80.0,PARKS_EMBANKMENTS
81,Парк Пушкина,"Нижний Новгород, Городской ландшафтный парк культуры и отдыха имени А.С. Пушкина","Парк Пушкина расположен в центре Нижнего Новгорода, недалеко от пешеходной улицы. Столетние березы, являющиеся частью культурного наследия, занимают почти половину территории — 5 га.
<br>История парка ведется с мая 1880 года и связана с открытием памятника Пушкину в Москве, когда предложили высаживать деревья в день рождения поэта. Инициативу переняли российские города, и уже через год в Нижнем Новгороде власти выделили участок под «Пушкинский сад». Будущий парк находился на окраине города, рядом с оврагами и местами для выгула скота. Первые зеленые насаждения и аллеи здесь появились почти через 30 лет. <br>",2,,43.99821,56.308973,30.0,PARKS_EMBANKMENTS
84,Сквер Свердлова,"Нижний Новгород, сквер имени Свердлова","Представляет собой небольшой озеленённый сквер на пересечении центральной нижегородской улицы Большой Покровской и улицы Октябрьской.
<br>Впервые сквер обозначается на картах Нижнего Новгорода в 1896 году, позже он именовался как Детский (или Марковский) садик.
<br>В ноябре 1957 к 40-летию Октябрьской революции в сквере открыли памятник Якову Михайловичу Свердлову.
<br>В 2020 году сквер был благоустроен по концепции Института развития городской̆ среды Нижегородской̆ области. В сквере появились места для отдыха, новые деревья, освещение, игровая зона, площадка для мероприятий и навес, под которым будет приятно ждать трамвай.
<br>В сквере Свердлова традиционно собирается клуб коллекционеров-старьёвщиков и по воскресеньям проводит блошиный рынок. <br>",2,,44.001921,56.321545,20.0,PARKS_EMBANKMENTS
86,Мещерское озеро,"Нижний Новгород, озеро Мещерское","Мещерское озеро в Нижнем Новгороде исполнило мечту многих горожан — получить пляж и водоем в шаговой доступности. Расположенное неподалеку от места впадения Оки в Волгу и окруженное новостройками, озеро заболачивалось и зарастало камышом, но в 2018 году в преддверии Чемпионата мира по футболу его решили привести в порядок. Теперь здесь есть благоустроенный пляж с лежаками, СПА-зонами и детскими площадками. Правда, качество воды оставляет желать лучшего, поэтому купаться здесь официально запрещено. Но это не мешает Мещерскому озеру особенно в жаркие дни оставаться одним из самых популярных мест отдыха для нижегородцев.
<br>Водоем сформировался на месте прежнего русла Волги. Еще в советское время он сообщался с рекой через протоку, но затем ее засыпали, чтобы построить на возвышении между озером и Волгой жилой квартал. Сегодня реку и водоем разделяет насыпь шириной около 700 метров.  <br>",2,,43.941571,56.337588,50.0,PARKS_EMBANKMENTS
172,Мозаика «Колобок»,"г. Нижний Новгород, ул.Надежды Сусловой, д.15, корп.2",Автор мозаики неизвестен. Была создана в 1978 году. Входит в реестр произведений советского монументально-декоративного искусства Нижегородской области,10,,44.044003,56.301798,7.0,URBAN_ART
87,Бурнаковское озеро,"Нижний Новгород, озеро Бурнаковской низины","Прилегающая к Волге территория в черте Нижнего Новгорода, на которой располагается мрн. Бурнаковский, посёлок Левинка, и несколько промышленных предприятий.
<br>Ранее территория Бурнаковской низины была застроена промышленными предприятиями топливно-энергетического комплекса такими как Сормовская ТЭЦ, Сормовская нефтебаза, завод 26 Бакинских комиссаров. Здесь был расположен накопитель отходов нефтепереработки (пруд кислых гудронов объемом около 10 тыс. т), а также городская станция снеготаяния. Несмотря на то, что нефтеперерабатывающие предприятия сейчас не работают, территория значительно загрязнена. Кроме того, в 30-90-е годы ХХ века в болотах Бурнаковской низины проводилось борьба с малярийными комарами путем закачки в них нефтепродуктов, что усугубило состояние почв.
<br>Тем не менее, на территории низины в районе пос. Левинка сохранились практически нетронутые участки лесов и озёра. <br>",2,,43.912291,56.344997,20.0,PARKS_EMBANKMENTS
88,Ботанический сад ННГУ,"Нижний Новгород, памятник природы регионального значения Ботанический сад ННГУ имени Н.И. Лобачевского","Ботанический сад Нижегородского Государственного университета им. Лобачевского в Нижнем Новгороде — это один из самых интересных ботанических садов в России. Он имеет статус особо охраняемой природной территории: здесь растут более 100 видов растений из Красной Книги. Всего же здесь можно встретить больше 5000 видов различных растений на территории около 30 гектар. Сад занимает участок рядом с Анкундиновским лесопарком — любимым местом отдыха нижегородцев. Здесь сохранилась большая дубрава, часть которой стала основой дендрария Ботанического сада.
<br>Ботанический сад позиционируется прежде всего как научное учреждение. Всего в его ведении находятся 4 учебно-научных лаборатории и биостанция, а за время его существования было издано более 700 книг, брошюр и статей. ",2,,44.007963,56.253885,10.0,ARCHITECTURE
89,Площадь Маркина,"Нижний Новгород, площадь Маркина","Площадь Маркина или в простонародье площадь у Речного Вокзала — площадь на Нижне-Волжской набережной между Речным Вокзалом и улицей Рождественская.
<br>Площадь названа в честь командующего Волжской флотилией Николая Маркина, который в сентябре 1918 года возглавил операцию по высадке десанта и взятию Казани. 1 октября 1918 года при проведении разведки на Каме в районе Пьяного Бора на канонерской лодке «Ваня» Николай Маркин попал в артиллерийскую засаду, в результате чего героически погиб вместе с судном.
<br>Площадь была названа в честь Маркина в 80-е годы, до этого она носила название Сафроновская.
<br>На площади есть фонтан и памятник Героям Волжской флотилии <br>",2,,43.988372,56.329078,10.0,STREETS_SQUARES
70,Парк Дубки,"Нижний Новгород, парк Дубки","Расположен в границах проспекта Ленина, улицы Новикова-Прибоя и Адмирала Нахимова. Парк находится на месте исторического произрастания дубов возрастом более 100 лет. В 2018 году началось комплексное благоустройство парка, в результате которого он полностью преобразился. Было заново смонтировано новое освещение, построены пешеходные дорожки, лыжня и дорожка для скандинавской ходьбы, установлена новая детская площадка с интересным оборудованием и благоустроена зелёная поляна для йоги. На территории появилась спортивная площадка, где можно поиграть в футбол, волейбол, баскетбол и даже в настольный теннис, а также площадка воркаута с различными тренажёрами. Для заводчиков собак в парке есть специальная площадка для выгула и тренировок.                       ",2,,43.919475,56.268282,20.0,PARKS_EMBANKMENTS
71,Автозаводский парк,"Нижний Новгород, Центральный парк культуры и отдыха Автозаводского района","Основан в 1935 году, имеет площадь 69,9 га, в том числе 2 искусственных пруда. Автозаводский парк — объект культурного наследия и настоящий памятник ландшафтной архитектуры. Основной достопримечательностью парка являются деревянные Главные ворота с башенками-павильонами — яркий представитель крайне редких на сегодня сооружений, сохранивших первоначальный исторический облик. В парке расположена аллея фонтанов, в которую входят 14 маленьких фонтанов, большой центральный фонтан и круглый фонтан у зенитной установки. В 2019 году аллея фонтанов была реконструирована с сохранением исторического облика.",2,,43.854551,56.239625,50.0,PARKS_EMBANKMENTS
80,Парк 1 мая,"Нижний Новгород, улица Октябрьской Революции, 31к7","Парк им. 1 Мая — один из старейших в городе. Он был заложен в 1894 году и расположен на территории Всероссийской торгово-промышленной и художественной выставки 1896 г. Нынешний Парк им. 1 Мая занимает 15,25 % территории выставки. В настоящее время инфраструктура парка удовлетворяет потребности всех категорий населения, каждый найдет в парке занятия по своему интересу. В парке имеется 5 бесплатных детских площадок для самых маленьких посетителей. Зоны отдыха парка поделены на «тихую зону», расположенную около водоема и прогулочную аллею вдоль стадиона «Локомотив», а также активную зону — центральная аллея.
<br>	На центральной аллее сосредоточено большинство культурно-развлекательных объектов парка. Дельфинарий, дом «Вверх дном», лабиринт страха, зеркальный лабиринт, зоны аттракционов, центральная площадь, танцевальная площадка. Зоны аттракционов, в свою очередь, поделены на детскую и семейную. На территории парка действует семейный центр активного отдыха «Мадагаскар». <br>",2,,43.933981,56.311214,30.0,PARKS_EMBANKMENTS
82,Парк Кулибина,"Нижний Новгород, улица Максима Горького, 143","Парк Кулибина основан в 1940 году, находится в центре Нижнего Новгорода. Парк носит имя русского механика-изобретателя Ивана Кулибина, чья могила сохранилась на территории парка, где ранее находился городской погост.
<br>На сегодняшний день аттракционы советского времени демонтированы. Петропавловская церковь вернула свое религиозное предназначение. Часть прежних построек отремонтирована, часть снесена. В парке до сих пор продолжают расти могучие деревья — тополя и клены, березовые и липовые аллеи. Петропавловское кладбище имеет большое культурное значение, однако в парке нет памятных табличек, рассказывающих о прошлом этого места.
<br>На территории парка можно увидеть несколько объектов современного искусства",2,,44.007347,56.314984,10.0,PARKS_EMBANKMENTS
85,Парк 800-летия,"Нижний Новгород, Петушковская гора","Парк 800-летия Нижнего Новгорода появился в рамках инфраструктурной программы «Среда 800» при участии фонда поддержки социальных инициатив «Газпрома». Открытие парка состоялось 11 декабря 2021 года. Основу нового парка составляет набережная Федоровского - уже известное туристическое место в Нижнем Новгороде.
<br>На набережной благоустроили два амфитеатра - большой и малый, расположившись на которых можно любоваться видами. Пространство осветили более 1000 светильников, памятники и мосты украсила современная подсветка, появилась инсталляция из 300 светильников с функцией динамического освещения с разными программами. Также были установлены панорамные стеклянные кабинки, а еще детские аттракционы и спортивная площадка. На территории появился общественный туалет, доступный для маломобильных горожан. С набережной открывается великолепный вид на Стрелку - место впадения Оки в Волгу, новый стадион Нижний Новгород и собор Александра Невского.<br>",2,,43.983433,56.32509,40.0,PARKS_EMBANKMENTS
225,Парк «Швейцария»,"Нижний Новгород, парк Швейцария","Начало истории парк берет в 1903 году, когда учителями Нижегородских гимназий со своими воспитанниками было высажено в районе остановки Мыза первые деревья. Это были сосны, причем, около каждого дерева была табличка участника, посадившего это дерево. Созданный зеленый массив за неповторимую красоту был назван жителями города «Русская Швейцария». Сейчас «Швейцария» занимает рекордную площадь — 52 га и протянулась на 4 км над лесистыми откосами берега Оки. В составе древесных пород парка представители местной флоры: дуб, липа, береза, клен, много лиственницы, есть сосна, тополь. Присутствуют и высокодекоративные экзоты: дуб красный, клен Гиннала, орех маньчжурский, бархат амурский, каштан конский, черемуха Мака, вишня Пеньсельванская, различные виды спирей и боярышников.",2,,43.973357,56.27449,70.0,PARKS_EMBANKMENTS
140,Макет памятника Горькому,"Нижний Новгород, площадь Максима Горького","Тактильный макет достопримечательности для лиц с ограниченными возможностями здоровья. Для достоверной передачи деталей и соблюдения масштабов при создании макетов использовалась технология лазерного сканирования памятников архитектуры. На объектах есть историческая справка, QR-код и текст Брайля, который помогает узнавать о достопримечательностях Нижнего Новгорода людям с нарушениями зрения.",3,https://nn-grad.ru/audiogidy/,43.990653,56.313612,10.0,MAKETS
143,Макет домика Петра,"Нижний Новгород, ул. Почаинская, 27","Тактильный макет достопримечательности для лиц с ограниченными возможностями здоровья. Для достоверной передачи деталей и соблюдения масштабов при создании макетов использовалась технология лазерного сканирования памятников архитектуры. На объектах есть историческая справка, QR-код и текст Брайля, который помогает узнавать о достопримечательностях Нижнего Новгорода людям с нарушениями зрения.",3,https://nn-grad.ru/audiogidy/,43.995317,56.325432,7.0,MAKETS
12,Набережная Гребного канала,"Нижний Новгород, историческая территория Старый Нижний Новгород","<p>

</p><p>Набережная вдоль Гребного канала, протяженностью около трех километров. Набережную Гребного канала благоустроили к 800-летию Нижнего Новгорода. Обновленное место, а особенно Судейская вышка, стало популярным среди нижегородцев и гостей города. Сам Гребной Канал — искусственный водоем вдоль побережья Волги. Он появился на карте Нижнего Новгорода в 1976 году, после того как искусственная дамба соединила правый берег Волги и остров Печерские пески. В итоге получился узкий, шириной до 150 метров, и неглубокий, глубиной около 5 метров, водоем. Он стал прекрасным местом для занятия греблей, и так получил свое нынешнее название. Длина дамбы — около 1200 метров, по ней проложена дорога, заканчивающаяся тупиком. Вдоль канала расположился обустроенный пляж. Летом 2021 года в Нижнем Новгороде проходил фестиваль скульптур «Вдохновение». Девять художников из России и Белоруссии выпиливали композиции из известняка прямо на улице, посмотреть на процесс могли все желающие. В 2022 году для размещения скульптур выбрали площадку между парком Победы и пустующим эллингом на Гребном канале и создали на этой территории Парк скульптур. Сам же эллинг переделали под физкультурный комплекс «Горадром».<br></p>",4,,44.04801,56.326051,40.0,PARKS_EMBANKMENTS
227,Парк Станкозавода,"Нижний Новгород, парк Станкозавода","Расположен в Ленинском районе в границах улиц Перекопской, Арктической, Гончарова и реки Борзовка. Парк был организован вблизи Нижегородского Завода Фрезерных Станков в 1950-е годы. После банкротства завода в 1990-е парк пришёл в запустение. В 2011 году здесь был построен физкультурно-оздоровительный комплекс «Заречье», после чего территорию немного привели в порядок. В марте 2020 года благодаря усилиям неравнодушных жителей Ленинского района состоялась презентация концепции развития парка в рамках федеральной программы «Формирование комфортной городской среды», а уже к концу года благоустройство территории было завершено.",2,,43.940886,56.278073,20.0,PARKS_EMBANKMENTS
226,Парк Светлоярский,"Нижний Новгород, парк Светлоярский","Парк площадью более 9 га был основан в 1971 году к 750-летию Нижнего Новгорода в Сормовском районе вокруг одного из самых чистых водоёмов города — Светлоярского озера. Ранее здесь был карьер, где добывали материалы для силикатного производства (недалеко располагается завод). В 60-х в результате заполнения котлована грунтовыми водами на его месте и образовалось озеро, которое назвали в честь знаменитого озера Светлояр. В летний период парковая зона используется в качестве пляжа, места для рыбалки, занятий спортом и просто для тихого отдыха. В холодное время года парк хорош для пеших и лыжных прогулок.",2,,43.825376,56.358805,30.0,PARKS_EMBANKMENTS
14,Набережная Федоровского,"Нижний Новгород, набережная Федоровского","<p>Набережная Федоровского расположена в историческом районе Нижнего Новгорода — Започаинье, на окском откосе, параллельно Рождественской улице. Свое название набережная обрела в честь известного советского ученого, доктора геолого-минералогических наук Николая Федоровского. Она фактически стала визитной карточкой города, благодаря живописным видам панорамы города. Виды с нее открываются поистине прекрасные: старый город, Канавинский мост, противоположный берег реки с собором Александра Невского, и конечно же, стрелка Оки и Волги. Многие приходят сюда полюбоваться закатами.
<br>На набережной находится целый ряд знаковых для города и привлекающих внимание мест, среди которых церковь пророка Ильи, радиусный дом, здание школы им.Ломоносова, дом Кулибина, памятники Максиму Горькому и Жюлю Верну.
<br>
<br>Уже не первый десяток лет набережная Федоровского является излюбленным местом для прогулок всех поколений нижегородцев. Здесь встречают рассветы и провожают закаты, празднуют свадьбы и дни рождения или просто наслаждаются завораживающей городской панорамой.
<br>
<br>После благоустройства к 800-летию Нижнего Новгорода любоваться городскими пейзажами с набережной Федоровского стало еще удобнее и приятнее — здесь появился новый Парк-800. Пожалуй, самым эффектным местом для наблюдений станет большой амфитеатр с памятником Максиму Горькому на вершине. У нижних ступеней разместились скамейки-качели и крутящиеся кресла. Вдоль всего верхнего променада появились стеклянные беседки-«аквариумы». Прозрачные конструкции призваны защитить отдыхающих от дождя и ветра. Для любителей настоящего релакса на второй террасе установили гамаки. На нижних уровнях также обустроили смотровые площадки с лавочками, качелями и теневыми навесами. <br></p>",4,,43.985295,56.325238,30.0,PARKS_EMBANKMENTS
15,Нижне-Волжская набережная,"Нижний Новгород, Нижне-Волжская набережная","Нижне-Волжская набережная — одна из самых протяженных улиц в историческом центре Нижнего Новгорода, ее длина 3 км. Она пролегает вдоль Волги от Казанского съезда до Канавинского моста.
<br>На ней расположено множество памятников архитектуры и городских достопримечательностей, связанных с историей города. Среди них — Чкаловская лестница и катер «Герой» у её подножия, речной вокзал, краснокирпичные казармы прямо под кремлем, корпуса банка Рукавишниковых и множество других значимых построек. Сегодня это излюбленное место для прогулок нижегородцев и гостей города. На набережной есть зоны для отдыха и велосипедных прогулок. С нее открывается чудесный вид на место слияний Оки и Волги — знаменитую Стрелку. По вечерам здесь можно наблюдать прекрасные закаты, благодаря которым Нижний Новгород получил звание «Столица закатов». <br>",4,,43.991344,56.330481,90.0,PARKS_EMBANKMENTS
16,Казанская набережная,"Нижний Новгород, Казанская набережная","Казанская набережная – самая короткая набережная Нижнего Новгорода. Строили эту улицу еще по царскому указу. Так что начало она берет в далеком 1830 году. Набережная обязана своим рождением царю Николаю I и архитекторам Ивану Ефимову и Петру Готману.
<br>Вообще-то два столетия назад набережная строилась как продолжение Верхне-Волжской. Но потом здесь возвели Соборную мечеть, и местность приобрела название татарской слободы. <br>",4,,44.037557,56.323067,10.0,PARKS_EMBANKMENTS
11,Окская набережная — Общественное пространство «Стрелка»,"Нижний Новгород, мыс Стрелка","<p>Стрелка – место слияния двух великих русских рек Волги и Оки. Одна из самых красивых точек Нижнего Новгорода — место впадения Оки в Волгу. Берег Стрелки может похвастаться современной и благоустроенной площадкой для отдыха нижегородцев и гостей города. Здесь расположен уютный парк, вдоль набережной размещены смотровые площадки с биноклями, амфитеатр, с которого открываются потрясающие виды на реку и исторический центр города. На Стрелке расположен Кафедральный собор во имя святого благоверного князя Александра Невского, стадион «Нижний Новгород», памятник архитектуры Пакгаузы.<br></p>",4,,43.976589,56.334505,30.0,PARKS_EMBANKMENTS
138,Макет палат Олисова,"Нижний Новгород, Нижегородский район, Крутой переулок, 7","Тактильный макет достопримечательности для лиц с ограниченными возможностями здоровья. Для достоверной передачи деталей и соблюдения масштабов при создании макетов использовалась технология лазерного сканирования памятников архитектуры. На объектах есть историческая справка, QR-код и текст Брайля, который помогает узнавать о достопримечательностях Нижнего Новгорода людям с нарушениями зрения.",3,https://nn-grad.ru/audiogidy/,43.990399,56.325792,7.0,MAKETS
150,Мозаика «Художественные промыслы»,"г. Нижний Новгород, ул. Покровская, д.43",Автор мозаики — Ким Шихов. Была создана в 1974 году. Входит в реестр произведений советского монументально-декоративного искусства Нижегородской области.,10,,43.995234,56.318136,5.0,URBAN_ART
13,Верхне-Волжская набережная,"Нижний Новгород, Верхне-Волжская набережная","<p>Набережная в историческом центре Нижнего Новгорода. Простирается вдоль откоса к Волге от площади Минина и Пожарского до Сенной площади.
<br>В 1834 году Николай I, будучи в Нижнем Новгороде с визитом, остался недоволен тем, что любование видами на Волгу и Заволжье омрачало присутствие домов бедняков, куч мусора и неприятные запахи, от них исходившие. В связи с этим он повелел обустроить откос в виде бульвара с городским садом. В 1836 году набережная была выложена булыжником и штакетником, и началась её застройка каменными домами по проектам лучших архитекторов. На набережной, непосредственно на откосе, был разбит Александровский сад, вдоль которого были оборудованы два съезда: Георгиевский (по названию находившейся в начале набережной Георгиевской церкви) и Казанский. <br></p>",4,,44.017039,56.329442,30.0,PARKS_EMBANKMENTS
131,Памятник Валерию Чкалову,"Нижний Новгород, Георгиевский съезд","<p>Одна из достопримечательностей Нижнего Новгорода, установлен вблизи Георгиевской башни Нижегородского кремля в честь знаменитого советского лётчика, совершившего первый беспосадочный перелёт из СССР в США через Северный полюс. От памятника к Волге спускается Волжская лестница, которую также называют «Чкаловской».
<br>Памятник легендарному лётчику-испытателю был открыт 15 декабря 1940 года, в день второй годовщины его гибели во время испытательного полёта. </p>",1,https://nn-grad.ru/audiogidy/,44.009444,56.329995,10.0,MONUMENTS_SCULPTURES
19,Улица Рождественская,"Нижний Новгород, Рождественская улица","Названа в честь церкви Рождества, построенной в 1653 году, в советское время называлась Кооперативной, а позже носила имя Маяковского.
<br>В регулярном плане города она появилась в 1770 году, тогда было решено застраивать её только каменными зданиями, чтобы избежать пожаров.
<br>После перевода ярмарки в Нижний Новгород, купцы построили здесь гостиницы, доходные дома, банки, так как улица находилась по пути между ярмаркой и центром Нижнего Новгорода.&nbsp;<br>",5,,43.988951,56.328575,30.0,STREETS_SQUARES
20,Торговый дом С.М. Рукавишникова (фабрика «Маяк»),"Нижний Новгород, Нижне-Волжская набережная, 11","<p>Торговый дом Рукавишникова на Нижне-Волжской набережной построен в 1911–1914 годах известным архитектором эпохи модерна Фёдором Шехтелем. Заказчиком здания выступил нижегородский купец-миллионер, меценат Сергей Рукавишников.
<br>Торговый дом выделяется среди других построек своим архитектурным стилем, он единственный в городе, выполненный в теме готики. Здание обладает сложным силуэтом, который формируют гранёные башенки — «фиалы» разной высоты. При его строительстве применены передовые технологии начала 20 века. Торговый дом органично соединен со зданием банка Рукавишниковых, фасад которого выходит на улицу Рождественскую. Он также построен по проекту Федора Шехтеля.
<br>
<br>В 1915 году в помещениях Торгового дома располагалось швейное производство военно-обмундировочной мастерской, в советское время — швейная фабрика «Маяк». Сегодня в здании находится академия «Росатома» — совместный проект правительства Нижегородской области и госкорпорации. Старинное здание Торгового дома Рукавишникова является памятником архитектуры и объектом культурного наследия. <br></p>",5,,43.993105,56.330355,10.0,ARCHITECTURE
21,Макет старого Нижнего Новгорода,"Нижний Новгород, Кремль","Бронзовый макет, изображающий в миниатюре сам кремль и прилегающие к нему улицы. Причем не в современном виде, а так, как эти места выглядели в дореволюционное время.
<br>Найти памятник несложно — он находится в Еловом сквере рядом с Министерством культуры Нижегородской области. На макете размером 2,8 на 2,1 м изображен кремль и 480 существующих и утраченных исторических зданий в пределах современных улиц Пискунова, Добролюбова, Ильинской и площади Маркина. <br>",5,,44.001881,56.326408,10.0,MAKETS
22,Ромодановский вокзал,"Нижний Новгород, Казанская площадь, 1","<p>Бывший железнодорожный вокзал Нижнего Новгорода, просуществовавший до 1974 года. Начало возведения — 1900 год. Окончание — 1904.
<br>Здание расположено по адресу Казанская площадь, 1. В настоящее время его занимает фирма «НоваКард» — производитель банковских карт, SIM-карт и транспортных карт, которая полностью отреставрировала здание вокзала. Свободный проход на территорию недоступен. <br></p>",5,,43.97078,56.316524,10.0,ARCHITECTURE
32,Завод «ГАЗ»,"Нижний Новгород, Автозаводский район","<p>Одно из крупнейших градообразующих предприятий страны в годы советской власти. Горьковский автозавод вступил в строй 1 января 1932 года. Предприятие было построено в тесном сотрудничестве с американской фирмой Ford Motor Company. Автомобили Ford-A и Ford-АА послужили основой для массового производства советских моделей — 1,5 тонного грузового автомобиля ГАЗ -АА и легковой машины ГАЗ-А. В годы войны автозавод переориентировал свою деятельность на нужды фронта и выпуск оборонной продукции. Предприятие выпускало легкие танки Т-60 и Т-70, «полуторки» ГАЗ-АА, самоходные установки, миномёты, снаряды для «Катюши».
<br>
<br>В послевоенное время автозавод с успехом выпускал легковые автомобили «Победа», «Волга», «Чайка». Сегодня на ГАЗе собирают различные модификации «Газелей», «Соболи», «Валдаи» и другую технику. Предприятие является частью автомобильного холдинга «Группа «ГАЗ».
<br>
<br>Указом Президиума Верховного Совета СССР автозавод награжден орденом Отечественной войны I степени за успешное выполнение заданий Государственного комитета обороны. У завода также имеются ордена Отечественной войны 1 степени, Ленина и Красного знамени. <br></p>",5,,43.882085,56.248057,15.0,ARCHITECTURE
38,Канатная дорога,"Нижний Новгород, Казанская набережная, 8А","<p>Это самая большая по протяженности и самая высокая в Европе междугородная канатная дорога. Она связывает Нижний Новгород и город Бор. Ее протяженность 3 362 метра, высота опор составляет 95 метров. Примечательно, что более 800 метров проходят над рекой. Канатная дорога на построена в 2012 году. Она способна ежедневно перевозить до 1000 человек. Всего за 15 минут можно добраться с одного берега Волги на другой. Прогулка по канатной дороге — это незабываемые впечатления, когда дух захватывает одновременно от высоты и от открывающихся видов.
<br>
<br>Нижегородская канатная дорога входит в Книгу рекордов Европы и в Книгу рекордов России, как дорога с самым большим пролетом над водой. <br></p>",5,,44.039311,56.323762,10.0,ARCHITECTURE
39,Соборная мечеть,"Нижний Новгород, Казанская набережная, 6","<p>Главный мусульманский храм Нижнего Новгорода открылся 20 марта 1915 года. Она стала второй мечетью города после Ярмарочной (не сохранилась до наших дней). Архитектором Соборной мечети стал Павел Домбровский. Ее главной отличительной особенностью является объединение минарета с куполом. В здании прекрасная акустика.
<br>
<br>Соборная мечеть расположена на Казанской набережной рядом с Сенной площадью. Это самая старая и самая известная мечеть города из ныне существующих. Она принадлежит татарской общине города и вмещает до 5000 верующих. Нижегородская Соборная мечеть признана объектом истории и культуры федерального значения.
<br>
<br>В период советской власти Соборная мечеть была превращена в детский сад и станцию скорой помощи. Как культовое сооружение, была возрождена в 1991 году. <br></p>",5,,44.037698,56.323332,10.0,RELIGIOUS_SITES
210,Мозаика «Сталевар»,"г. Нижний Новгород, ул. Чаадаева, д.1",Автор мозаики неизвестен. Была создана в 1960-е годы. Входит в реестр произведений советского монументально-декоративного искусства Нижегородской области,10,,43.857522,56.327391,7.0,URBAN_ART
25,Усадьба Вяхиревых,"Нижний Новгород, Черниговская улица, 12Б","Архитектурный ансамбль в историческом центре Нижнего Новгорода. Главный дом и флигели усадебного комплекса построены в 1838—1849 годах. Автор проекта — первый городской архитектор Нижнего Новгорода Г. И. Кизеветтер. Ансамбль состоит из пяти строений по адресу Черниговская улица, 12: главного дома, двух флигелей и двух проездных кирпичных арочных ворот. Исторические здания сегодня — объекты культурного наследия Российской Федерации.",5,,43.973897,56.321416,15.0,ARCHITECTURE
26,Нижегородский острог,"Нижний Новгород, площадь Свободы, 2А",Нижегородский острог — бывшая тюрьма в историческом центре Нижнего Новгорода. Острог представляет собой комплекс из тюрьмы и административного здания. Построен в виде прямоугольника с четырьмя башнями по углам. Вся территория обнесена кирпичной стеной. В настоящее время используется как музей.,5,,44.017128,56.317277,15.0,ARCHITECTURE
43,Дмитриевская башня,"Нижний Новгород, Кремль, 6А","<p>Дмитриевская башня — визитная карточка Нижнего Новгорода. Она занимает главенствующее место на нагорном участке Нижегородского кремля. Ее фасад обращен на центральную площадь города — площадь Минина и Пожарского. Дмитриевская башня — главный опорный пункт в обороне нагорного участка крепости. Она построена в центре верхнего посада, там, где в старину проходил Московский тракт.
<br>
<br>Современный облик в русском стиле башня получила в 1895 году. Годом позже, во время Всероссийской торгово-промышленной выставки, в ней организовали художественно-исторический музей. В 1965 году на шпиль башни водрузили позолоченный герб города в виде шагающего оленя. В 1994 году в киоте, над проездной аркой, установили надвратную икону святого благоверного князя, основателя Нижнего Новгорода Юрия Всеволодовича.
<br>
<br>По одной из версий башня получила свое название в честь великого князя Дмитрия Константиновича, по другой — в честь церкви во имя святого великомученика Димитрия Солунского, находившейся неподалеку. Церковь не сохранилась до наших дней, на ее месте сегодня установлен памятник Кузьме Минину. <br></p>",5,,44.005695,56.32711,7.0,ARCHITECTURE
47,Стены кремля,"Нижний Новгород, Кремль, 6","<p>Нижегородский кремль построен в начале 16 века. Протяженность его стен 2045 метров, высота от 12 до 22 м, толщина стен от 3,5 до 4,5 м. В летний период в стенах древней крепости действует круговой маршрут — боевой ход общей протяженностью более 2 км и уникальным перепадом высот с 30-ти этажный дом. Это самый длинный и единственный маршрут в России, где можно полностью обойти все стены и башни, полюбоваться городом с высоты, разглядеть детали через бинокль.
<br>
<br>В отличие от большинства русских кремлей, в нижегородском все башни лишь касаются линии стены, что позволяло создать большее число точек флангового (бокового) огня, расширить угол обстрела и вести перекрестный огонь из башен. Такой принцип планировки позволял оставить боевой ход стены свободным, что существенно облегчало движение по пряслу и перемещение тяжелой артиллерии при обороне крепости. <br></p>",5,,44.005706,56.327298,70.0,ARCHITECTURE
139,Макет Рождественской церкви,"Нижний Новгород, ул. Рождественская, 34","Тактильный макет достопримечательности для лиц с ограниченными возможностями здоровья. Для достоверной передачи деталей и соблюдения масштабов при создании макетов использовалась технология лазерного сканирования памятников архитектуры. На объектах есть историческая справка, QR-код и текст Брайля, который помогает узнавать о достопримечательностях Нижнего Новгорода людям с нарушениями зрения.",3,https://nn-grad.ru/audiogidy/,43.984651,56.327311,7.0,MAKETS
49,Северная башня,"Нижний Новгород, Кремль, 1В","<p>Круглая башня Нижегородского кремля. Расположена в нагорной части между Тайницкой и Часовой башнями. Свое название она получила, потому что стена, протянувшаяся от Тайницкой башни в сторону Северной, совпадает с направлением на север. Северная башня имела 4 яруса с боевыми окнами. По проходу в толще стены можно было спуститься в нижний ярус, там находилось небольшое помещение с лестницей и выход в город. Через эти ворота пропускали гонцов и бойцов, пополнявших армию во время осады крепости. Сейчас рядом с башней находится смотровая площадка, с которой открывается прекрасный вид на Стрелку, место слияния Оки и Волги.
<br>
<br>В 17 веке Северную башню также называли Наугольной, поскольку она занимала угол крепостной стены, поворачивающий от Почаинского оврага к склону Часовой горы. Еще одно название башни — Ильинская — из-за соседства с церковью Святого Ильи Пророка.
<br>
<br>В 1836 году Николай I распорядился устроить в Часовой и Северной башнях покои для себя и императрицы, чтобы любоваться оттуда великими рекам. Более того, в разговоре со свитой он выражал желание со временем отказаться от короны, передать власть наследнику и доживать свой век в Нижнем Новгороде. Однако его местам о «царской пенсии» не суждено было сбыться. Тем не менее, на некоторое время башни получили названия Николаевской и Александринской. <br></p>",5,,43.998183,56.328757,7.0,ARCHITECTURE
50,Казанская церковь,"Нижний Новгород, Зеленский съезд, 3","<p>Казанская церковь в Нижнем Новгороде находилась на Зеленском съезде у подножия кремля и считалась одной из старейших в городе. В 1687 году вместо деревянного храма был отстроен кирпичный. В 50-е годы 20 века церковь была разрушена. Ее возродили в 2012 году на месте более древнего строения по канонам русской православной церкви. Святыня Казанской церкви — икона с частицей мощей святителя Луки Крымского.
<br>
<br>Престольный праздник в честь иконы Божией Матери «Казанская» отмечается 4 ноября. История возрождения Казанской церкви связана с возникновением нового праздника — Дня народного единства, который также отмечается 4 ноября. <br></p>",5,,43.995645,56.328908,25.0,RELIGIOUS_SITES
151,Мозаика «Сказка 1»,"г. Нижний Новгород, пр. Гагарина, д.24 ",Автор мозаики — Валентин Любимов. Была создана в 1968 году. Входит в реестр произведений советского монументально-декоративного искусства Нижегородской области.,10,,43.985146,56.299251,7.0,URBAN_ART
61,Колесо Обозрения,"Нижний Новгород, историческая территория Старый Нижний Новгород","<p>Колесо обозрения открыто в 2021 году к 800-летнему юбилею Нижнего Новгорода. Высота сооружения — 50 метров. Колесо оборудовано современными комфортными кабинками со встроенной системой климат-контроля. С колеса открываются великолепные виды на городскую панораму: Волгу, канатную дорогу, трамплин, Печерский монастырь, Соборную мечеть, близлежащие кварталы.
<br>
<br>У основания колеса вы можете посетить кофейню Roastberry со вкусным горячими напитками и разнообразными закусками. Вас обслужит необычный официант — робот Дуняша. Прообразом Дуняши стала прекрасная девушка из Перми, мама 4 чудесных мальчиков, настоящая супермодель и первая «Миссис Пермь-2014» — Диана Габдуллина. <br></p>",5,,44.035827,56.324142,10.0,URBAN_ART
62,Спасский Староярмарочный собор,"Нижний Новгород, Ярмарочный проезд, 10к1","<p>Спасский Староярмарочный собор построен в 1822 году по проекту архитектора Огюста Монферрана. По своему внешнему облику он напоминает знаменитый Исаакиевский собор, который также проектировал прославленный мастер. Своим происхождением собор обязан переносу Макарьевской ярмарки в Нижний Новгород, являлся частью ярмарочного комплекса. Место для собора было определено на главной оси ансамбля Нижегородской ярмарки. Он стоит на сваях и на подушке из насыпного грунта, укрепленного влагостойким портлендским цементом.
<br>
<br>Храм выполнен в стиле позднего классицизма, для которого характерна симметрия, соразмерность частей, предпочтение прямым линиям. Согласно канонам этого архитектурного стиля со всех четырех сторон собор украшен строгими портиками с колонами. Мощные барабаны, служащие основанием для пяти куполов, декорированы прорезными окнами и полуколоннами. За счет этих световых куполов в храме отличное естественное освещение. Интерьер здания был украшен лепниной, роспись стен выполнена руководителем Арзамасской школы живописи, российским академиком Александром Ступиным и его сыном Рафаилом (росписи не сохранились). Староярмарочный собор до 2009 года являлся кафедральным собором Нижегородской епархии.
<br>
<br>Иконостас собора создал итальянский художник из Санкт-Петербурга Торричелли. Он выполнил образы для икон по европейским традициям, отличным от канонов православия. Иконы, написанные на европейский манер, не полюбились купцам. Спустя несколько лет их заменили. Автором нового иконостаса стал архитектор Василий Стасов.
<br>
<br>Надкладезная часовня. Однокупольная водосвятная надкладезная часовня расположена неподалеку от собора. На праздник Крещения Господня, 19 января, прихожане берут освященную воду из нее. Часовня построена в 1990-е годы, соответствует стилю Староярмарочного собора. <br></p>",5,,43.954164,56.331362,30.0,RELIGIOUS_SITES
66,"Дом Белавиных (ул. Большая Покровская, 40)","Нижний Новгород, Большая Покровская улица, 40","Дом декабристов Белавиных (ул. Большая Покровская, 40) — одноэтажный оштукатуренный деревянный дом на каменном цоколе, с мезонином. Фасад здания украшен лепным декором в виде перевитых венков «славы». Это типичный элемент оформления домов, построенных после победы в Отечественной войне 1812 года. На первом этаже здания сохранились четыре изразцовые и кафельные печи, с рельефными цветными и белыми поливными изразцами, кафелем, с оригинальными дверками, решётками и вьюшками, а также филенчатые двери. Дом построен в соответствии с канонами русского классицизма на основе «образцового» проекта, утвержденного императором и рекомендованного для российских городов. Приблизительный год постройки — 1820.",5,,43.995805,56.317578,7.0,ARCHITECTURE
68,Собор во имя святого благоверного великого князя Александра Невского,"Нижний Новгород, улица Стрелка, 3А","<p>Православный храм в историческом центре Нижнего Новгорода на Стрелке. Высота собора — 80 метров, он заметен как с нагорной и заречной частей города, так и с фарватера рек Волги и Оки. Является третьим по высоте храмом в России после храма Христа Спасителя в Москве и Исаакиевского собора в Санкт-Петербурге. В 2009 году стал кафедральным собором Нижегородской епархии Русской православной церкви. Храм построен по инициативе ярмарочного купечества в 1868–1881 годах. Первоначально предполагалось построить однопрестольную церковь. Однако после приезда на Нижегородскую ярмарку в августе 1858 года Александра II с императрицей Марией Александровной и великою княжной Марией Александровной, было решено построить величественный трехпрестольный собор в честь царских особ. Император одобрил такое решение купечества и даже указал место для будущего храма — на Стрелке слияния Оки и Волги. Примечательно, что до сих пор не установлено точное авторство проекта храма, определившего облик Нижнего Новгорода и ставшего одной из его визитных карточек. Рядом с храмом установлен бронзовый колокол «Соборный» весом в 64 тонны, отлитый к 400-летию Нижегородского народного ополчения. Он украшен рельефными иконами с изображением нижегородских святых: преподобных Серафима Саровского, Макария Желтоводского, благоверных князей Александра Невского и Георгия Всеволодовича, основателя Нижнего Новгорода. При строительстве собора использовались инженерно-технические достижения того времени. В частности, из-за колебаний уровня грунтовых вод, было решено отказаться от обычных свай. В основании храма расположили деревянный плот, изготовленный из 1214 крестообразно расположенных дубовых брёвен. При этом учитывалось свойство дуба, который во влажной среде становился морёным и приобретал прочность металла. Сверху на плоту располагалась сплошная плита из каменной кладки. Благодаря этому способу возведения фундамента Собор Александра Невского прославился, как единственный в мире «храм на плоту».<br></p>",5,,43.971477,56.333719,30.0,RELIGIOUS_SITES
97,Фуникулер,"Нижний Новгород, Кремль","<p>Первый в России фуникулёр или элеватор, как тогда его называли, на водяной тяге построили в Нижнем Новгороде в 1896 году. Его строительство было приурочено к Всероссийской промышленной и художественной выставке. Движение по Кремлёвскому (Ивановскому) фуникулёру открылось 9 июня 1896 года. Длина рельсового пути Кремлёвского фуникулёра составляла 133,12 метров. Фуникулёр имел два вагончика, соединённых стальным проволочным канатом. Сейчас фуникулер создается заново - идет его активное строительство.</p><p>

</p>",5,,43.998718,56.328551,15.0,ARCHITECTURE
107,Дом Сироткина,"Нижний Новгород, Верхне-Волжская набережная, 3","Отдел зарубежного искусства Нижегородского государственного художественного музея располагается в уникальном здании — доме купца Дмитрия Васильевича Сироткина. Жилой усадебный дом является памятником архитектуры федерального значения и настоящим украшением города. Дом был построен в 1916 году по проекту архитекторов братьев Леонида, Виктора и Александра Весниных в подражание стилю неоклассицизм. Особняк стал их первой самостоятельной работой. Строительство продолжалось 635 дней. ",5,,44.012764,56.329433,15.0,ARCHITECTURE
99,Георгиевская башня,"Нижний Новгород, Кремль, 4Б","Представляет собой квадратную четырёхъярусную башню. Нижний ярус башни в настоящее время находится почти целиком под землёй, соединён с верхним ярусом системой переходов с лестницами, оборудованными в толще примыкающего прясла.
<br>Центральное помещение башни (главное помещение) изолировано от этих переходов и представляло собой сквозной проезд, до того как ворота Георгиевской башни были наглухо «запущены» опускной решёткой. Ворота защищались сложной системой препятствий — противнику необходимо было преодолеть длинный деревянный мост, затем — подъёмный мост в виде тяжелого щита, в вертикальном положении (5,3 м) закрывающего проём ворот (высотой 3,52 м). Устройства подъемного моста сохранились до наших дней почти без изменений. Проезд сквозь башню изгибался под углом, что исключало возможность сквозного прострела. В боковых стенах главного помещения выложены боевые печуры.
<br><br>",5,,44.008831,56.3301,10.0,ARCHITECTURE
101,Ивановская башня,"Нижний Новгород, Кремль, 2Б","Крупнейшая четырёхъярусная воротная башня Нижегородского кремля. Расположена в подгорной части между Часовыми и Белыми башнями. Через неё проходит нижний отрезок Ивановского съезда, который раньше назывался Большой Мостовой улицей. Названа по расположенной на подступах к ней церкви Иоанна Предтечи. Современный вид башня приобрела в 1950-е гг., когда была надстроена реставраторами вдвое.
<br>По одной из современных версий, это была первая каменная башня нового кремля, заложенная под названием Тверская, в 1500 году (хотя нет документов, в которых она бы именовалась Тверской). ",5,,43.999495,56.32995,10.0,ARCHITECTURE
104,Армянская апостольская церковь «Сурб Аменапркич»,"Нижний Новгород, улица Шевченко, 2","Храм был построен усилиями прихожан церкви Нижнего Новгорода. Его фундамент был заложен в 2008 году с благословения главы Российская и Ново-Нахичеванская епархия архиепископа Езраса Нерсисяна, который собственноручно освятил это место.
<br>Дом молитвы, построенный из армянского туфа и по канонам армянской церковной архитектуры, достигает 25 метров в высоту, занимает территорию в 259 квадратных метров и может вместить около двухсот человек.
<br>25 мая 2014 г. состоялось освящение храма ""Сурб Аменапркич"" Российской и Ново-Нахичеванской епархии Армянской Апостольской Церкви и торжественная церемония открытия хачкара в честь российско-армянской дружбы. <br>",5,,43.979099,56.315314,20.0,RELIGIOUS_SITES
106,Судейская вышка,"Нижегородская область, Нижегородская канатная дорога","Судейская вышка на канале была построена в 1988 году по проекту Юрия Карцева и Сергея Касаткина для проведения II Всесоюзных юношеских игр по гребному спорту, став одним из самых ярких примеров неоконструктивизма в России. Разные объёмы, многоступенчатость и лестницы, наклонённые под разными углами, символизировали жизнь в спорте, движение вверх от достижения к достижению. С начала 2000-х годов вышка пустовала, была забыта и разрушалась. Впрочем, в последние годы ей дали статус ОКН.
<br>В 2021 году, к 800-летию Нижнего Новгорода, архитектурное бюро «Гора» восстановило вышку в ее первозданном виде. После реставрации в здании открылось кафе и смотровая площадка.
<br>Здание восстановили в оригинальном светло-сером цвете с акцентными синими и красными деталями. На фасаде появился логотип «НН800» в честь юбилея города. В нескольких метрах от здания обустроили столики и деревянный настил со ступенями, на которых можно сидеть. В интерьере вышки появились оригинальные конструктивистские элементы – например, двухцветный окрас стен. <br>",5,,44.041745,56.327454,5.0,ARCHITECTURE
18,Улица Большая Покровская,"Нижний Новгород, Большая Покровская улица","<p>Главная улица Нижнего Новгорода. Ее протяженность 2232 метра, 1236 из которых - пешеходная часть. Большая Покровская расположена в историческом центре города. Она связывает 4 площади: Минина и Пожарского, Театральную, Горького и Лядова. Это одна из самых старых улиц города, по мнению краеведов ей 400 лет. До 1917 года считалась дворянской.
<br>Современная Покровка — туристический центр притяжения. Почти каждое здание улицы имеет свою историческую ценность. В их числе, например, Нижегородский театр драмы, Окружной суд, кинотеатр «Орленок», Государственный банк.
<br>
<br>Долгое время Большая Покровская была улицей, по которой осуществлялось дорожное движение. По ней ездили кареты, телеги и прочий гужевой транспорт. В 1896 году к открытию Всероссийской промышленной и художественной выставки на улице появилась одна из первых трамвайных линий в стране. Также по Покровке проходил первый маршрут троллейбуса. Проезжей улица была до 1980-х годов. Официальный статус пешеходной Большая Покровская приобрела лишь в 2018 году.
<br>
<br>Улица трижды меняла свое название. До 18 века она называлась Большой Никольской из-за своего направления к Никольской башне Нового острога. К концу 18 века улицу назвали Большой Покровской в честь церкви Покрова Пресвятой Богородицы, расположенной на ней. Храм был разрушен в 30-е годы прошлого столетия. После революции улицу переименовали в честь революционера Якова Свердлова. Историческое название Большая Покровская вернулось в 1990-х годах. <br></p>",5,,43.998938,56.320757,60.0,STREETS_SQUARES
44,Спасская колокольня,"Нижний Новгород, Кремль","<p>12 июня 2021 года на месте утраченной святыни в годы советской власти открылась возрожденная колокольня Спасо-Преображенского кафедрального собора в Кремле (собор не сохранился до наших дней, на его месте построен Дом советов). Современное здание воссоздано в историческом облике, отделка фасадов соответствует архитектуре 18 века. Особенность соборной колокольни — часы, размещенные на четырех сторонах. На циферблатах первой пары изображены славянские и арабские цифры, второй — римские. Высота сооружения 51,5 метра. На колокольне действует смотровая площадка, откуда открывается прекрасный вид на Нижегородский кремль и его окрестности.
<br>
<br>На колокольне установлены 15 колоколов общим весом 12 787 килограммов. Главный благовестник звонницы весит 6 200 килограмм. Это дар президента России Владимира Путина к 800-летию Нижнего Новгорода. <br></p>",5,,44.004872,56.328576,15.0,RELIGIOUS_SITES
46,Гимназия №1,"Нижний Новгород, площадь Минина и Пожарского, 5","<p>Гимназия № 1 расположена в здании на площади Минина и Пожарского, 5. С 1814 по 1834 годы оно принадлежало купцу Дмитрию Деулину. Здание сохраняло архитектурное решение 1820-х годов до середины 20 века, в 1952 году было перестроено в стиле советского неоклассицизма, надстроено два этажа. Сейчас в нём располагается гимназия № 1 с углубленным изучением немецкого языка, а также Музей Пушкина.
<br>
<br>В номерах гостиницы, принадлежавшей купцу Деулину, 2-3 сентября 1833 года останавливался Александр Сергеевич Пушкин, будучи в Нижнем Новгороде проездом в Оренбургскую губернию, где он собирался посетить места Пугачевского бунта. <br></p>",5,,44.007658,56.3275,7.0,ARCHITECTURE
30,Сцена Ракушка,"Нижний Новгород, Александровский сад","«Ракушка» — легендарная сцена, достопримечательность Александровского сада. Ее построили в 1960 годах для выступлений Нижегородского симфонического оркестра во время реконструкции парка. Навес над сценой по форме напоминал ракушку, так и появилось народное название. Эстрадная сцена стала центральным местом притяжения горожан и туристов в Александровском саду. На ее сцене выступали артисты Нижегородской филармонии, приезжали оркестры из Москвы, Саратова, Свердловска. Давали концерты знаменитости, в частности, маэстро Ростропович и пианист Эмиль Гилельс. В 90-е годы ракушка прекратила свое существование. Новое рождение сцены состоялось в 2021 году к 800-летию Нижнего Новгорода.",5,,44.013874,56.330679,7.0,ARCHITECTURE
37,Красные казармы,"Нижний Новгород, Нижне-Волжская набережная, 1/1","<p>Архитектурный ансамбль в историческом центре Нижнего Новгорода. Казармы построены дворянами в 1835 −1853 годах для стрелецких войск. Автором проекта стал известный архитектор Иван Ефимов. В ансамбль входят два здания — Восточный и Западный корпуса. Общая площадь участка — 5,6 тысячи квадратных метров. Весь исторический комплекс является объектом культурного наследия Российской Федерации.
<br>
<br>До конца XVII в. стрельцы нижегородского гарнизона жили в городе собственными дворами в особых стрелецких слободах. А с петровских времен служилых людей определяли на постой к жителям города, из-за чего возникало множество конфликтов.
<br>
<br>Чтобы снизить напряженность, на рубеже XVIII-XIX вв. нижегородские дворяне на собственные деньги на территории Нижегородского кремля выстроили для гарнизона два каменных корпуса казарм, но большая часть офицеров и солдат оставалась жить на постое. Именно по этой причине при разработке в 1834 г. проектов переустройства Нижнего Новгорода городское общество обратилось в Министерство внутренних дел с просьбой о возведении за свой счет новых каменных военных казарм. <br></p>",5,,44.001747,56.331541,15.0,ARCHITECTURE
40,Вознесенский Печерский мужской монастырь,"Нижний Новгород, Приволжская слобода, 108Б","<p>Монастырь был основан в 14 веке на берегу Волги, неподалеку от Нижнего Новгорода. В конце 16 века он был разрушен оползнем и впоследствии перенесен в новое место. Богатая история монастыря делает его одной из главных достопримечательностей города и страны — он охраняется на федеральном уровне. Архитектурный ансамбль включает церкви 17 века во главе с Вознесенским собором. На территории монастыря расположена единственная в России сохранившаяся шатровая надвратная церковь в честь святого преподобного Евфимия Суздальского.
<br>
<br>В 1377 году в стенах Печерского Вознесенского монастыря пишется знаменитая Лаврентьевская летопись. «Повесть временных лет» — главный источник сведений о древней истории Руси — была написана монахом Нестором в Киево-Печерской лавре. Но оригинал «Повести временных лет» до нас не дошел, это произведение известно только в списках. И наиболее древний из дошедших до нас вариантов — это список «Повести временных лет» в Лаврентьевской летописи.
<br>
<br>Монах Лаврентий пишет летопись по заказу Нижегородско-Суздальского князя и начинает ее по традиции с цитирования «Повести временных лет». Он переписывает «Повесть временных лет», а дальше продолжает описание, доводя историю до своего времени. В этом смысле Лаврентьевская летопись уникальна, поскольку сохранила самый древний список «Повести временных лет».
<br>
<br>В настоящее время на территории Печерского Вознесенского монастыря создана аллея династии Романовых. <br></p>",5,,44.049798,56.323262,60.0,RELIGIOUS_SITES
48,Кремль Смотровая площадь,"Нижний Новгород, Кремль","<p>Смотровая площадь — излюбленное место отдыха горожан и туристов. С нее открываются великолепные виды на Нижний Новгород и его окрестности: можно любоваться знаменитыми нижегородскими закатами и речными пейзажами, наслаждаться просторами и старинной архитектурой. На территории кремля существует несколько видовых площадок: непосредственно на стенах крепости, на площади у мемориала Вечный огонь, на Ивановском съезде, верхней площадке Губернаторского сада, колокольне Спасо-Преображенского собора и Кремлевском бульваре.
<br>
<br>Со смотровой площадки особенно хорошо видна уникальная особенность нижегородского кремля: крепостная стена спускается вниз по склону горы почти на шесть десятков метров подобно монументальной лестнице. По размаху и смелости инженерного замысла этот участок не имеет себе равных во всех русских кремлях. На нем создателями кремля был использован прием кладки, недопустимый с точки зрения современных строителей — наклонными рядами с учетом рельефа местности. Проверка временем подтвердила верность расчетов итальянских зодчих и псковских каменщиков. <br></p>",5,,44.001157,56.328943,15.0,PARKS_EMBANKMENTS
54,Пакгаузы,"Нижний Новгород, улица Стрелка, 21Ж","<p>Пакгаузы на Стрелке — объекты культурного наследия. Интересна история появления этих металлических конструкций. Они были изготовлены в 1882 году для строительства главного павильона 15 Всероссийской промышленно-художественной выставки в Москве. В целях экономии их решено было использовать повторно на следующей выставке, которая проходила в 1896 году в Нижнем Новгороде. После завершения 16 Всероссийской промышленно-художественной выставки, павильоны долгое время использовались в качестве складских помещений в порту на Стрелке.
<br>
<br>К 1943 году из 4 пакгаузов осталось только два. В поле зрения историков они попали в 2015 году при благоустройстве территории к предстоящему Чемпионату мира по футболу. С этого момента начался этап возрождения этих конструкций. Была проведен исторический анализ сооружений, затем реставрация.
<br>
<br>Сегодня на Стрелке можно наблюдать эти великолепные объекты во всей красе и гордиться тем, что эта часть исторического наследия сохранена.
<br>В настоящее время в одном из пакгаузов открыт концертный зал на 426 мест, а во втором — галерея. Концертный зал в Пакгаузах — уникальный проект в России. Его оригинальная архитектурная черта — стеклянная панорамная стена с видом на Стрелку и историческую часть города. Оснащение выставочного зала соответствует высочайшим стандартам, предъявляемым к музейным пространствам для проведения выставок различного уровня. <br></p>",5,,43.974627,56.335071,15.0,URBAN_ART
60,Трамплин,"Нижний Новгород, кресельный подъёмник","<p>Трамплин К-60 расположен на Верхне-Волжской набережной рядом с площадью Сенной. Построен он был ещё в 1958 году. На момент постройки являлся одним из самых больших во всей Европе спортивных сооружений: он позволял летающим лыжникам преодолевать отметку в «100», и его испробовали многие именитые спортсмены СССР. Торжественное открытие нового объекта после реконструкции состоялось в 2021 году.
<br>
<br>Длина трамплина — 60 метров. Он предназначен для проведения тренировочного процесса и соревнований по прыжкам с трамплина высокого уровня (регионального, всероссийского, международного). Спортивное сооружение также подходит для летней эксплуатации, оно оснащен специальным синтетическим покрытием. <br></p>",5,,44.036983,56.324305,10.0,ARCHITECTURE
65,"Торговый флигель (Большая Покровская, 38)","Нижний Новгород, Большая Покровская улица, 38","Торговый флигель Ольги Каменевой — объект культурного наследия, расположен в пределах исторической территории «Старый Нижний Новгород». Дом в стиле романтического модерна построен в 1914-1916 годах. Одно из немногих строений Нижнего Новгорода сохранившее свой исторический вид. На фасаде здания установлен необычный элемент декора — фигуры грифонов, фантастических крылатых чудовищ. В интерьерах частично сохранились межкомнатные филенчатые двери, а также плиточный пол начала XX века. Торговый флигель вместе с соседним зданием, Домом Белавиных, формируют пространство исторической застройки улицы Большой Покровской. В настоящее время в здании расположена детская областная стоматологическая поликлиника.",5,,43.995847,56.317707,5.0,ARCHITECTURE
92,Палаты Пушникова,"Нижний Новгород, улица Гоголя, 52","Под «Палатами Пушникова» подразумевают две постройки, которые имеют разновременные объемы и соединены между собой – одноэтажное здание, имеющие следующие характеристики – 15 х 13,4 м., построенное в 1697-1700 гг., прилегает к двухэтажному (13,1 х 12,3 м.), которое было возведено в 1701-1710 гг. Юго-западную горницу выделяет особое убранство оконных наличников, внутри можно увидеть сомкнутый свод красивых очертаний. Подвалы из сводов были расположены снизу жилых комнат. Есть необходимо было хранить кожевенные товары, использовали подвал, южная сторона которого была оборудована пандусом. Жилой этаж освещается окнами, заключенные в характерные для 17 века килевидные обрамления, которые строились из специальных кирпичей особой формы.",5,,43.985939,56.323851,7.0,ARCHITECTURE
98,Никольская башня,"Нижний Новгород, Кремль, 11А","Башня названа в честь храма Николая Чудотворца, некогда стоявшего на Большой Покровской улице, на противоположной стороне Зеленского съезда. В башнях Нижегородского кремля, выстроенных по косогору до Почайны размещались хранилища с порохом, а в самом овраге находился завод с ветряной мельницей — Зелейный двор. Несмотря на то, что по своей огневой мощи Никольская башня уступала Дмитриевской, она служила важным опорным пунктом в обороне крепости. Защитники Никольской башни были вооружены тремя медными пищалями, самая крупная из которых — «казанская» — могла вести огонь ядрами массой в 1,8 кг. Как и все проездные башни, Никольская имела ворота с защитной решёткой — герсой — и подъёмный мост.",5,,44.001527,56.325701,7.0,ARCHITECTURE
100,Часовая башня,"Нижний Новгород, Кремль, 1Г","Располагаясь на самой высокой точке крепости, Часовая башня служила главным сторожевым постом и, вероятно, была центром командования крепостным гарнизоном. У нижегородского краеведа Николая Храмцовского можно встретить объяснение названия башни: в XVI веке за счёт государевых средств на сооружении были установлены главные городские часы и набатные колокола, звон которых взывал защитников цитадели к обороне.
<br>Часовой механизм размещался наверху башни, внутри деревянной часовой избы, выполненной в виде пятигранного сруба. В соответствии с суточным счётом Древней Руси, циферблат имел 17 делений, по количеству часов самого продолжительного летнего дня. <br>",5,,43.998954,56.328754,7.0,ARCHITECTURE
105,Церковь Христиан Адвентистов Седьмого Дня,"Нижний Новгород, Комсомольское шоссе, 7","Местная религиозная организация Церковь Христиан-Адвентистов Седьмого Дня «Нижняя» г. Нижнего Новгорода была основана в 1992 году в результате евангельской программы, проведенной проповедником Джоном Картером. Церковь собирается в Христианском Культурном Центре. Церковь «Нижняя» занимается благотворительной деятельностью, проводит в своем помещении концерты христианских исполнителей, библейские курсы, выставки здоровья, молитвенные собрания, музыкальные фестивали, спектакли, молодежные богослужения.",5,,43.90144,56.312345,7.0,RELIGIOUS_SITES
169,Мозаика «Знамёна Революции. Звезда»,"г. Нижний Новгород, станция метро «Кировская»",Автор мозаики — Владимир Логинов. Была создана в 1989 году. Входит в реестр произведений советского монументально-декоративного искусства Нижегородской области,10,,43.876432,56.246674,5.0,URBAN_ART
111,Домик Каширина,"Нижний Новгород, Почтовый съезд, 21","Музей детства А.М. Горького «Домик Каширина» открыт 1 января 1938г. Дом деда Горького, нижегородского мещанина, старшины красильного цеха, гласного нижегородской думы В.В. Каширина, – памятник истории и культуры федерального значения, место, связанное с детскими годами писателя (1871–72); место действия автобиографической повести Горького «Детство», одного из выдающихся произведений мировой литературы XX в., своеобразная энциклопедии русских характеров и национального образа жизни. ",7,,43.990728,56.323937,10.0,ARCHITECTURE
170,Мозаичное панно «Салют»,"г. Нижний Новгород, станция метро «Кировская»",Автор мозаики — Владимир Логинов. Была создана в 1989 году. Входит в реестр произведений советского монументально-декоративного искусства Нижегородской области,10,,43.876432,56.246674,5.0,URBAN_ART
232,Общественно-досуговый центр «Смена»,"Нижний Новгород, Гордеевская ул., 80А","В 1958 году по адресу ул. Гордеевская, 80-а был открыт летний кинотеатр «Смена» на 200 мест. Он сразу же стал популярным среди жителей поселка Гордеевский, которые очень сожалели, что двери любимого ими кинотеатра в холодное время года закрыты. Учитывая пожелания канавинцев, городские власти приняли решение построить котельную и кинотеатр стал круглогодичным. С 1992 года кинотеатр «Смена» стал работать исключительно с детьми и подростками, а в 2000 году получает статус Муниципального учреждения культуры «Детский специализированный кинотеатр». С 2008 года учреждение приобрело имя «МБУК общественно — досуговый центр «Смена», и наряду с кинопоказами там стали проводится дополнительные занятия для детей.",6,,43.93414,56.328892,7.0,ARCHITECTURE
112,Нижегородский государственный художественный музей,"Нижний Новгород, Кремль, 3","Один из старейших региональных музеев России. Его собрание включает коллекции русского, западноевропейского и восточного искусства. Среди более чем 12000 музейных предметов - произведения, имеющие национальное и мировое значение. Музей несколько раз менял адреса. Покинув Дмитриевскую башню, музей расположился в здании Дворянского собрания на ул. Большой Покровской, а затем в особняке купца С. М. Рукавишникова. В 1924 году художественный отдел Нижегородского городского художественного и исторического музея разместился в национализированной усадьбе купца Д. В. Сироткина. Сегодня музей занимает два здания. Экспозиция отечественного искусства представлена во Доме военного губернатора в кремле, экспозиция западноевропейского искусства располагается в доме Дмитрия Сироткина на Верхневолжской набережной.",7,,44.006389,56.329557,10.0,ARCHITECTURE
113,Музей Паровозы России,"Нижний Новгород, Канавинский район","Открытая экспозиционная площадка «Паровозы России» подразделения по сохранению исторического наследия горьковской железной дороги расположена в микрорайоне Сортировочный города Нижнего Новгорода. <br>На открытой площадке «Паровозы России» экспонируются 32 единицы натурной техники узкой и нормальной колеи конца ХIХ – первой половины ХХ века.
<br>Они иллюстрируют развитие инженерной мысли и историю железнодорожного транспорта конца XIX – середины ХХ века.
<br>Среди экспонатов – 15 локомотивов, 13 вагонов, семафор, ручной переводной стрелочный механизм, станционный колокол МПС, реконструкция деревянной пассажирской платформы с пунктом ДПС, оснащенным электрожезловым аппаратом, телефоном, ручными сигнальными средствами. <br>",7,,43.84621,56.2841,10.0,ARCHITECTURE
119,Терминал А,"Нижний Новгород, улица Красная Слобода, 9","Центр современного искусства «Терминал А» — уникальный проект Нижнего Новгорода, зарекомендовавший себя как одна из важнейших точек на культурной карте города.
<br>Пространство является частью комплекса бывшего судостроительного завода XIX века, развивающегося как арт-кластер. Основная деятельность проекта направлена на поддержку и развитие молодого нижегородского искусства.
<br>«Терминал А» проводит форматы открытых мастерских с мастер — классами от художников, артист-толки и тематические экскурсии по выставкам для зрителей показывая «закулисье» создания искусства.",7,,44.028973,56.328646,3.0,ARCHITECTURE
218,Архитектурно-этнографический музей-заповедник «Щелоковский хутор»,"Нижний Новгород, Горбатовская ул., 41","Музей деревянного зодчества был создан в начале семидесятых годов прошлого века. Это частица русской деревни XIX в. с жилыми избами, овинами, амбарами, церквями XVII — XVIII вв., мельницами. Уникальные памятники деревянного зодчества свезены сюда из заволжских районов области. В помещениях домов восстановлены подлинные интерьеры, наполненные предметами крестьянского быта.",7,,44.010644,56.274018,10.0,ARCHITECTURE
171,Мозаика «Мама и я»,"г. Нижний Новгород, ул. Заломова, д.13",Авторы мозаики — Ким Шихов и Дмитрий Арсенин. Была создана в 1965 году. Входит в реестр произведений советского монументально-декоративного искусства Нижегородской области,10,,43.982379,56.319429,5.0,URBAN_ART
73,Театр «Комедiя»,"Нижний Новгород, Грузинская улица, 23","Один из самых интересных и популярных театров Нижнего Новгорода, который был основан в 1947 году актерами Анатолием Любанским и его женой Юлией Даминской. В театре играла и дочь Даминской Александра Добкевич. Располагается он в исторической части города на улице Грузинская, дом 23. Являясь репертуарным театром, нижегородская «Комедiя» регулярно участвует в проведении социально-значимых городских мероприятий для самых разных слоев населения, что формирует ее восприятие как центр художественного, духовного просветительства и популярное место отдыха, что также позволяет расширить зрительскую аудиторию, постоянно стимулируя ее интерес к театру.",8,,44.002269,56.320391,5.0,ARCHITECTURE
77,Независимый театр «На счастливой»,"Нижний Новгород, улица Дьяконова, 1Е","Театр на Счастливой — первый независимый театр в Автозаводском районе Нижнего Новгорода, образованный в 2008 году. У истоков стояли супруги Эдуард Казаков и Елена Пеганова. Первоначально назывался «Новая сказка». Располагается по адресу Дьяконова, дом 1E.
<br>Основное амплуа учреждения — социально адаптированные сказки для детей. Выбранный жанр позволяет ставить спектакли на разных площадках, в то числе и на выездных. Артисты работают с куклами, «живым планом», иногда объединяют их вместе.
<br>Чуть позже в репертуаре появились спектакли для взрослой публики. Тогда-то «Новая сказка» превратилась в Театр на Счастливой. Если спектакли для малышей носят познавательный характер, знакомят зрителей с правилами этикета и поведения, то представления для взрослых больше похожи на театр-терапию. Зритель словно встречается со старым другом, освобождается от эмоций и расслабляется. <br>",8,,43.868973,56.259397,5.0,ARCHITECTURE
78,Филармония имени М. Ростроповича,"Нижний Новгород, Кремль, 2","Нижегородская государственная академическая филармония имени М. Ростроповича - одна из старейших концертных организаций, основанная в 1937 году. Нижегородская государственная академическая филармония
<br>имени М.Л. Ростроповича и сегодня остается главным организатором симфонических, камерных, органных, детских и литературных концертов, а ее Кремлевский концертный зал — центральной концертной площадкой города, где демонстрируют свое мастерство лучшие российские и зарубежные исполнители, проходят уникальные международные фестивали, звучат высочайшие произведения музыкальной классики и интересные премьеры. Располагается по адресу Кремль, корпус 2.
<br>В 1997 году Нижегородской филармонии — первой из нестоличных концертных организаций России — присвоено почетное звание «академическая». Она является победителем конкурсов «Окно в Россию». В 2004 году Нижегородской филармонии присвоено имя М.Л. Ростроповича. <br>",8,,44.000178,56.32816,10.0,ARCHITECTURE
176,Мозаика «Все на защиту Родины»,"г. Нижний Новгород, станция метро «Комсомольская»",Автор мозаики — Ким Шихов. Была создана в 1987 году. Входит в реестр произведений советского монументально-декоративного искусства Нижегородской области.,10,,43.889066,56.252239,5.0,URBAN_ART
167,Мозаика «Вручение переходящего знамени ЦК КПСС»,"г. Нижний Новгород, пр. Ленина, ост. Главная проходная",Авторы мозаики — Ирина и Владимир Каленские. Была создана в 1971 году. Входит в реестр произведений советского монументально-декоративного искусства Нижегородской области,10,,43.88106,56.248436,5.0,URBAN_ART
178,Мозаика «История России»,"г. Нижний Новгород, станция метро «Московская»",Авторы мозаики — Петр и Людмила Шорчевы. Была создана в 1985 году. Входит в реестр произведений советского монументально-декоративного искусства Нижегородской области,10,,43.94545,56.321257,5.0,URBAN_ART
187,Мозаика «Баррикады»,"г. Нижний Новгород, ул. Кораблестроителей, д.3",Авторы мозаики — Ким Шихов и Юрий Приданов. Была создана в 1972-1973 годах. Входит в реестр произведений советского монументально-декоративного искусства Нижегородской области,10,,43.823251,56.365284,5.0,URBAN_ART
174,Мозаика «Созидать»,"г. Нижний Новгород, ул Порт-Артурская, д.12",Автор мозаики неизвестен. Была создана в 1970-е годы. Входит в реестр произведений советского монументально-декоративного искусства Нижегородской области,10,,43.912625,56.294371,5.0,URBAN_ART
154,Мозаика «Букет»,"г. Нижний Новгород, Молодёжный проспект, станция метро «Парк культуры»",Автор мозаики — Олег Осин. Была создана в 1989 году. Входит в реестр произведений советского монументально-декоративного искусства Нижегородской области.,10,,43.859687,56.241768,5.0,URBAN_ART
184,Витраж «Достижения СССР»,"г. Нижний Новгород, станция метро «Ленинская»",Автор мозаики — Павел Шиндяйкин. Была создана в 1985 году. Входит в реестр произведений советского монументально-декоративного искусства Нижегородской области.,10,,43.938526,56.300073,5.0,URBAN_ART
194,Мозаика «В космосе»,"г. Нижний Новгород, ул. Маршала Жукова, д.27 ",Автор мозаики — Валентин Любимов. Была создана в 1977 году. Входит в реестр произведений советского монументально-декоративного искусства Нижегородской области.,10,,43.947973,56.229652,5.0,URBAN_ART
165,Мозаика «Корабелы»,"г. Нижний Новгород, ул.Адмирала Нахимова, д.10А ",Авторы мозаики — Дмитрий Арсенин и Анатлоий Павлов. Была создана в 1971 году. Входит в реестр произведений советского монументально-декоративного искусства Нижегородской области,10,,43.9238,56.269486,5.0,URBAN_ART
155,Мозаика «Сказка 2»,"г. Нижний Новгород, пр. Гагарина, д.24 ",Автор мозаики — Валентин Любимов. Была создана в 1968 году. Входит в реестр произведений советского монументально-декоративного искусства Нижегородской области.,10,,43.985146,56.299251,5.0,URBAN_ART
156,Мозаика «Трудовые будни»,"г. Нижний Новгород, ул. Ванеева, д.199",Автор мозаики — Станислав Лотонин. Была создана в 1978 году. Входит в реестр произведений советского монументально-декоративного искусства Нижегородской области,10,,44.034095,56.293297,5.0,URBAN_ART
179,Мозаика «Наши достижения»,"г. Нижний Новгород, станция метро «Московская»",Авторы мозаики — Петр и Людмила Шорчевы. Была создана в 1985 году. Входит в реестр произведений советского монументально-декоративного искусства Нижегородской области,10,,43.94545,56.321257,5.0,URBAN_ART
153,Мозаика «Пруд в парке»,"г. Нижний Новгород, Молодёжный проспект, станция метро «Парк культуры»",Автор мозаики — Олег Осин. Была создана в 1989 году. Входит в реестр произведений советского монументально-декоративного искусства Нижегородской области.,10,,43.859687,56.241768,5.0,URBAN_ART
173,Мозаика «Учиться»,"г. Нижний Новгород, ул Порт-Артурская, д.12",Автор мозаики неизвестен. Была создана в 1970-е годы. Входит в реестр произведений советского монументально-декоративного искусства Нижегородской области,10,,43.912625,56.294371,5.0,URBAN_ART
163,Мозаика «Вручение знамени ГКО за героический труд в годы ВОВ»,"г. Нижний Новгород, пр. Ленина, ост. Главная проходная",Авторы мозаики — Ирина и Владимир Каленские. Была создана в 1971 году. Входит в реестр произведений советского монументально-декоративного искусства Нижегородской области,10,,43.881566,56.248638,5.0,URBAN_ART
164,Мозаика «Садко»,"Г.Нижний Новгород, Микрорайон Щербинки-1, д.31 ",Автор мозаики — Валентин Любимов. Была создана в 1969 году. Входит в реестр произведений советского монументально-декоративного искусства Нижегородской области.,10,,43.966676,56.240208,5.0,URBAN_ART
198,Панно «Развитие авиации»,"г. Нижний Новгород, станция метро «Чкаловская»",Автор мозаики — Валентин Любимов. Была создана в 1985 году. Входит в реестр произведений советского монументально-декоративного искусства Нижегородской области.,10,,43.937072,56.311309,5.0,URBAN_ART
180,Мозаика «Культура и образование»,"г. Нижний Новгород, станция метро «Московская»",Авторы мозаики — Петр и Людмила Шорчевы. Была создана в 1985 году. Входит в реестр произведений советского монументально-декоративного искусства Нижегородской области,10,,43.94545,56.321257,5.0,URBAN_ART
182,Рельеф «Инженер»,"г. Нижний Новгород, Казанское шоссе, д.12 к. 6",Авторы мозаики — Петр и Людмила Шорчевы. Была создана в 1985 году. Входит в реестр произведений советского монументально-декоративного искусства Нижегородской области,10,,44.084625,56.285903,5.0,MONUMENTS_SCULPTURES
183,Витраж «Ленин с нами!»,"г. Нижний Новгород, станция метро «Ленинская»",Автор мозаики — Павел Шиндяйкин. Была создана в 1985 году. Входит в реестр произведений советского монументально-декоративного искусства Нижегородской области.,10,,43.938526,56.300073,5.0,URBAN_ART
161,Мозаика на памятнике героям и жертвам революции 1905 года,"г. Нижний Новгород, площадь Свободы, сквер 1905 года",Автор мозаики — Александр Яковлев-старший. Была создана в 1930 году. Входит в реестр произведений советского монументально-декоративного искусства Нижегородской области,10,,44.015983,56.316849,5.0,URBAN_ART
158,Мозаика «Революционное Сормово»,"г.Нижний Новгород, площадь Революции, 2А",Автор мозаики — Валентин Любимов. Была создана в 1965-1971 годах. Входит в реестр произведений советского монументально-декоративного искусства Нижегородской области,10,,43.946518,56.321817,5.0,URBAN_ART
181,Рельеф «Исследователь»,"г. Нижний Новгород, Казанское шоссе, д.12 к. 6",Авторы мозаики — Петр и Людмила Шорчевы. Была создана в 1985 году. Входит в реестр произведений советского монументально-декоративного искусства Нижегородской области,10,,44.084625,56.285903,5.0,MONUMENTS_SCULPTURES
159,Панно «Единство поколений»,"г. Нижний Новгород, ул.Коминтерна, д.250",Автор мозаики — Станислав Лотонин. Была создана в 1976 году. Входит в реестр произведений советского монументально-декоративного искусства Нижегородской области,10,,43.863774,56.35721,5.0,URBAN_ART
188,Мозаика «Судостроители»,"г. Нижний Новгород, ул. Кораблестроителей, д.5",Авторы мозаики — Ким Шихов и Юрий Приданов. Была создана в 1972-1973 годах. Входит в реестр произведений советского монументально-декоративного искусства Нижегородской области,10,,43.82238,56.365014,5.0,URBAN_ART
189,Мозаика «Военные годы»,"г. Нижний Новгород, ул. Кораблестроителей, д.7",Авторы мозаики — Ким Шихов и Юрий Приданов. Была создана в 1972-1973 годах. Входит в реестр произведений советского монументально-декоративного искусства Нижегородской области,10,,43.821517,56.36475,5.0,URBAN_ART
190,"Мозаика «Жизнь, труд, мир»","г. Нижний Новгород, ул. Кораблестроителей, д.9",Авторы мозаики — Ким Шихов и Юрий Приданов. Была создана в 1972-1973 годах. Входит в реестр произведений советского монументально-декоративного искусства Нижегородской области,10,,43.820637,56.364491,5.0,URBAN_ART
191,Рельеф «Маркс – Энгельс - Ленин»,"г. Нижний Новгород, Октябрьская пл., д.1 (КЗ «Юпитер»)",Автор мозаики — Николай Каштанов. Была создана в 1972 году. Входит в реестр произведений советского монументально-декоративного искусства Нижегородской области.,10,,44.009456,56.323158,5.0,MONUMENTS_SCULPTURES
192,Мозаика «1917-1967»,"г. Нижний Новгород, пр. Ленина, д. 41",Автор мозаики — Валентин Любимов. Была создана в 1967 году. Входит в реестр произведений советского монументально-декоративного искусства Нижегородской области.,10,,43.92503,56.283605,5.0,URBAN_ART
193,Мозаика «20 лет Победы»,"г. Нижний Новгород, ул. Заломова, д.15",Автор мозаики — Ким Шихов. Была создана в 1965 году. Входит в реестр произведений советского монументально-декоративного искусства Нижегородской области.,10,,43.982981,56.318416,5.0,URBAN_ART
200,Скульптурная вывеска «Бык»,"г. Нижний Новгород, ул. Большая Покровская, д.4",Автор мозаики — Евгений Серажетдинов. Была создана в 1970-е годы. Входит в реестр произведений советского монументально-декоративного искусства Нижегородской области,10,,44.003804,56.32496,5.0,MONUMENTS_SCULPTURES
201,Рельеф «Маски»,"г. Нижний Новгород, ул. М.Горького, д.145 ",Автор мозаики неизвестен. Была создана в 1978 году. Входит в реестр произведений советского монументально-декоративного искусства Нижегородской области,10,,44.010511,56.316545,5.0,MONUMENTS_SCULPTURES
205,Мозаика «Регата»,"г. Нижний Новгород, ул. Ванеева, д.88",Автор мозаики — Валентин Любимов. Была создана в 1966 году. Входит в реестр произведений советского монументально-декоративного искусства Нижегородской области.,10,,44.03449,56.297982,5.0,URBAN_ART
214,Мозаика «Прометей»,"г. Нижний Новгород, Южное шоссе, д.49",Автор мозаики неизвестен. Была создана в 1964 году. Входит в реестр произведений советского монументально-декоративного искусства Нижегородской области,10,,43.871473,56.230692,5.0,URBAN_ART
199,Скульптурная вывеска «Обезьянка и кофе»,"г. Нижний Новгород, ул. Большая Покровская, д.6",Автор мозаики — Анатолий Лисин. Была создана в 1970-е годы. Входит в реестр произведений советского монументально-декоративного искусства Нижегородской области,10,,44.003274,56.324541,5.0,MONUMENTS_SCULPTURES
209,Мозаика «Учёный»,"г. Нижний Новгород, ул. Чаадаева, д.1",Автор мозаики неизвестен. Была создана в 1960-е годы. Входит в реестр произведений советского монументально-декоративного искусства Нижегородской области,10,,43.857522,56.327391,5.0,URBAN_ART
211,Мозаика «Космонавт»,"г. Нижний Новгород, ул. Чаадаева, д.1",Автор мозаики неизвестен. Была создана в 1960-е годы. Входит в реестр произведений советского монументально-декоративного искусства Нижегородской области,10,,43.857522,56.327391,5.0,URBAN_ART
212,Мозаики «Дюймовочка» и «Конёк-Горбунок»,"г. Нижний Новгород, ул. Энгельса, д. 5А",Автор мозаики неизвестен. Была создана в 1966 году. Входит в реестр произведений советского монументально-декоративного искусства Нижегородской области,10,,43.867421,56.340964,5.0,URBAN_ART
213,Мозаика «Изразцы»,"г. Нижний Новгород, ул. Тропинина, д.5 ",Автор мозаики — Виктор Пурихов. Была создана в 1969 году. Входит в реестр произведений советского монументально-декоративного искусства Нижегородской области.,10,,43.946213,56.23504,5.0,URBAN_ART
215,Панно «Мир»,"г. Нижний Новгород, станция метро «Пролетарская»",Автор мозаики — Николай Борисов. Была создана в 1985 году. Входит в реестр произведений советского монументально-декоративного искусства Нижегородской области.,10,,43.912173,56.265689,5.0,URBAN_ART
216,Панно «Труд»,"г. Нижний Новгород, станция метро «Пролетарская»",Автор мозаики — Николай Борисов. Была создана в 1985 году. Входит в реестр произведений советского монументально-декоративного искусства Нижегородской области.,10,,43.912173,56.265689,5.0,URBAN_ART
206,Мозаика «Дерево дружбы»,"г. Нижний Новгород, ул. Ванеева, д.90",Автор мозаики — Валентин Любимов. Была создана в 1966 году. Входит в реестр произведений советского монументально-декоративного искусства Нижегородской области.,10,,44.03475,56.297538,5.0,URBAN_ART
208,Мозаика «Команда. Парусный спорт»,"г. Нижний Новгород, ул. Адмирала Васюнина, д.1, корп.1",Автор мозаики — Валентин Любимов. Была создана в 1968 году. Входит в реестр произведений советского монументально-декоративного искусства Нижегородской области.,10,,44.036466,56.297418,5.0,URBAN_ART
207,Мозаика «Паруса»,"г. Нижний Новгород, ул. Энгельса, 11",Авторы мозаики — Дмитрий Арсенин и Анатолий Павлов. Год создания неизвестен. Входит в реестр произведений советского монументально-декоративного искусства Нижегородской области,10,,43.869434,56.341154,5.0,URBAN_ART
152,Мозаика «Волшебный мир»,"г. Нижний Новгород, ул.Строкина, д.18 б ",Автор мозаики неизвестен. Была создана в 1981 году. Входит в реестр произведений советского монументально-декоративного искусства Нижегородской области,10,,43.844442,56.255763,5.0,URBAN_ART
157,Мозаика «Великая страна»,"г.Нижний Новгород, площадь Революции, 2А",Автор мозаики — Валентин Любимов. Была создана в 1965-1971 годах. Входит в реестр произведений советского монументально-декоративного искусства Нижегородской области.,10,,43.946518,56.321817,5.0,URBAN_ART
8,Стадион Нижний Новгород,"Нижний Новгород, улица Бетанкура, 1А","<p>Стадион Нижний Новгород — футбольный стадион международного класса. Он находится на территории Стрелки — месте слияния Оки в Волги. Вместимость спортивного объекта составляет 45 000 мест, общая площадь — 127 500 м². Поблизости от него расположена станция метро «Стрелка», а также Кафедральный собор во имя Святого благоверного князя Александра Невского и объекты культурного наследия Пакгаузы. Дизайнеры проекта вдохновлялись волжскими просторами. Стадион представляет собой колоннаду, соединенную расположенными по кругу опорами. Замыкает конструкцию радиальная крыша-козырек над зрительскими трибунами. Стадион выполнен в бело-синей цветовой гамме. Выбор цветов не случаен: синий символизируют воду, а белый — ветер.
<br>
<br>В 2018 году на нем проходили матчи Чемпионата мира по футболу. ЧМ-2018 подарил жителям города не только стадион «Нижний Новгород», но и спортивно-развлекательную площадку «Спорт Порт». Территория спорта и отдыха, прилегающая к стадиону, превратилась в место сбора любителей активного образа жизни. В 2019 году стадион «Нижний Новгород» попал в ТОП-5 арен по посещаемости, а также вошел в список лучших в мире спортивных арен.
<br>
<br>Сооружение является домашней ареной нижегородского футбольного клуба «Пари НН». Стадион «Нижний Новгород» стал не только ареной для футбольных матчей, но и концертной площадкой, местом для проведения фестивалей, праздников и даже свадеб, а в рамках фестиваля «Горький Fest» стадион превратился в летний кинотеатр. <br></p>",5,,43.96464,56.337024,7.0,ARCHITECTURE
9,Нижегородское отделение Государственного банка,"Нижний Новгород, Большая Покровская улица, 26","Нижегородское отделение Государственного банка — одно из немногих зданий в стране, никогда не менявших своих функций и архитектурного облика. Отделение открылось в 1868 году. Здание напоминает сказочный замок и сочетает в себе черты романской архитектуры и русского зодчества 17 века.
<br>Постоянно действующее отделение Государственного банка в Нижнем Новгороде было учреждено в связи с возросшим значением ярмарочной торговли. Его строительство было приурочено к 300-летнему юбилею царствования Дома Романовых. 17 мая 1913 года император Николай II с семьей прибыли в Нижний Новгород и посетили Госбанк на Большой Покровской.
<br>
<br>Перед приездом царя рядом с банком была построена небольшая башня с часами. По легенде ее установили, чтобы закрыть от императорского взора развешанное на балконе соседнего дома белье. Эти часы ходят и по сей день.
<br>
<br>Со строительством башенки-часозвони связаны самые разные легенды, вернее — анекдоты. Рассказывают, например, что накануне приезда императора случился конфуз — прачка, жившая в соседнем доме, вывесила на балкон нижнее белье, и отказалась его убрать. Полиция пригрозила ей арестом, в ответ она пообещала «броситься в ноги Императору и рассказать, как притесняют бедную женщину». Разрешил конфликт архитектор. За одну ночь была выстроена башенка с часами, закрывшая балкон строптивой прачки и ее белье. Другая легенда гласит, что за часозвоней находился дом купца, который любил распивать чай на балконе в неглиже. Вот его-то и решено было убрать с глаз императора, загородив высокой башенкой.
<br>
<br>Однако историки утверждают, что это не более, чем городские байки. На самом деле архитектор В.А. Покровский спроектировал часозвоню для другой цели: ему нужно было спрятать трансформаторную будку, которая портила благородный вид здания Госбанка. Вот ее-то и поместили внутрь башенки. Да и никакого жилого дома по соседству не было: здесь стояла церковь Покрова Божией Матери, давшая название улице Большой Покровской. <br>",5,,43.998765,56.320166,7.0,ARCHITECTURE
17,Нижегородская ярмарка,"Нижний Новгород, Канавинский район, микрорайон Ярмарка","<p>Нижегородская ярмарка — крупнейшая торговая площадка Российской империи, расположенная в непосредственной близости от главных речных торговых артерий Оки и Волги. История ее основания уходит корнями в 17 век. В то время ярмарка находилась в 90 км от Нижнего Новгорода вниз по Волге у стен Макарьевского монастыря. После пожара 1816 года торговлю решили перенести в Нижний Новгород. Для этого осушили местность, построили канаву для сточных вод и первую в Европе канализацию, а также гостиницы, подсобные и складские помещения.
<br>История Нижегородской ярмарки насчитывает более четырёх веков. Ранее она выполняла важнейшую функцию «менового двора Европы с Азией». Здесь продавались товары из самых отдаленных регионов мира, основная торговля шла с Востоком: Китаем, Персией и Средней Азией.
<br>Ярмарочный комплекс на Стрелке был построен под руководством зодчего московского Манежа Августина Бетанкура.
<br>
<br>Главный ярмарочный дом построен в 1890 году. В нем размещались квартира и канцелярия губернатора, учреждения по управлению ярмаркой, отделения Государственного банка. На первом этаже находился лучший пассаж для розничной торговли. В 1918 году деятельность Ярмарки была прекращена, а с 1922 года здесь было место дислокации частей Красной армии. В 1929 году в здании Главного ярмарочного дома надолго обосновался магазин «Детский мир». Традиция проведения ярмарок на нижегородской земле была восстановлена лишь в 1990 году, и в настоящее время здесь проводятся значимые форумы и выставки.
<br>
<br>В 1896 году на средства нижегородского купечества на Нижегородской ярмарке было установлено два одинаковых чугунных фонтана: один у Главного ярмарочного дома, второй у Староярмарочного собора. В 1928 году фонтан от собора перенесли ко Дворцу культуры им.Ленина, второй же остался на ярмарочной площади. Фонтан украшают чугунные человеческие и львиные головы, из которых струится вода. Памятник искусства является объектом культурного наследия регионального значения 19 века.
<br>
<br>Павильон №1 – здание с зеркальным фасадом, расположенное справа от входа в Главный ярмарочный дом. Его невозможно не заметить. Павильон был построено в 1996 году, в 2020 капитально отремонтирован. Его площадь свыше 4000 квадратных, вместимость до 2000 человек. Здесь проходят крупные Всероссийские выставки и форумы, а также корпоративные мероприятия, презентации, шоу-программы.
<br>
<br>В 2021 году территория Ярмарки была обновлена в рамках празднования 800-летия города. <br></p>",5,,43.961958,56.327944,15.0,STREETS_SQUARES
31,Жилой дом завода «Красное Сормово»,"Нижний Новгород, Большая Покровская улица, 29","<p>Жилой дом завода «Красное Сормово» на Большой Покровской, 29 является памятником градостроительства и архитектуры, объектом культурного наследия регионального значения. Здание — образец архитектуры соцреализма эпохи сталинской неоклассики. Это архитектурное течение называют «стиль Победы» или «Сталинский ампир». Оно построено в 1952 −1954 годы по проекту нижегородского архитектора Людмилы Рождественской. Этот пятиэтажный дом предназначался для проживания работников завода «Красное Сормово».
<br>
<br>Расстояние между домом на Большой Покровской и заводом «Красное Сормово» составляет 25 км. Даже в наши дни при наличии четырех мостов через Оку и развитой транспортной сети дорога занимает полчаса. А в середине 20 века при наличии единственного моста этот путь был очень длительным. Поэтому любопытно, что дом для работников завода «Красное Сормово» был построен на таком значительном расстоянии от предприятия. Зато квартиру в нем получила его создатель — архитектор Людмила Рождественская. <br></p>",5,,43.998469,56.320636,7.0,ARCHITECTURE
132,Эссен (Федеративная Республика Германия),"Нижний Новгород, историческая территория Старый Нижний Новгород","<p><b>Дата основания:</b> 852 год.</p><p><b>Население: </b>583 393  жителей.</p><p><b>Площадь:</b> 210,34 км².</p><p><b>Дата заключения Соглашения об установлении побратимских отношений с Нижним Новгородом:</b> сентябрь 1991 года.</p><p><b>Основные направления сотрудничества: </b>культура, наука, образование, молодежная политика, спорт.</p>",9,,44.013355,56.319229,,
34,Завод «Красное Сормово»,"Нижний Новгород, улица Баррикад, 1","<p>Одно их крупнейших и старейших судостроительных предприятий в стране, ведет свою историю с 1849 года. В мае 1850 года было спущено на воду первое судно — деревянный колёсный пароход «Ласточка», в 1870 году была построена первая в России мартеновская печь, в 1953 году — первая в мире установка непрерывной разливки стали. «Красное Сормово» — предприятие-универсал. В разное время на нем производили паровозы, вагоны, паровые машины и дизели, трамваи и, конечно, пассажирские пароходы, буксиры, сухогрузные и нефтеналивные суда, технический флот, подводные лодки. В годы Великой Отечественной войны на заводе выпускали танки Т-34, снаряды для «Катюш» и другие боеприпасы. Особую славу «Красному Сормову» принесли скоростные корабли на подводных крыльях, самые известные из которых «Ракеты» и «Метеоры».
<br>
<br>Современное предприятие ориентировано на выпуск танкеров, сухогрузов, круизных пассажирских судов речного и смешанного «река-море» плавания.
<br>
<br>Одни из самых знаменитых речных колесных пароходов сормовского производства «Спартак» и «Володарский» стали кинозвездами. «Спартак» сыграл роль «Ласточки» в фильме Эльдара Рязанова «Жестокий романс», «Володарский» снимался в фильмах «Хождение по мукам», «Очарованный странник» и «Васса».
<br>Эти пароходы были построены в 1914 году. Первоначально они носили имена «Великая княжна Ольга Николаевна» и «Великая княжна Татьяна Николаевна» в честь дочерей российского императора Николая II.
<br>
<br>В 1917-1918 годах пароход «Великая княжна Татьяна Николаевна» был переименован в «Добрыню Никитича», а «Великая княжна Ольга Николаевна» — в «Алёшу Поповича». Позже они сменили названия на «Спартак» и «Володарский».&nbsp;</p><p>ФОТО ПРЕДОСТАВЛЕНО ПАО «Завод «Красное Сормово».<br></p>",5,,43.870401,56.358907,10.0,ARCHITECTURE
186,Панно «Гимн труду»,"г. Нижний Новгород, пр. Ленина, д.11","Авторы мозаики —Виктор Бебенин, Владимир Каштанов, Валентин Любимов, Станислав Лотонин, Леонид Цыкаленко и Александр Швайкин. Была создана в 1977 году. Входит в реестр произведений советского монументально-декоративного искусства Нижегородской области",10,,43.9344,56.29544,5.0,URBAN_ART
177,Мозаика «Вечная память»,"г. Нижний Новгород, станция метро «Московская»",Авторы мозаики — Петр и Людмила Шорчевы. Была создана в 1985 году. Входит в реестр произведений советского монументально-декоративного искусства Нижегородской области,10,,43.94545,56.321257,5.0,URBAN_ART
168,Мозаика «Знамёна Революции. Серп и Молот»,"г. Нижний Новгород, станция метро «Кировская»",Автор мозаики — Владимир Логинов. Была создана в 1989 году. Входит в реестр произведений советского монументально-декоративного искусства Нижегородской области,10,,43.876432,56.246674,5.0,URBAN_ART
195,Мозаика «Под водой»,"г. Нижний Новгород, ул. Маршала Жукова, д.27",Автор мозаики — Валентин Любимов. Была создана в 1977 году. Входит в реестр произведений советского монументально-декоративного искусства Нижегородской области.,10,,43.947973,56.229652,5.0,URBAN_ART
185,Панно «Связь времён»,"г. Нижний Новгород, ул. Рождественская,д. 49","Авторы мозаики — Владимир Арискин, Александр Щелоков и Андрей Гладков. Была создана в 1987 году. Входит в реестр произведений советского монументально-декоративного искусства Нижегородской области",10,,43.981094,56.326527,5.0,URBAN_ART
160,Пространственная композиция «Приглашаем в театр»,"г. Нижний Новгород, ул. Большая Покровская, д.39Б ",Автор мозаики — Анатолий Лисин. Была создана в 1979 году. Входит в реестр произведений советского монументально-декоративного искусства Нижегородской области,10,,43.995891,56.318322,5.0,URBAN_ART
142,Макет театра драмы,"Нижний Новгород, ул. Большая Покровская, 13","Тактильный макет достопримечательности для лиц с ограниченными возможностями здоровья. Для достоверной передачи деталей и соблюдения масштабов при создании макетов использовалась технология лазерного сканирования памятников архитектуры. На объектах есть историческая справка, QR-код и текст Брайля, который помогает узнавать о достопримечательностях Нижнего Новгорода людям с нарушениями зрения.",3,https://nn-grad.ru/audiogidy/,44.001351,56.324162,7.0,MAKETS
42,Нижегородский кремль,"Нижний Новгород, Кремль","<p>У Ивановской башни кремля было сформировано знаменитое ополчение Кузьмы Минина и князя Дмитрия Пожарского, освободившее Россию от польско-литовской интервенции.
<br>
<br>Нижегородский кремль — главная достопримечательность города. Древняя каменная крепость является уникальным инженерно-фортификационным сооружением начала 16 века, шедевром средневекового зодчества, гордостью исторической части города. За всю свою историю крепость единственная в России осталась неприступной для врага. В годы Великой Отечественной войны кремль также сыграл значительную роль в обороне города. На верхних площадках кровли башен были установлены зенитные пулеметы, защищавшие город от немецко-фашистской авиации.
<br>
<br>Первоначально в составе кремля было 14 башен, на сегодняшний момент сохранилось только 13 из них. 14-я башня кремля — отводная башня-стрельница, располагалась перед Дмитриевскими воротами и была связанная с Дмитриевской башней подъёмным мостом над заполненным водой рвом. У стрельницы было только 3 стены — четвертая, обращенная к Дмитриевской башне, отсутствовала. Таким образом, захватить стрельницу было невозможно — попав внутрь, враги оказались бы под обстрелом защитников Кремля. Башня была разобрана на кирпич в конце 18 века.<br></p>",5,,44.002932,56.328544,50.0,ARCHITECTURE
75,Театр драмы им. М. Горького,"Нижний Новгород, Большая Покровская улица, 13","Нижегородский государственный академический театр драмы имени
<br>М. Горького — один из старейших в России, ему более 200 лет. Располагается по адресу Большая Покровская, дом 13.
<br>История театра начинается с того времени, когда князь Николай Григорьевич Шаховской, переехав на постоянное жительство в Нижний Новгород и перевезя в город труппу и имущество своего крепостного театра, 7 февраля 1798 года открыл Нижегородский публичный театр, а его крепостные актеры сыграли в нем первый спектакль — по комедии Д.И. Фонвизина «Выбор гувернера».
<br>В 1968 году театру присвоено звание «Академический». <br>",8,,44.001438,56.324141,15.0,ARCHITECTURE
45,Площадь Минина и Пожарского,"Нижний Новгород, площадь Минина и Пожарского","<p>Площадь Минина и Пожарского — главная площадь Нижнего Новгорода. Является общественно-культурным центром города, местом проведения государственных праздников и народных гуляний. Площадь расположена в исторической части города, с юго-восточной стороны от нагорной части Кремля. Она соединяет центральные улицы города: Большую Покровскую, Алексеевскую, Варварскую, Ульянова, Минина, Верхне-Волжскую набережную и Зеленский съезд. На площади расположено множество памятников архитектуры, университеты: Мининский, Лобачевский и медицинский, а также выставочный комплекс нижегородского художественного музея, памятники Кузьме Минину и Валерию Чкалову. Площадь является проезжей, движение автотранспорта по ней перекрывается в праздничные дни и на время проведения мероприятий.
<br>
<br>За свою многовековую историю площадь не раз меняла свои названия. Она называлась Верхнепосадской и Верхнебазарной, по своему расположению и назначению; Благовещенской в честь одноименного собора перед Дмитриевской башней (собор не сохранился). Окончательное название площади сформировалось в 1943 году после установки памятника Кузьме Минину. <br></p>",5,,44.006597,56.327266,30.0,STREETS_SQUARES
58,Собор Пресвятой Богородицы (Рождественская церковь),"Нижний Новгород, Рождественская улица, 34А","<p>Храм в честь Собора Пресвятой Богородицы, один из красивейших в православном мире, он был построен в 1719 году купцами Строгановыми. Это каменная пятиглавая церковь с отдельно стоящей высокой колокольней, ее венчают яркие праздничные купола. Храм является памятником архитектуры федерального значения. Церковь чудом сохранила богатое убранство. Иконостас с тончайшей резьбой и уникальной живописью являются одним из красивейших в России. Ее часто называют Рождественской, поскольку рядом когда-то располагалась древняя церковь в честь Рождества Пресвятой Богородицы.
<br>
<br>В храме располагаются такие святыни: иконы с частицами мощей преподобного Серафима Саровского, митрополита Филарета Московского, оптинских старцев в ковчеге рядом с иконостасом, а также Державная икона Божией Матери.
<br>
<br>В 1930-е годы Рождественская церковь была закрыта большевиками. Во время Великой Отечественной войны в ее помещении находился аптечный склад, благодаря которому почти полностью сохранился уникальный иконостас — 43 из 46 икон конца XVII столетия. В 1960-е годы в храме располагался один из филиалов краеведческого музея.
<br>
<br>Храм в честь Собора Пресвятой Богородицы был освящен в 1719 году. В 1722 году на Божественной литургии в нем присутствовал император Петр I. После его посещения церковь закрыли. По одной из версий причиной этого стало то, что в двух иконах император узнал свои, которые он заказывал для Петропавловского собора Санкт-Петербурга. Повторное освещение Рождественской церкви состоялось в 1993 году.
<br>
<br>Церковь Собора Пресвятой Богородицы принадлежит к архитектурному стилю, который принято называть «строгановским барокко». Храм характеризуется отличается особой монументальностью образа, изысканным пышным декоративным убранством. В наружном декоре Рождественской церкви прослеживаются ягодно-цветочные мотивы. Среди декоративных деталей встречаются витые колонки, характерные для западноевропейского барокко. Белокаменные украшения достигают кульминации на южной и северной стенах церкви. Наличники окон украшены витыми колонками, полностью покрытыми резными гроздьями винограда. Над проходной аркой в нижнем ярусе колокольни укреплена икона Божией Матери «Одигитрия». Ее украшает лепной балдахин с преобладающими растительно-фруктовыми элементами. <br></p>",5,https://nn-grad.ru/audiogidy/,43.985146,56.327401,30.0,RELIGIOUS_SITES
56,Парк Победы,"Нижний Новгород, парк Победы","<p>Парк Победы он же Нижегородский городской музей техники и оборонной промышленности находится на Нижне-Волжской набережной в районе Гребного канала. Он заложен в 1985 году в честь 40-летия победы в Великой Отечественной войне. В коллекции музея насчитывается 49 единиц военной техники. Основу экспозиции составляют машины местного производства. Одна группа экспонатов — техника времен Великой Отечественной войны, вторая — техника, созданная в послевоенное время, в том числе находящаяся на вооружении в данный момент России и других стран. Постоянно действующие экспозиции музея: выставка военной техники, «Солдатский привал», «Рубеж обороны». На аллее ветеранов в парке Победы установлены мемориальные знаки в память о нижегородцах, погибших во время войны. А также памятники: «Батя» в честь знаменитого генерала, командующего воздушно-десантными войсками Василия Маргелова, и «Побег из ада», посвященный подвигу солдат, сумевших сбежать с секретного немецкого острова Узедом.На открытых площадках парка проводятся военно-патриотические мероприятия, а также импровизированные сражения участников клуба исторической реконструкции.<br></p>",2,,44.03562,56.328131,30.0,PARKS_EMBANKMENTS
52,Пешеходный мост,"Нижний Новгород, улица Заломова","Пешеходный мост через Сергиевский овраг построен в 1968 году и соединяет набережную Федоровского и улицу Заломова. Это излюбленная смотровая площадка нижегородцев и гостей города, с которой открывается прекрасный вид на Оку, Нижегородскую ярмарку и Канавинский мост и, конечно, на великолепные нижегородские закаты.",5,,43.981707,56.324227,7.0,PARKS_EMBANKMENTS
137,Макет церкви Иоанна Предтечи,"Нижний Новгород, Ивановский съезд, 1б","Тактильный макет достопримечательности для лиц с ограниченными возможностями здоровья. Для достоверной передачи деталей и соблюдения масштабов при создании макетов использовалась технология лазерного сканирования памятников архитектуры. На объектах есть историческая справка, QR-код и текст Брайля, который помогает узнавать о достопримечательностях Нижнего Новгорода людям с нарушениями зрения.",3,https://nn-grad.ru/audiogidy/,43.998108,56.329811,7.0,MAKETS
63,Художественные промыслы,"Нижний Новгород, Большая Покровская улица, 43","<p>

</p><p>Дом на улице Большая Покровская, 43 известен как Музей истории художественных промыслов Нижегородской области. Здание было построен в 1975 году по проекту архитектора Юрия Осина. Его фасад сверху украшен мозаичным фризом из смальты. На красочной мозаике изображены персонажи народного искусства. На 4 этаже постройки расположен непосредственно Музей художественных промыслов, на первом — сувенирный магазин. В этом же здании находятся Горьковское проектно-конструкторское бюро при Управлении художественными промыслами, мастерские и различные офисы. В экспозиции музее представлено около 4 тысяч произведений декоративно-прикладного творчества нижегородских мастеров. Благодаря интерьерам музея, посетители могут ощутить атмосферу крестьянского жилища, купеческого дома, сельского храма.
<br>
<br>Магазин художественных промыслов существует уже более 40 лет и также является достопримечательностью города. Здесь можно приобрести продукцию самых известных промысловиков России.
<br>
<br>
<br></p>",5,,43.995142,56.318104,15.0,ARCHITECTURE
74,Театр «Вера»,"Нижний Новгород, Канавинский район, жилой район Мещерское Озеро, Мещерский бульвар, 10","Театр «Вера» расположен в Канавинском районе Нижнего Новгорода по адресу Мещерский бульвар, дом 10. Это один из самых молодых театров города. Его художественным руководителем с самого момента создания является Вера Александровна Горшкова, заслуженный работник культуры РФ. В 1976 г. Вера Александровна Горшкова создала «Театральную студию будущего», которая дала рождение новому камерному театру в Нижнем Новгороде. В 1991 г. театр получил профессиональный статус, а студийцы — образование в Самарской академии культуры и искусств. Репертуар театра разнообразен. Основной жанр спектаклей – сказка, наполненная искренней верой в чудо, торжество любви, победу добра. Именно этой верой театр «Вера» щедро делится со своими зрителями.",8,,43.932141,56.340829,7.0,ARCHITECTURE
83,Сквер Горького,"Нижний Новгород, площадь Максима Горького","Вторая площадь на исторической оси Нижнего Новгорода: Минина - Горького - Лядова и треугольника Минина - Горького - Свободы. Между площадью Горького и Минина проходит пешеходная улица Большая Покровская. На самой площади располагается сквер с памятником Горькому в нём.
<br>От площадь так же отходит несколько исторических улиц, представляющих интерес для туристов: Горького, Новая, Костина, Маслякова, Звездинка. <br>",2,,43.99125,56.313954,10.0,PARKS_EMBANKMENTS
141,Макет музея-усадьбы Рукавишниковых,"Нижний Новгород, Верхневолжская набережная, 7","Тактильный макет достопримечательности для лиц с ограниченными возможностями здоровья. Для достоверной передачи деталей и соблюдения масштабов при создании макетов использовалась технология лазерного сканирования памятников архитектуры. На объектах есть историческая справка, QR-код и текст Брайля, который помогает узнавать о достопримечательностях Нижнего Новгорода людям с нарушениями зрения.",3,https://nn-grad.ru/audiogidy/,44.016119,56.329307,7.0,MAKETS
117,Студия 1221,"Нижний Новгород, Почаинская улица, 17И","Созданное художниками для художников, пространство «1221» (которое чаще называют Izzi) работает во многом как альтернативная площадка для экспонирования для тех, кто не может или по каким-то причинам не хочет быть аффилированным с галереями.&nbsp;Соседствует Izzi с другими культурными проектами — штаб-квартирой The Village Нижний Новгород и открытой оранжереей «Парник».",7,,43.994816,56.32722,130.0,ARCHITECTURE
79,Театр юного зрителя,"Нижний Новгород, улица Максима Горького, 145","Нижегородский государственный ордена «Знак Почета» театр юного зрителя — это еще один воплотившийся творческий замысел выдающегося театрального деятеля, народного артиста РСФСР, награжденного орденом
<br>В.И. Ленина, Героя Труда — Н.И. Собольщикова-Самарина. По его призыву группа молодых артистов драматического театра совершенно самостоятельно подготовила для юных нижегородцев дневные представления, приобщая подрастающее поколение к театральному искусству, развивая эстетический вкус и нравственно воспитывая. Располагается по адресу Максима Горького, д. 145. <br>",8,,44.0106,56.31677,10.0,ARCHITECTURE
91,Железнодорожный вокзал,"Нижний Новгород, площадь Революции, 2А","Московский вокзал Нижнего Новгорода относится к Горьковской железной дороге. Расположен он в четырех километрах от центра, на площади Революции, 2.
<br>Ж/д Нижнего Новгорода был открыт в 1862 году. Долгое время он назывался Горький-Московский, и лишь с июля 2010 года название было изменено на Нижний Новгород-Московский. В 2002 году транспортный узел был модернизирован. <br>",5,,43.945901,56.321901,15.0,ARCHITECTURE
93,Квартал трех Святителей,"Нижний Новгород, улица Короленко","Около ста лет назад деревянная застройка являлась лицом города и составляла значительную часть всех зданий Нижнего Новгорода. К настоящему моменту в столице Приволжья уцелела лишь небольшая территория, где сохранились не просто дома из дерева, а целые фрагменты русского деревянного зодчества. С кварталом Церкви Трех святителей на авторской экскурсии познакомил всех желающих градозащитник, координатор движения «Деревянные города» Стас Дмитриевский.",5,,43.996673,56.312682,30.0,STREETS_SQUARES
94,Фонтан на пл. Минина,"Нижний Новгород, площадь Минина и Пожарского","Старейший фонтан Нижнего Новгорода стоит прямо в сердце города – в сквере на площади Минина и Пожарского. Впервые вода в чёрную чугунную чашу фонтана потекла ещё 1 октября 1847 года. Тогда объект стал первым централизованным источником водоснабжения для горожан. Проект водопровода был разработан инженером-гидротехником, а сам фонтан изготовили на заводе Шепелевых в Выксе. Тогда фонтан обеспечивал подачу 40 тысяч ведер воды в сутки.
<br>В нынешнее время фонтан на площади Минина и Пожарского оснащён современным водопроводом, световой подсветкой и музыкальным сопровождением. <br>",2,,44.005918,56.326101,10.0,ARCHITECTURE
96,Бывший речной вокзал,"Нижний Новгород, площадь Маркина, 15А","Белоснежное здание со шпилем у места слияния Оки и Волги — нижегородский Речной вокзал. Место на Нижне-Волжской набережной выбрано не случайно: многие столетия напротив Стрелки располагались пристани, к которым причаливали военные, торговые и пассажирские суда. Вокзал был построен в 1964 г., и вплоть до 2001-го здесь кипела жизнь: в кассах продавались билеты на скоростные местные маршруты, а горожане и туристы коротали время в залах ожидания.
<br>В начале двухтысячных инфраструктура пришла в упадок, а Речной вокзал перестал использоваться для обслуживания пассажиров. Собственного сайта у него нет.
<br>После реконструкции в 2003 г. его помещения заняла администрация судоходной компании «Волжское пароходство» (внутренние водные грузоперевозки). На входе осуществляется пропускной режим, поэтому попасть в здание могут только сотрудники компании. Посетить по предварительной записи можно только расположенный на 4 этаже исторический музей «Волжского пароходства», который работает по будням с 08:00 до 17:00 (в пятницу до 16:00). <br>",5,,43.987908,56.32971,10.0,ARCHITECTURE
103,Ночлежный дом Бугрова,"Нижний Новгород, Рождественская улица, 2","Дом был построен в период между 1880 и 1885 (по другим данным — 1883) годами. По замыслу, дом должен был стать приютом для «бывших людей». Сам дом располагался между двумя крайностями: с одной стороны от него была купеческая улица, где вершились миллионные сделки, с другой — «Миллиошка», где скитались в основном люди, оказавшиеся «на дне» жизни. Ночлежный дом Бугровых послужил прототипом для ночлежки из пьесы Горького «На дне», однако реальный быт ночлежки отличался от описанного в пьесе, а на фасаде здания была размещена надпись «Водки не пить! Песен не петь! Вести себя тихо!».",5,,43.99735,56.329512,10.0,ARCHITECTURE
109,Арсенал,"Нижний Новгород, Кремль, 6","Волго-Вятский филиал Государственного музея изобразительных искусств имени А.С. Пушкина — одна из ведущих региональных институций. Ее специфика — демонстрация современного искусства в широком контексте мировой культуры.
<br>С 1997 года реализует многочисленные выставочные и междисциплинарные проекты, а также просветительские, детские и инклюзивные программы. С 2011 года располагается в здании Арсенала Нижегородского кремля, памятнике архитектуры позднего классицизма. Благодаря зданию за институцией среди публики закрепилось название — Арсенал.
<br>В 2020 году Арсенал стал филиалом Государственного музея изобразительных искусств имени А.С. Пушкина. Это объединение создает и развивает новую творческую среду, которая работает с уникальной идентичностью территории, представляет современный художественный процесс и интегрирует классическое искусство в актуальный контекст. ",7,,44.006598,56.328137,10.0,ARCHITECTURE
115,Центр Река-река,"Нижний Новгород, площадь Маркина, 15А","5 июля 2021 года свои двери открыло выставочное пространство «Река-Река», созданное в здании бывшего Речного вокзала, – главном офисе Волжского пароходства. Новая культурная площадка рассказывает об истории развития одной из крупнейших судоходных компаний России и отрасли судоходства в целом.
<br>Особенность созданного Волжским пароходством выставочного пространства — это общедоступность площадки для нижегородцев и гостей города, а также открытость проекта «Река-Река» к сотрудничеству с другими музеями, независимыми художниками и культурными проектами. Организация очных экскурсий помогает ближе познакомить всех желающих с историей судоходства России, а также подробнее узнать о профессиях в данной сфере. <br>",7,,43.987898,56.329641,20.0,ARCHITECTURE
116,Дом Архитектора,"Нижний Новгород, Верхне-Волжская набережная, 2Б","Дом Архитектора — это креативное пространство на пересечении разных видов деятельности, связанных с архитектурой, живой музей о прошлом, настоящем и будущем города.
<br>На протяжении нескольких десятилетий Дом Архитектора способствовал развитию архитектурного сообщества, был площадкой для обмена опытом, реализации различных культурных проектов и репрезентации архитекторами своей деятельности горожанам. Сегодня Дом Архитектора находится в процессе перезагрузки как физической, так и смысловой: в настоящее время здесь производится ремонт интерьеров и фасадов, а также формируется новая концепция с участием разных возрастных групп архитекторов, заинтересованных сообществ, организаций и бизнеса.<br>",7,,44.010318,56.329567,7.0,ARCHITECTURE
5,Чкаловская лестница,"Нижний Новгород, историческая территория Старый Нижний Новгород","<p>Чкаловская лестница — монументальное сооружение в историческом центре города, соединяющая Верхне-Волжскую и Нижне-Волжскую набережные. Торжественное открытие лестницы состоялось 24 июля 1949 года и было приурочено к празднованию Дня Военно-Морского флота. Официальное название лестницы — «Волжская», однако народное «Чкаловская» вытеснило его и прочно закрепилось в истории города. Лестница начинается от смотровой площадки у памятника Чкалову рядом с Георгиевской башней кремля. Она построена в виде восьмёрки, в ней 667 ступеней, если считать обе стороны круговых пролетов. В местах пересечений боковых спусков имеются две смотровые площадки.
<br>
<br>Чкаловская лестница (изначально называлась Сталинградской) была заложена в 1943 году в честь победы в Сталинградской битве. Идея строительства принадлежала председателю Горьковского горисполкома Александру Шульпину. Он же добился в Москве выделения соответствующего бюджета. Был объявлен конкурс, в котором победил архитектор Александр Яковлев со своим проектом титанической «восьмерки», самой высокой на тот момент лестницы в Советском Союзе. Согласно первоначальному плану, предполагалось украсить лестницу фигурами вождей и огромным изображением Ордена Ленина, но от этой идеи впоследствии отказались — военное время требовало экономии средств и сил. <br></p>",5,https://nn-grad.ru/audiogidy/,44.00945,56.330336,30.0,ARCHITECTURE
59,"Дом на Суетинской, 29","Нижний Новгород, Суетинская улица, 29",Жилой дом был построен во второй половине XIX века и имеет более поздний пристрой. Его архитектурный стиль — классицизм. В 2015 году дом был включен в единый реестр объектов культурного наследия. Он находится в безвозмездном пользовании Нижегородской епархии.,5,,43.985798,56.327001,7.0,ARCHITECTURE
28,Палаты Чатыгина (Домик Петра I),"Нижний Новгород, Почаинская улица, 27","Около Почаинского съезда находится один из древнейших архитектурных памятников каменной жилой застройки Нижнего Новгорода — палаты Чатыгина, более известные как Домик Петра I. Именно здесь, предположительно, впервые останавливался Петр I во время своего приезда в Нижний Новгород.
<br>Сейчас Домик Петра представляет собой культурную и историко-архитектурную ценность, поскольку является редким типом каменного жилого дома XVII века <br>",5,,43.995179,56.325473,15.0,ARCHITECTURE
114,Центр Рекорд,"Нижний Новгород, Алексеевская улица, 7","Сегодня «Рекорд» позиционирует себя не просто как кинотеатр, киноцентр, а как настоящий культурный центр Нижнего Новгорода. Центр культуры «Рекорд» принимал на своей площадке фестиваль детского и семейного кино «Детский КиноМай», фестиваль нового российского кино «Горький fest», фестиваль веб-сериалов «Realist Web Fest», фестиваль документального кино о культуре «BeatWeekend 2021». Масштабные ремонтно-реставрационные работы «Рекорда» прошли во внутренних помещениях и на фасаде, восстановили ротонду, заменили все инженерные коммуникации. Еще в конце 2017 года в Центре культуры «Рекорд» установили новое кинопроекционное оборудование. В 2021 году в здании было создано три выставочных пространства, киноконцертный зал на 260 мест, зоны лектория и коворкинга, кафе, обновлен интерьер, установлено современное световое и звуковое оборудование.",7,,44.004784,56.323963,20.0,ARCHITECTURE
36,Зачатьевская башня,"Нижний Новгород, Кремль, 2Г","<p>Зачатская или Зачатьевская башня расположена между Белой и Борисоглебской башнями. Своё название башня получила благодаря женскому монастырю в честь Святого Непорочного Зачатия Пресвятой Богородицы. Монастырь находился у подножия кремля на берегу Волги. Он был возрождён, и существует сегодня под именем Крестовоздвиженский. Рядом с башней находился Живоносный источник, поэтому ее еще называли Живоносной. Зачатьевская башня выполняла функция проезда из Кремля. Через ее ворота можно было быстро и напрямую выйти к Волге. Зачатьевская башня — восстановленный исторический объект. Еще в Писцовой книге 1622 года писали, что стены башни находятся в плохом состоянии. В 18 веке разрушение продолжилось, и в 1750-х годах в результате оползня башня окончательно обрушилась. В 1830 году был засыпан сход к Живоносному источнику.
<br>
<br>В 1961 году реставраторами были обнаружены остатки древнего строения. Нижегородский архитектор Святослав Агафонов воссоздал в чертежах исторический облик башни. Восстановительные работы по его проекту начались лишь в 2011 году. Полное восстановление башни закончилось в 2012 году. Ее открытие было приурочено к 400-летнему юбилею нижегородского ополчения. Сейчас в помещениях башни находятся музейные экспозиции.
<br>
<br>Подлинное сооружение до наших дней не сохранилось. Искусство древних строителей оказалось бессильно против «водяного подмою». Грунтовые воды подмыли фундамент и под собственным многотонным весом башня и прилегающие к ней стены начали проседать вниз. Попытки спасти постройки не дали результатов. В 1785 г. северная часть стены с Зачатской и Борисоглебской башнями была разобрана. То, что мы видим перед собой сейчас — это реконструкция 2012 г. Она была сделана на основании археологических раскопок и исторических документов, поэтому максимально точно повторяет оригинальное сооружение.
<br>
<br>Есть легенда и о строительстве самой Зачатьевской башни — легенда о Жёваном Тате. Так на русский манер — Жёваный Тать — нижегородцы называли итальянца Джованни Татти, помощника архитектора Пьетро Франческо, создателя нижегородского кремля. Это был настоящий головорез, заморский хвастун и задира. И так случилось, что и он, и искусный новгородский каменщик Данило Волховец, который прибыл на строительство нижегородского кремля, полюбили одну красну девицу Настасью Горожаночку. Долго ли, коротко ли, но подлость Жеваного Татя привела к схватке, в которой погибли оба соперника.
<br>
<br>И тогда товарищи Данилы Волховца весь белый камень с берега Волги своими руками переносили, известь в яме замесили и трудились неистово, не жалея себя, возводя Белокаменную башню над могилой своего друга. А на полдень от нее, из кирпича кроваво-багряного другая башня росла, Зачатьевская. Под ней хвастун и богохульник итальяшка Тать лежал.
<br>
<br>Спустя много лет подточили подземные воды склон горы вместе с крепостью и башней Зачатия, чтобы сползли они к Волге оползнем. А башню Белокаменную не тронули, оставили памятником над могилой мастера, сложившего крепость нижегородскую. <br></p>",5,,44.003482,56.330799,7.0,ARCHITECTURE
33,Музей «ГАЗ»,"Нижний Новгород, проспект Ленина, 95","<p>Музей истории Горьковского автозавода был открыт в 1965 году по инициативе ветеранов предприятия. Богатая коллекция подлинных музейных предметов рассказывает об истории ГАЗа, в частности, и отечественного автомобилестроения, в целом. Уникальная экспозиция включает более 30 автомобилей марки «ГАЗ» и более 200 профильных экспонатов. Каждый автомобиль здесь — результат многолетних тщательных поисков и кропотливой реставрации. Все выставленные автомобили находятся в действующем состоянии и в любой момент могут отправиться в путь. Многие из местных машин — «звезды» кино и массовых мероприятий. Их снимали в таких фильмах как «Бриллиантовая рука», «Три тополя на Плющихе», «Берегись автомобиля», «Три плюс два» и других, используют для участия в парадах и выставках.
<br>
<br>Самым массовым автомобилем первой половины 20 века стала легендарная полуторка ГАЗ-АА. На Горьковском автозаводе было собрано более 800 тысяч этих автомобилей.
<br>
<br>Касса закрывается за час до окончания работы музея.
<br>Последняя пятница месяца – выходной день. <br></p>",7,,43.894284,56.255139,15.0,ARCHITECTURE
110,ЦЕХ,"Нижний Новгород, Варварская улица, 32","Переосмысленное пространство бывшего печатного цеха в здании «Нижполиграфа» площадью 1000 квадратных метров.
<br>Миссия проекта – сделать процесс представления медиаискусства в Нижнем Новгороде непрерывным, открыть диалог между широкой публикой и миром медиаискусства.
<br>Цех создан студией dreamlaser к 800-летию Нижнего Новгорода при поддержке АНО «Центр 800».
<br>Мультимедиа-арт-пространство находится в одном из бывших газетных цехов в здании «Нижполиграфа» (Нижний Новгород, Варварская ул., 32).
<br>В 2019 году издательское производство там прекратилось, однако в запустении масштабная индустриальная площадка была недолго.
<br>Представителей творческого сообщества привлекало пространство оставленного цеха. В частности, арт-группа «Провмыза» осуществила в его стенах проект под названием Oratorium SARX SOMA при участии dreamlaser.
<br>Осенью 2020 года началась трансформация цеха в мультимедиа-арт-пространство. <br>",7,,44.01194,56.322335,15.0,ARCHITECTURE
64,Театр кукол,"Нижний Новгород, Большая Покровская улица, 39Б","<p>Нижегородский государственный академический театр кукол расположен в едином комплексе с детским кинотеатром «Орлёнок» по улице Большая Покровская, 39. Здание построено в 1912 году по проекту известного архитектора Федора Шехтеля. История городского театра кукол началась в 1929 году, когда в Нижнем Новгороде в Доме культуры имени Свердлова спектаклями «Выход Петрушки», «Негритенок Том» и «Степка — растрепка» открылся «Театр Петрушки». Именно так назывался тогда будущий театр кукол. В здание на Большой Покровской театр переехал лишь в 1979 году. В театре более 700 кукол, за годы существования поставлено более 300 спектаклей. С 1997 года Театр кукол носит звание академического.
<br>
<br>Театр кукол — один из двух кукольных театров России, который с 1997 года носит звание академического. Он был основан в 1929 году супругами Татьяной и Георгием Яворовскими. Нижегородский театр кукол является лауреатом Международных фестивалей в Венгрии, Франции, Испании, Бельгии. Куклы, созданные в мастерских театра, получили Диплом и Большую серебряную медаль на Всемирной выставке в Брюсселе, получили награды в Нью-Йорке, в Чехословакии, во Франции, а многие из них были приобретены Центральным музеем им. Бахрушина города Москвы. <br></p>",8,,43.995828,56.31838,10.0,ARCHITECTURE
144,Макет Чкаловской лестницы,"Нижний Новгород, историческая территория Старый Нижний Новгород","Тактильный макет достопримечательности для лиц с ограниченными возможностями здоровья. Для достоверной передачи деталей и соблюдения масштабов при создании макетов использовалась технология лазерного сканирования памятников архитектуры. На объектах есть историческая справка, QR-код и текст Брайля, который помогает узнавать о достопримечательностях Нижнего Новгорода людям с нарушениями зрения.",3,https://nn-grad.ru/audiogidy/,44.00945,56.330336,7.0,MAKETS
76,Театр оперы и балета им. А.С. Пушкина.,"Нижний Новгород, улица Белинского, 59/2","Нижегородский театр оперы и балета основан 1 июня 1935 года в реконструированном Народном доме, построенном в 1903 году при содействии Горького и Шаляпина. 24 октября 1935 года труппа показала публике свой первый спектакль — постановку оперы Бородина «Князь Игорь». В 1937 году театру присвоено имя А.С. Пушкина.
<br>Располагается в здании бывшего Народного Дома по адресу Белинского, дом 59.
<br>С 1986 года театр проводит Всероссийский Пушкинский фестиваль оперного и балетного искусства «Болдинская осень» — единственный в мире музыкальный фестиваль оперного и балетного искусства, посвящённый
<br>А.С. Пушкину. В его программе спектакли на пушкинские сюжеты и классика музыкального театра с участием звёзд мировой оперной и балетной сцены <br>",8,,44.01701,56.315803,10.0,ARCHITECTURE
135,Макет памятника Минину и Пожарскому,"Нижний Новгород, Рождественская улица","Тактильный макет достопримечательности для лиц с ограниченными возможностями здоровья. Для достоверной передачи деталей и соблюдения масштабов при создании макетов использовалась технология лазерного сканирования памятников архитектуры. На объектах есть историческая справка, QR-код и текст Брайля, который помогает узнавать о достопримечательностях Нижнего Новгорода людям с нарушениями зрения.",3,,43.99687,56.329867,7.0,MAKETS
90,Детская железная дорога,"Нижний Новгород, улица Октябрьской Революции, 23А","Нижегородская детская железная дорога, она же «Малая Горьковская», или как её часто называют просто ДЖД — одна из первых в России. Как и на любой другой ДЖД, мальчики и девочки обучаются здесь тонкостям работы с современной железнодорожной техникой. Юные работники, под чутким руководством старших, выполняют роли путейцев, машинистов и проводников. Дети от 8 до 18 лет управляют тепловозами в три смены.
<br>ДЖД в Нижнем Новгороде построена в 1939 году на южной стороне парка им. 1 Мая. После открытия она стала первой по протяженности и девятой по счету детской узкоколейкой в СССР. Дорога оснащалась самым передовым оборудованием и средствами связи. На территории имелись ремонтные мастерские и вагонное депо со смотровой ямой. В современной России таких дорог осталось 25.
<br>В настоящее время действуют 3 станции — «Родина», «Пушкино», «Счастливая». Протяжённость главных путей составляет 3,2 км, общая протяжённость — 4,1 км. Вагонный парк представлен двумя пассажирскими составами, по 6 вагонов в каждом, и двумя открытыми вагонами типа «Дилижанс». Локомотивный парк состоит из 3-х узкоколейных тепловозов и 1 паровоза. ",5,,43.933623,56.308158,50.0,PARKS_EMBANKMENTS
102,Театральная лестница,"Нижний Новгород, историческая территория Старый Нижний Новгород","Название лестница получила из-за соседства с одноименной площадью и Нижегородским академическим театром драмы имени Горького на ней.
<br>В 2014 году лестницу отреставрировали. В ходе ремонта был заменён фундамент, установлены новые ступени, проложены водоотводные лотки, установлены новые декоративные элементы, восстановлено освещение.
<br>С лестницы открывается удивительной красоты вид на Лыкову Дамбу. <br>",5,,43.998261,56.323799,10.0,ARCHITECTURE
120,Музей Н. А. Добролюбова,"Нижний Новгород, набережная Лыковая Дамба, 2А","Музей Н. А. Добролюбова — единственный в мире музей литературного критика и писателя Николая Александровича Добролюбова, расположенный в Нижнем Новгороде.
<br>Музей располагается в двух зданиях, составляющих ансамбль усадьбы Добролюбовых. Дома построены в 1838 году по проекту известного архитектора Е.И. Кизеветтера и являются памятниками истории и культуры федерального значения. Главным домом музея является двухэтажный флигель, где жила семья Добролюбовых. Здесь прошли детство и юность писателя. В доме-музее восстановлена подлинная обстановка, большая часть которой состоит из мемориальных вещей. <br>",7,,43.998344,56.322763,10.0,ARCHITECTURE
134,Макет памятника Чкалову,"Нижний Новгород, Георгиевский съезд","Тактильный макет достопримечательности для лиц с ограниченными возможностями здоровья. Для достоверной передачи деталей и соблюдения масштабов при создании макетов использовалась технология лазерного сканирования памятников архитектуры. На объектах есть историческая справка, QR-код и текст Брайля, который помогает узнавать о достопримечательностях Нижнего Новгорода людям с нарушениями зрения.",3,https://nn-grad.ru/audiogidy/,44.009444,56.329995,5.0,MAKETS
121,Музей Горького,"Нижний Новгород, улица Семашко, 19","Музей был открыт в 1971 году в доме, в котором Максим Горький жил с 1902 по 1904 год. Горький снял квартиру в доме Н. Ф. Киршбаума в сентябре 1902 года и поселился здесь с семьёй. К этому времени он стал известным писателем, в 1903 и 1904 годах ему была присуждена Грибоедовская премия, он был ведущим автором репертуара Московского Художественного театра, его произведения переведены на 16 языков. Здесь Горький завершил пьесу «На дне» и пережил её успех. В этом доме в гостях у Горького бывали писатели Леонид Андреев и Евгений Чириков, певец Фёдор Шаляпин, различные артисты.",7,,44.018493,56.322773,10.0,ARCHITECTURE
95,Старобусыгинские дома,"Нижний Новгород, Автозаводский район, жилой район Соцгород, микрорайон Соцгород-1, проспект Октября, 21","Монументальные многоквартирные здания, расположившееся в Автозаводском районе – Бусыгинский дом или Серобусыгинский квартал. Считается самым длинным домом Нижнего Новгорода — в нем 450 квартир и 59 подъездов.
К 1939 году в Горьком был построен уникальный жилой дом на 450 квартир, на первых этажах располагались магазины, аптека, взрослая и детская библиотеки, сберкасса и кафе. В огромном внутреннем дворе была своя инфраструктура, установлены скамейки, качели, зоны отдыха для жителей. <br>",5,,43.865354,56.253957,10.0,ARCHITECTURE
133,Макет здания Госбанка,"Нижний Новгород, ул. Большая Покровская, 26","Тактильный макет достопримечательности для лиц с ограниченными возможностями здоровья. Для достоверной передачи деталей и соблюдения масштабов при создании макетов использовалась технология лазерного сканирования памятников архитектуры. На объектах есть историческая справка, QR-код и текст Брайля, который помогает узнавать о достопримечательностях Нижнего Новгорода людям с нарушениями зрения.",3,https://nn-grad.ru/audiogidy/,43.998836,56.320128,5.0,MAKETS
136,Макет Дворца труда,"Нижний Новгород, ул. Большая Покровская, 3","Тактильный макет достопримечательности для лиц с ограниченными возможностями здоровья. Для достоверной передачи деталей и соблюдения масштабов при создании макетов использовалась технология лазерного сканирования памятников архитектуры. На объектах есть историческая справка, QR-код и текст Брайля, который помогает узнавать о достопримечательностях Нижнего Новгорода людям с нарушениями зрения.",3,https://nn-grad.ru/audiogidy/,44.003741,56.325529,5.0,MONUMENTS_SCULPTURES
219,Дворец Культуры им. С. Орджоникидзе,"Нижний Новгород, улица Чаадаева, 17","Дом Культуры им. Серго Орджоникизде — центр культурной жизни заречной части города, а именно — авиастроительного поселка Московского района. Здесь организован отдых и культурный досуг для всех желающих: в ДК действует 16 творческих коллективов и любительских объединений.",6,,43.846308,56.331278,10.0,ARCHITECTURE
24,Усадьба В.Е. Кожевникова,"Нижний Новгород, Черниговская улица, 14","<p>Архитектурный ансамбль в историческом центре Нижнего Новгорода. Предположительно, автор проектов зданий — городовой архитектор В. М. Лемке. Памятник является неотъемлемым элементом исторической застройки улицы Черниговской — правобережной набережной реки Оки. Представляет собой редкий для Нижнего Новгорода образец городской усадьбы в кирпичном стиле с богатым, выразительным декором фасадов.
<br>
<br>В комплекс бывшей усадьбы входят два сохранившихся строения: главный дом и флигель.&nbsp;<br></p>",5,,43.973421,56.320793,10.0,ARCHITECTURE
217,Музей А.Д. Сахарова,"Нижний Новгород, пр. Гагарина, 214 (домофон 3)      ","Музей А.Д. Сахарова был открыт в г. Горький 18 мая 1991 года. Музей состоит из двух частей. Первая часть — экспозиционный зал, в котором посетители могут познакомиться с материалами, рассказывающими обо всей жизни А.Д. Сахарова. И вторая часть — мемориальная квартира, представляющая собой номер специальной гостиницы, в которой всемирно известный ученый и гражданин нашей страны провел в ссылке семь долгих лет своей жизни. Наполненные казенной, гостиничной мебелью комнаты, какими увидел их Сахаров, воссоздают быт и ауру 1980-х годов, возвращая посетителей музея в то время.
Для маломобильных граждан: в музее размещен пандус для заезда в подъезд, а также установлен подъемник.",7,,43.95056,56.232419,10.0,ARCHITECTURE
147,Мозаика «Мы учимся»,"г. Нижний Новгород, ул. Ванеева, д.199",Автор мозаики — Станислав Лотонин. Была создана в 1978 году. Входит в реестр произведений советского монументально-декоративного искусства Нижегородской области,10,,44.034095,56.293297,5.0,URBAN_ART
230,Нижегородский планетарий им. Г.М. Гречко,"Нижний Новгород, Революционная ул., 20","Нижегородский планетарий имени Г. М. Гречко (ранее — Горьковский планетарий) — планетарий, который был открыт в СССР. До 2005 года располагался в нагорной части Нижнего Новгорода (Горького) на территории Благовещенского монастыря, в здании Алексеевской церкви. После возвращения храма Русской православной церкви было принято решение построить новый планетарий на противоположном берегу Оки, в Канавинском районе. Под строительство был приспособлен бывший купеческий дом, стоявший напротив здания Нижегородского цирка. На данный момент здание планетария находится на реконструкции, а сеансы проходят в Мининском университете и Манеже Нижегородского кремля.",6,,43.954917,56.31855,15.0,ARCHITECTURE
221,Театр музыкально-пластической драмы «Преображение»,"Нижний Новгород, ул. Октябрьской Революции, 96/21","Театр музыкально-пластической драмы «Преображение» был создан в Нижнем Новгороде в 1990 году как творческая лаборатория, экспериментирующая в области пантомимы и музыкальной пластики. В 2002 году театр получил статус муниципального, а в 2009 году и своё помещение. Все эти годы руководителем труппы «Преображения» был и остается главный режиссер Анатолий Малофеев. Театр «Преображение» в Нижнем Новгороде — единственный в нашем регионе профессиональный театр, развивающий жанр музыкально-пластической драмы. При этом, помимо пластических, в афише театра присутствуют и драматические, и музыкальные спектакли. Сложился разнообразный детский репертуар, проводятся Новогодние праздники.",8,,43.940846,56.301048,10.0,ARCHITECTURE
231,Камерный музыкальный театр им. В.Т. Степанова,"Нижний Новгород, Юбилейный бул., 32","Создан в 1991 Владимиром Тимофеевичем Степановым. Основу труппы составили студенты и выпускники Нижегородской государственной консерватории им. М.И.Глинки. Репертуар первоначально включал оперную классику («Фауст» Ш.Гуно, «Севильский цирюльник» Дж.Россини, «Кармен» и «Искатели жемчуга» Ж.Бизе, «Пиковая дама» П.Чайковского) и оперетты («Севастопольский вальс» К.Листова, «Горячая кровь» И.Штрауса). В 1997 впервые был поставлен мюзикл «Призрак оперы» Э.Л.Уэббера. В настоящее время театр работает в помещении Дома Культуры «Красное Сормово».",8,,43.862783,56.343553,10.0,ARCHITECTURE
148,Мозаика «Звезда Революции»,"г. Нижний Новгород, станция метро «Двигатель Революции»",Автор мозаики — Владимир Логинов. Была создана в 1985 году. Входит в реестр произведений советского монументально-декоративного искусства Нижегородской области,10,,43.921408,56.277315,5.0,URBAN_ART
166,Мозаика «Дизелестроители»,"г. Нижний Новгород, ул.Адмирала Нахимова, д.10А(колледж)",Авторы мозаики — Дмитрий Арсенин и Анатлоий Павлов. Была создана в 1971 году. Входит в реестр произведений советского монументально-декоративного искусства Нижегородской области,10,,43.9238,56.269486,5.0,URBAN_ART
202,"Мозаики «Солнце», «Спутник», «Планета», «Голубь»","г. Нижний Новгород, ул. Большевистская, д.4",Авторы мозаики — Дмитрий Арсенин и Анатолий Павлов. Были созданы в 1964 году. Входит в реестр произведений советского монументально-декоративного искусства Нижегородской области,10,,43.870269,56.340984,5.0,URBAN_ART
203,Мозаика «Готовимся в полёт»,"г. Нижний Новгород, ул. Ванеева, д.82",Автор мозаики — Валентин Любимов. Была создана в 1966 году. Входит в реестр произведений советского монументально-декоративного искусства Нижегородской области.,10,,44.033942,56.299271,5.0,URBAN_ART
196,Мозаика «Плодородие»,"г. Нижний Новгород, ул. Юлиуса Фучика, д.23 А ",Автор мозаики неизвестен. Была создана в 1982 году. Входит в реестр произведений советского монументально-декоративного искусства Нижегородской области,10,,43.875892,56.233559,5.0,URBAN_ART
233,Общественно-досуговый центр «Надежда»,"Нижний Новгород, ул. Котова, 2","Общественно-досуговый центр «Надежда» основан в августе 2001 г. и располагается в историческом месте — в поселке Копосово Сормовского района г. Н. Новгорода. В центре действуют 30 кружков и секций, в том числе 10 объединений в филиале ОДЦ «Надежда». Значительную часть деятельности учреждения занимает организация зрелищно-развлекательных программ. Опираясь на авторскую разработку сценариев, эксклюзивный подход к музыкальному материалу, в ОДЦ «Надежда» успешно реализовываются театрализованные программы.",6,,43.830118,56.378864,7.0,ARCHITECTURE
108,Шуховская башня на Оке,"Нижегородская область, Дзержинск","Шу́ховская ба́шня на Оке́ — единственная в мире гиперболоидная многосекционная опора линии электропередачи, выполненная в виде несущей сетчатой оболочки. Расположена примерно в 12 км от города Дзержинск на левом берегу Оки, за посёлком Дачный.
<br>Данное сооружение, высота которого составляет 128 м, является одной из двух сохранившихся в России высотных многосекционных гиперболоидных конструкций инженера В. Г. Шухова, вторая — Шуховская телебашня на Шаболовке в Москве. Шуховская башня на Оке построена через семь лет после башни на Шаболовке, признаётся западными специалистами более совершенной и достойной внесения в список Всемирного наследия.&nbsp;<br>",5,,43.543545,56.193396,10.0,URBAN_ART
128,Памятник Владимиру Ленину,"Нижний Новгород, площадь Ленина","Памятник авторства скульптора Юрия Нероды и архитекторов Вадима Воронкова и Юрия Воскресенского был открыт 19 апреля 1970 года в ознаменование 100-летия со дня рождения Ленина. Площадь, на которой был установлен памятник, создавалась в том числе и непосредственно жителями города.&nbsp;Это крупнейший памятник Владимиру Ленину в Нижнем Новгороде. Он представляет собой 17-метровую бронзовую скульптуру Ленина на пьедестале из серого гранита. Левую руку фигура Владимира Ильича прижимает к груди, а правой указывает дорогу всем строителям социализм.",1,,43.959556,56.326014,10.0,MONUMENTS_SCULPTURES
118,Галерея 9Б,"Нижний Новгород, Октябрьская улица, 9Б","Галерея 9Б открылась 16 марта 2018 года в Нижнем Новгороде. Основатели - коллекционеры искусства Георгий Смирнов и Елена Тальянская.
<br>Это уютное двухэтажное пространство в кирпичном здании, построенном в дореволюционную эпоху. Оно расположено в центре, исторической части, неподалеку от главной пешеходной улицы Большая Покровская. Рядом расположен сквер имени Свердлова - одно из главных публичных мест города, где регулярно проводятся фестивали, концерты, кинопоказы, вечеринки, барахолки и художественные события.&nbsp;<br>",7,,44.00199,56.321791,7.0,ARCHITECTURE
69,Сормовский парк,"Нижний Новгород, Сормовский парк культуры и отдыха","Расположен в&nbsp;Сормовском районе. Центральный вход&nbsp;— со&nbsp;стороны&nbsp;ул. Энгельса, где установлен памятник СПК Метеор.
<br>Парк открылся в&nbsp;1935&nbsp;году, и&nbsp;носил название «Парк культуры и&nbsp;отдыха&nbsp;им. А.А. Жданова»
<br>В&nbsp;конце 1970-х гг. был переименован в&nbsp;Сормовский парк культуры и&nbsp;отдыха.
<br>Одна из&nbsp;достопримечательностей Сормовского парка&nbsp;— стела «Славной памяти революционеров-сормовичей», установленная на&nbsp;месте проходивших в&nbsp;начале 20&nbsp;века нелегальных собраний сормовских рабочих (автор А.&nbsp;Елизаров).
<br>Площадь Сормовского парка&nbsp;— 86&nbsp;га.",2,,43.856436,56.339257,60.0,PARKS_EMBANKMENTS
23,Дом А.Л. Барышевой,"Нижний Новгород, Черниговская улица, 4",Историческое здание — объект культурного наследия Российской Федерации. Дом А. Л. Барышевой — памятник градостроительства и архитектуры в историческом центре Нижнего Новгорода. Построен в 1837–1839 годах. Автор проекта — первый городской архитектор Нижнего Новгорода Г. И. Кизеветтер.,5,,43.977315,56.324328,10.0,ARCHITECTURE
27,Палаты Афанасия Олисова,"Нижний Новгород, Нижегородский район, Крутой переулок, 7","<p>Памятник градостроительства и архитектуры в историческом районе Започаинье (Ильинская слобода) Нижнего Новгорода. Построены в 1676 году. Вместе с церковью Успения Божией Матери составляют архитектурный ансамбль посадской застройки Нижнего Новгорода XVII века.
<br>Историческое здание по адресу Крутой переулок, 7 сегодня — объект культурного наследия Российской Федерации.
<br>В настоящий период палаты имеют два этажа, но изначально над каменной частью был надрублен как минимум ещё один бревенчатый этаж, так как считалось, что жить в толстостенных кирпичных зданиях вредно для здоровья. Исторических данных о деревянной части палат не сохранилось, поэтому во время реставрации её не восстанавливали.&nbsp;&nbsp;<br></p>",5,,43.990399,56.325792,10.0,ARCHITECTURE
10,Волжская набережная,"Нижний Новгород, Волжская набережная","<p>Волжская набережная начинается от улицы территории Стрелки — места слияния рек Оки и Волги, продолжается вдоль территории стадиона «Нижний Новгород», микрорайонов «Седьмое небо» и «Мещерское озеро». До 2017 года набережная вплотную подходила к дворовым территориям, имела пешеходную зону и многочисленные спуски к песчаному берегу. В 2017 году Волжская набережная попала в программу благоустройства в рамках подготовки города к Чемпионату мира по футболу в 2018 году.
<br>
<br>После этого территорию переформатировали — появилась четырехполосная проезжая часть, огороженная прогулочная зона с велодорожками, парковочные зоны и новое освещение. В 2017 году набережную продолжили вглубь микрорайона «Мещерское озеро» на улицу Карла Маркса.
<br>
<br>На набережной расположены такие знаковые объекты, как здание Горьковской базы «Главсоль» (сейчас — ресторан «Соляная Биржа»), стадион «Нижний Новгород», ТРЦ «Седьмое небо».&nbsp;<br></p>",4,,43.946588,56.343853,70.0,PARKS_EMBANKMENTS
229,Парк им. 777-летия г. Н.Новгорода,"Нижний Новгород, Автозаводский район, микрорайон Северный","Парк был заложен в 1998 году на месте пустыря и небольшого озера. Открыли его в июне 2000 года. В народе название этого парка сокращают просто до «777» («Три семерки» или «Семерки»). На территории парка располагаются детский комплекс аттракционов и зона с игровыми элементами, многофункциональная площадка для игры с мячом, скейт-парк и кафе. Детская площадка была обновлена и спроектирована при помощи благотворительного фонда топ-модели Натальи Водяновой. В 2018 году она присутствовала на открытии этой зоны отдыха.",2,,43.875303,56.26264,30.0,PARKS_EMBANKMENTS
228,Детский парк им. Я.М. Свердлова,"Нижний Новгород, ул. Пискунова, 40, корп. 1","Небольшой парк площадью чуть больше 2 га находится в самом сердце Нижнего Новгорода. Существующая территория парка — часть архиерейского сада, разбитого в 1706 году при основании Иоанновского монастыря. Еще раньше по территории парка проходил древний земляной вал, остатки которого сохранились на улице Пискунова. На сегодняшний день на территории есть детский городок, спортивная площадка с тренажерами, небольшая сцена-ракушка и ресторан «Джани», оказывающий существенную поддержку парку. Отдельного внимания заслуживает зеленый массив парка, состоящий из могучих деревьев и кустарников. У центрального входа растет огромное дерево вяза, много 100-летних лип и кленов, что свидетельствует о том, что этот парк является одним из старейших в городе.",2,,44.01311,56.326386,30.0,PARKS_EMBANKMENTS
35,Музей истории завода «Красное Сормово»,"Нижний Новгород, улица Свободы, 1","<p>Музей создан в 1967 году к 50-летию Октябрьской революции по инициативе совета ветеранов, партийного комитета, комитета комсомола и администрации завода. В 2004 году его объединили с заводским музеем подводного судостроения. Музейная экспозиция представлена большим количеством моделей судов и различной продукции завода, а также документами и фотографиями. Особое внимание уделено основателю завода — соучредителю компании Нижегородской машинной фабрики и Волжского буксирного и завозного пароходства — Дмитрию Бенардаки.
<br>
<br>В музее хранятся следующие реликвии — золотые медали престижных всемирных и всероссийских выставок, пять орденов СССР, Знамя Государственного Комитета Обороны СССР.&nbsp;<br></p>",7,,43.86993,56.359774,7.0,ARCHITECTURE
41,Катер Герой,"Нижний Новгород, историческая территория Старый Нижний Новгород","У подножья Чкаловской лестницы на берегу Волги на большом гранитном пьедестале расположен небольшой кораблик. Это катер «Герой» — памятник, установленный в честь моряков Волжской военной флотилии. Появился по инициативе ветеранов-речников в канун празднования 40-летнего юбилея Победы в мае 1985 года. Интересна его история. Буксир «Герой» трудился на Волге почти 100 лет. Существуют версии, по которым он участвовал в войнах Гражданской и Великой Отечественной, в том числе в боях с фашистскими захватчиками под Сталинградом. С 1967 года катер-ветеран в качестве музея боевой славы военного флота каждую навигацию отправлялся в рейс по Волге.",1,,44.009465,56.332309,7.0,MONUMENTS_SCULPTURES
222,Кинотеатр «Буревестник»,"Нижний Новгород, ул. Коминтерна, 244","Кинотеатр был открыт 1 мая 1955 на центральной улице района. В первые майские дни «Буревестник» посетили около 10 тысяч сормовичей. Сегодня «Буревестник» — клуб с большими возможностями и ярким творческим потенциалом. Клуб, который сохранил лучшие кинематографические традиции и успешно развивает деятельность по проведению культурно-массовых, досуговых мероприятий для всех возрастных и социальных слоев населения. В «Буревестнике» ведут активную концертную и выставочную деятельность 13 творческих коллективов и студий для детей и взрослых.",6,,43.865322,56.35466,7.0,ARCHITECTURE
223,Кинотеатр «Зарница»,"Нижний Новгород, просп. Гагарина, 114","Центр культуры и кино «Зарница» основан 3 марта 1951 года в Ворошиловском районе города Горький. После переименования Ворошиловского района в Приокский кинотеатр приобрел название «Ока» и демонстрировал новинки и классику советского кинопроката. Со временем Приокский район развивался и рос, перед учреждениями культуры встала новая задача — обеспечение условий для культурного развития ребёнка вблизи от дома. Кинотеатр «Ока» активно включился в эту работу и преобразовался в детский специализированный кинотеатр «Зарница». Именно под этим названием он приобрел широкую известность. На базе кинотеатра проводились детские кинофестивали, организовывались киноклубы. Традиционно большое внимание уделялось военно-патриотическому и нравственному воспитанию. В 2016 году кинотеатр объединен с библиотечной системой Приокского района и приобрел статус центра культуры и кино с прежним именем «Зарница». Как и в прежние времена, здесь проводятся творческие встречи, выставки, демонстрируются развивающие фильмы и новинки современного, в приоритете русского, кинематографа для всех возрастов, а также организуются дни рождения, мастер-классы, дискотеки и разнообразные культурные активности.",6,,43.976678,56.269339,7.0,ARCHITECTURE
224,Кинотеатр «Орленок»,"Нижний Новгород, Большая Покровская ул., 39А","Кинотеатр «Орлёнок» открылся в 1980 году на месте старейшего и популярнейшего нижегородского кинотеатра «Палас», принявшего своих первых зрителей еще в 1912 году. «Орлёнок» расположен на центральной пешеходной улице Нижнего Новгорода Большой Покровской в здании, спроектированном знаменитым русским архитектором Ф. О. Шехтелем. На сегодняшний день кинотеатр специализируется на показе фильмов для детей и молодежи, в том числе по системе образовательных и воспитательных абонементов, а также фильмов направления «арт-хаус» в рамках проекта «НАСТОЯЩЕЕ КИНО» и в рубрике «Специальный показ». В «Орлёнке» также проходят фестивали европейского кино, организованные совместно с Французским культурным центром «Альянс Франсез — Нижний Новгород» и другими культурными представительствами; анимационные фестивали; фестивали короткометражного кино; выставки детского творчества; художественные и фото- выставки.",6,,43.996356,56.318603,7.0,ARCHITECTURE
175,Мозаика «Даёшь Автозавод к 1932 г.»,"г. Нижний Новгород, станция метро «Комсомольская»",Автор мозаики — Ким Шихов. Была создана в 1987 году. Входит в реестр произведений советского монументально-декоративного искусства Нижегородской области.,10,,43.889066,56.252239,5.0,URBAN_ART
162,Мозаика «Клуб юных автомобилистов»,"г. Нижний Новгород, ул. Юлиуса Фучика, д.1 ",Автор мозаики — Дмитрий Арсенин. Была создана в 1972 году. Входит в реестр произведений советского монументально-декоративного искусства Нижегородской области,10,,43.86832,56.240863,5.0,URBAN_ART
204,Мозаика «Покорение неба»,"г. Нижний Новгород, ул. Ванеева, д. 84",Автор мозаики — Валентин Любимов. Была создана в 1966 году. Входит в реестр произведений советского монументально-декоративного искусства Нижегородской области.,10,,44.034176,56.298822,5.0,URBAN_ART
197,Панно «Перелёт Чкалова через Северный полюс»,"г. Нижний Новгород, станция метро «Чкаловская»",Автор мозаики — Валентин Любимов. Была создана в 1985 году. Входит в реестр произведений советского монументально-декоративного искусства Нижегородской области.,10,,43.937072,56.311309,5.0,URBAN_ART
220,Музейно-выставочный центр «Микула»,"Нижний Новгород, улица 50-летия Победы, 25, помещение 1А","Музей был основан в 1976 г. как музей боевой и трудовой славы. С 1995 г. назывался «Музей истории и культуры Московского района». С этого времени началась активная выставочная и культурно-просветительская деятельность музея, и он становится одним из значительных культурных центров Нижнего Новгорода. Здесь открыты четыре постоянные экспозиции: этнографический и военный залы музея, выставка работ художника Валерия Бахматова и выставка, посвященная быту людей, живших в 50-е гг. ХХ в. Кроме этого, музей работает как выставочный комплекс, и с октября 2016 г. получает новое название «Музейно-выставочный центр «Микула». В музее проходят выставки живописи и графики, фотографии и декоративно-прикладного искусства, произведений классиков и авангардистов, тематические, персональные, групповые и концептуальные выставки, в рамках которых проводятся литературные вечера, творческие встречи с художниками, презентации, семинары, мастер-классы.",7,,43.882085,56.32434,7.0,ARCHITECTURE
234,Центр культуры и досуга «Молодёжный»,"Нижний Новгород, ул. Дьяконова, 25А",Здание было построено в 1958 году в честь 40-летия комсомольской организации и получило назание «Дом культуры Ленинского комсомола». Строительство учреждения позволило организовать культурный досуг населения Северного поселка Автозаводсткого района. Центр продолжает быть любимым местом отдыха жителей. Сейчас здесь действует 14 творческих коллективов для детей и взрослых.,6,,43.887103,56.265313,10.0,ARCHITECTURE
235,Центральная районная детская библиотека им. Н. А. Зайцева,"Зайцева улица, 7","Центральная районная детская библиотека им. Н. А. Зайцева.
Библиотека открылась в 1991 году.
Входит в состав Централизованной библиотечной системы (ЦБС) Сормовского района г. Нижнего Новгорода.
С 2013 года библиотека успешно функционирует как Центр поддержки детского чтения. Его работа направлена на повышение статуса книги, чтения, библиотеки.
Своим читателям библиотека предлагает:
- фонд качественной литературы;
- книжные выставки, представляющие лучшие произведения для детей и подростков, интересные издательские новинки и книги авторов - лауреатов литературных конкурсов и премий;
- мероприятия, направленные на развитие у детей навыков вдумчивого и творческого чтения,
- встречи с поэтами и писателями,
- консультативную помощь руководителям детского чтения (педагогам, родителям, библиотекарям) по использованию различных приемов и методов приобщения детей к чтению.

В 1998 году в Центральной районной детской библиотеки им. Н.А. Зайцева открылась музейная экспозиция, посвященная жизни и деятельности талантливого инженера-конструктора Н.А. Зайцева, соратника выдающегося конструктора судов на подводных крыльях Р. Е. Алексеева.
Фонд  музейной экспозиции насчитывает более 600 экспонатов, собранных при поддержке сотрудников Центрального конструкторского бюро по судам на подводных крыльях им. Р.Е. Алексеева, родственников Н.А. Зайцева и Р.Е. Алексеева, ветеранов ЦКБ по СПК.

Для своих посетителей музейная экспозиция предлагает:
- тематические экскурсии по музейной экспозиции;
- книжные выставки, посвященные Н.А. Зайцеву, Р.Е. Алексееву и их соратникам;
- встречи с членами семьи Н.А. Зайцева и Р.Е. Алексеева и ветеранами АО «ЦКБ по СПК им. Р. Е. Алексеева»;
- краеведческие мероприятия, посвященные выдающимся нижегородцам и их деятельности по созданию судов на - подводных крыльях и экранопланов;
- детские творческие конкурсы.

Библиотека является партнером городского проекта «Образовательный судостроительный кластер» (в проекте участвуют ПАО ""Завод ""Красное Сормово"", школы Сормовского района, ЦРДБ им. Н.А.Зайцева, инженерные вузы и техникумы города).",6,,43.801813,56.370786,10.0,LIBRARIES
236,Библиотека им. П.И. Мельникова-Печерского,"Культуры улица, 111","Библиотека им. П.И. Мельникова-Печерского. Входит в состав Централизованной библиотечной системы (ЦБС) Сормовского района г. Нижнего Новгорода. В 2010 году получила статус Библиотечного краеведческого центра. Обладает одним из лучших в Сормовском районе фондом краеведческой литературы.
История библиотеки началась в 1969 году, когда в доме № 29 по улице Федосеенко, она впервые распахнула свои двери для читателей всех возрастов.
В 1971 году библиотеке было присвоено имя П. И. Мельникова-Печерского. Изучение и продвижение творческого наследия нижегородского писателя стало с этого времени приоритетным направлением работы.
В 1980 году на улице Культуры, 111 построили новое здание, куда библиотека переехала и находится до настоящего времени.
Если вам не безразлично будущее России, если вы хотите лучше узнать историю нашей страны - приходите в эту библиотеку и начните изучение родного края.
Здесь вы можете:
- найти уникальные сведения и материалы о Сормовском районе и Нижнем Новгороде;
- встретиться с интересными людьми - нижегородскими поэтами, писателями, историками и краеведами;
- познакомиться с выдающимися земляками в краеведческой студии ""Нижегородские параллели"";
- стать участником различных краеведческих акций и конкурсов;
- внести свой вклад в создание музейно-выставочной экспозиции ""Картинки Нижегородского быта XIX века"".",6,,43.838947,56.344366,10.0,LIBRARIES
237,Библиотека им. Ю. А. Адрианова,"ул. Дьяконова, 25","В библиотеке богатый фонд краеведческой литературы. Сотрудники выпускают собственные разработки в виде тематических папок, дайджестов, буклетов по истории, искусству, литературе, экологии нижегородского края и своего района.

Для читателей открыт абонемент для взрослых, абонемент для детей, справочно-информационный зал, сектор краеведения, литературно-игровой зал.",6,,43.885603,56.264437,10.0,LIBRARIES
238,Библиотека им. А. С. Макаренко,"ул. Мончегорская, 11а, корпус 3","Граней изобразительного искусства немало. Одна из них – фотография. И на Автозаводе есть библиотека, которая держит в фокусе внимания этот вид творчества. Двери большого зала библиотеки им. Макаренко всегда открыты. Здесь можно познакомиться не только с фотовыставками из Русского музея фотографии, но и с авторами выставленных работ, узнать об истории создания снимков, побывать на  встречах с известными фотохудожниками нашего города.

Работает взрослый абонемент, детский абонемент, хобби-клуб, выставочный центр ""Объектив"" и литературно-игровой зал.",6,,43.830734,56.231708,10.0,LIBRARIES
239,"МБУ ДО ""ДМШ № 13""","Движенцев, 7","В 1958 году на основании Распоряжения №289 от 24.06.1958 в поселке Сортировочный была открыта музыкальная школа № 13 с контингентом учащихся 60 человек. Приказом №102 Горьковского Управления культуры от 30.06.1958 директором школы был назначен Лев Израилевич Долинский. Музыкальная школа располагалась в жилом доме по ул. Таллиннской и занимала площадь двух квартир на 1 этаже.
Уже за первые годы существования школа приобрела большую популярность. Число желающих учиться музыке росло, но недостаток учебных помещений не позволял увеличивать число обучающихся.
В 1967 году перед руководством школы остро встал вопрос о расширении помещения школы. И в 1968 году школа получила в свое распоряжение еще две освободившиеся квартиры и стала занимать весь первый этаж жилого дома. Это позволило увеличить контингент учащихся, штат преподавателей и расширить учебный план.
В 1981 году школа переехала в новое здание, пристроенное к общеобразовательной школе № 75, с 22-мя классными комнатами, просторным залом, подсобными помещениями. Было приобретено большое количество музыкальных инструментов, мебели, появилась возможность расширить существовавшие отделения и открыть новые. С годами росло и техническое оснащение школы: аудио и видеотехника, фонотека, видеотека широко используется преподавателями в работе с детьми.
За 65 лет своего существования школа выпустила более двух тысяч учащихся. Многие из них стали музыкантами-профессионалами, окончив музыкальное училище, консерваторию или музыкально-педагогический институт. Некоторые из них работали и работают в нашей школе.
МБУ ДО ""ДМШ № 13"" осуществляет образовательную деятельность по двум видам дополнительных общеобразовательных программ: предпрофессиональным программам и общеразвивающим программам (фортепиано, скрипка, народные инструменты, духовые инструменты, хоровое пение, вокал эстрадный, вокал народный).
В условиях значительного отдаления микрорайона от культурных очагов города музыкальная школа, наряду с ДК железнодорожников, стала центром эстетического воспитания детей. Обучение способствует развитию творческих способностей детей и взрослых, формированию культуры здорового и безопасного образа жизни, укреплению здоровья, обеспечивает их адаптацию к жизни в обществе, профессиональную ориентацию.",6,,43.849689,56.290584,10.0,ARCHITECTURE
240,Детская библиотека им. В. В. Бианки,"ул. Прыгунова, 9","Для самых маленьких читателей открыта сенсорная комната, песочная анимация и ежедневные занятия с малышами в рамках цикла «Библионяня».

На площадке библиотеки открыта выставка, посвященная Виталию Бианки — настоящая музейная комната с разнообразными экспонатами.

Клубы и объединения в библиотеке:
Родительский клуб «Мы – родители» для родителей
Объединение по интересам «Заряд мудрости» для пенсионеров
Объединение по интересам «Чтение плюс общение» для подростков
Объединение по интересам «Читаем новое!» для детей 7-11 лет
Творческая мастерская «Читаем.Думаем.Творим» для детей 7-12 лет
Школа ЭКОагентов для детей 8-12 лет
Мастерская «Зелёного чтения» для детей 7-9 лет",6,,43.860989,56.233244,10.0,LIBRARIES
241,Детская библиотека — филиал №6 им. Е.А. Никонова,"Куйбышева улица, 13","Библиотека основана в 1964 году.
Ведущая тема – нравственное воспитание.
В библиотеке создан иллюстративный музей Героя Советского Союза Евгения Никонова.
Структура библиотеки: абонемент, читальный зал, комната сказок.
Дополнительные услуги для читателей: ксерокопирование, сканирование, распечатка с электронных носителей.",6,,43.912912,56.327605,10.0,LIBRARIES
262,Центральная районная библиотека им. А. С. Пушкина,"Березовская улица, 96А","Библиотека основана в 1937 году.
Основные направления деятельности библиотеки:
— программа «Пушкиниана», в библиотеке создана Пушкинская гостиная
— Авторская программа заведующей отделом обслуживания Н.И. Зотовой «Не замути родник здоровья» по предотвращению наркомании и девиантного поведения. В рамках Авторской программы реализуется проект «Преодоление»
— правовое просвещение
Ежегодно 6 июня в библиотеке и на площадке перед библиотекой проводится ПУШКИНСКИЙ ПРАЗДНИК.
Дополнительные услуги для читателей: ксерокопирование, сканирование, поиск информации в сети Интернет, распечатка с дисков, флеш-носителей, ламинирование, подготовка и проведение электронных презентаций с использованием мультимедийного проектора, брошюрование, поиск законодательной информации в системе КонсультантПлюс, поиск информации в электронном каталоге и электронной картотеке статей, оформление учебных работ и других документов, набор текста.",6,,43.872317,56.329232,10.0,LIBRARIES
242,"МКУК ""Централизованная библиотечная система"" Нижегородского района г. Н. Новгорода","Родионова, 199, к.2","Центральная районная библиотека им. В.Г. Короленко — одна из старейших библиотек Нижнего Новгорода. Ее история начинается в конце XIX века. С 1921 года библиотека носит имя писателя и гуманиста В.Г. Короленко. Современное и уютное книжное пространство — по адресу улица Родионова, 199, к.2 в Нижегородском районе — является постоянной точкой притяжения для нижегородцев всех возрастов. В просторных залах постоянно организуются конференции, фестивали, праздничные программы, встречи с интересными людьми, театрализованные представления и мастер-классы. Для проведения любого event-события библиотека располагает всем необходимым: аудио- и видеооборудование, 3D-принтер, голографические проекторы и многое другое. Выход организации за рамки традиционной библиотечной деятельности стал возможен благодаря реализации нескольких грантовых проектов, которые учитывали особенности территории, потребности целевой аудитории, социальные и культурные факторы. Вместе с нашими читателями и партнерами мы постоянно ищем культурные коды прошлого, настоящего и будущего.",6,,44.07901,56.300814,10.0,LIBRARIES
243,Детская библиотека — филиал №5 им. Н.Ф. Гастелло,"проспект Героев, 2","Библиотека основана в 1952 году.
Все годы своего существования библиотека им. Н.Ф. Гастелло находится на проспекте Героев (ранее ул. Н.Гастелло), на первом этаже трехэтажного дома.
Раньше библиотека называлась «Детская библиотека №2 Сталинского района».
Библиотека им. Н.Ф. Гастелло — уютная, нарядная и красивая — центр притяжения детей с окрестных улиц. Коллектив библиотеки активно привлекает детей к участию в подготовке и проведении библиотечных мероприятий.
Особенно плодотворно сотрудничество библиотеки с педагогическим коллективом и учащимися школы №64, ни одна проводимая библиотекой акция не проходит без их участия. Сотрудники же библиотеки — самые активные участники жизни ЦБС. Без них не обходятся ни межрайонные, ни городские, ни областные мероприятия.
Структура библиотеки: младший абонемент, старший абонемент, читальный зал.
Дополнительные услуги для читателей: ксерокопирование, распечатка с электронных носителей.",6,,43.8965,56.31589,10.0,LIBRARIES
244,Центральная районная детская библиотека им. В.Г. Белинского,"Буревестника улица, 9","Библиотека им. В.Г. Белинского была открыта в 1942 году в рабочем поселке Сормово. Разместили ее в помещении барачного типа. В 2002 году в рамках городской программы сохранения и развития библиотек в ЦРДБ им. В.Г.Белинского состоялся капитальный ремонт.
Ежегодно в крупнейшей детской библиотеке района проводится более пятисот мероприятий для различных групп юных читателей.
Ведущая тема: «Эстетическое воспитание».
Структура библиотеки: младший абонемент, средний абонемент, старший абонемент, младший читальный зал, старший читальный зал, комната сказок.
Дополнительные услуги для читателей: ксерокопирование, сканирование, поиск информации в сети Интернет, распечатка с электронных носителей, проведение электронных презентаций с использованием медиапроектора.",6,,43.879575,56.33296,10.0,LIBRARIES
245,Детская библиотека им. К. М. Станюковича,"ул. Космическая, 49","Взрослый абонемент предлагает читателям от 15 лет большой выбор отечественной и зарубежной художественной литературы: остросюжетные детективы, историческую прозу и  мемуары, книги о любви, а также научно-популярную литературу по психологии и воспитанию детей, книги по рукоделию и садоводству.
Детский абонемент – место для чтения и общения. Здесь юных читателей ждут произведения современных авторов и писателей-классиков, интересные познавательные энциклопедии, красочные книжные выставки, занимательные литературные игры и творческие конкурсы.
Литературно-игровой зал «Книга +» – пространство для встречи друзей. Школьники могут сразиться в разнообразные настольные игры, просмотреть интерактивные книжки, принять участие в интеллектуальных турнирах, литературных баттлах и веселых спортивных состязаниях со своими сверстниками.
Конференц-зал – площадка для проведения веселых праздников, мастер-классов, творческих вечеров, театрализованных спектаклей и встреч с любимыми писателями.
В библиотеке для читателей работают клубы и объединения:
Клуб «Солнышко на ладошках» (для детей в ОВЗ)
Кружок «Уроки волшебства»
Фотоателье «В объективе – библиотека»
Театральный кружок «Новое поколение»",6,,43.836393,56.221414,10.0,LIBRARIES
246,Библиотека им. А. Н. Радищева,"пос. Мостоотряд, 30","В библиотеке открыт взрослый и детский абонемент, а также центр «Тропинки радости», работа которого направлена на возрождение традиций православной культуры, приобщение к чтению художественной литературы основанной на православном мироощущении.

Для читателей постоянно действуют книжные выставки с литературой духовно-нравственного содержания. В центре проводятся встречи со священниками, православными писателями и др. интересными людьми.",6,,43.808869,56.200508,10.0,LIBRARIES
247,Библиотека им. В. В. Маяковского,"ул.Комсомольская,2","Книжный фонд активно пополняется новинками литературы повышенного спроса (бестселлерами чтения). Частые гости библиотеки писатели, издатели, журналисты. Истинных ценителей литературы объединяет гостиная ""Литературная среда"". Формируя литературный вкус, популяризируя лучшие образцы мирового бестселлера, библиотека проводит традиционную ежегодную районную литературную викторину, обзоры, медиапрезентации, выставки-просмотры новых книг. В 2016 году в библиотеке родился новый проект совместно с Нижегородским театром юного зрителя ""Театр+книга"", где используя игровое театральное пространство и его методы, зрители и читатели приглашаются в книгу, вдохновляются на создание чего-то особенного, творческого, будь то любопытный образ, рисунок, стихотворение или текст!",6,,43.864358,56.252487,10.0,LIBRARIES
248,Библиотека им. Д. Н. Мамина-Сибиряка,"Южное шоссе, 32а","Основной акцент в своей работе библиотека делает на сохранение национальной культуры. Ежегодно библиотекари рассказывают как взрослым, так и детям о русских праздниках, традициях.

Для активных представителей серебряного возраста в библиотеке организован клуб «Лира».

Доброй традицией библиотеки является ежегодное проведение новогодних игровых программ для детей из многодетных и малообеспеченных семей.

Взрослый абонемент имеет зал художественной литературы и зал универсальной литературы. На детском абонементе есть игровая комната.",6,,43.866945,56.227395,10.0,LIBRARIES
249,Библиотека им. М. Ю. Лермонтова,"пр. Бусыгина, 45А","Ведущее направление -информационная и образовательная помощь семье. Здесь возможно интерактивное знакомство с книгами, работает литературная гостиная «Парус», есть специально оформленный уголок семейного чтения для молодых родителей с интересной подборкой книг по воспитанию детей.
Представлена экспозиция, посвященная Михаилу Юрьевичу Лермонтову, имя которого носит библиотека. В одном из залов можно сфотографироваться с Лермонтовым-гусаром. Взрослый абонемент располагает универсальным фондом. В его составе художественная, отраслевая, справочная, учебная литература. К услугам читателей издания русской, советской и зарубежной классики, историческая проза, мемуары, фантастика, остросюжетные романы, детективы, книги о любви, а также произведения популярных современных авторов.

Детский абонемент предлагает юным читателям, их родителям, руководителям детского чтения литературу по школьной программе, внеклассному чтению, воспитанию детей самого разного возраста.

Справочный зал предоставляет пользователям богатый фонд справочной литературы:",6,,43.885289,56.270621,10.0,LIBRARIES
250,"Центральная районная библиотека Автозаводского района ""Библиотечно-досуговый центр""","проспект Молодежный, 44б","Основное направление библиотеки – популяризация здорового образа жизни. К услугам читателей взрослый и детский абонементы, служба «Информсервис» для оперативного обслуживания пользователей. Для детей всегда открыты двери литературно-игрового зала. Ежегодно в ""Библиотечно-досуговом центре"" проводятся крупные яркие мероприятия для маленьких и взрослых читателей, создаются перспективные программы развития библиотек. Именно отсюда начинается путь книги к читателям Автозаводского района.",6,,43.838433,56.24448,10.0,LIBRARIES
251,"МБУ ДО ""ДХШ №2""","Ярошенко улица, 19","""Детская художественная школа №2"", г. Нижний Новгород. Основана в 1981 году. Располагается в двух помещениях - на ул. Ярошенко, 19, и на ул. Березовская, 111. За годы своего существования школа выпустила более 2000 учащихся. Около 1000 выпускников стали студентами художественных ВУЗов и ССУЗов.",6,,43.852988,56.334339,10.0,ARCHITECTURE
252,"МБУ ДО ""Детская школа искусств № 9 им. А.Д.Улыбышева""","Большая Покровская, 33","Год основания – 1949 г.
Находится в центре исторической части города Нижнего Новгорода на пешеходной улице Большой Покровской. Недалеко от Нижегородского кремля, театра драмы им. М. Горького и театра комедии, филармонии им. Мстислава Ростроповича.
Контингент – 500 учащихся, обучающихся на семи отделениях: фортепианное, струнно-смычковое, народно-оркестровое, хоровое, духовых и ударных инструментов, сольного пения, театральное.
В рамках образовательного процесса реализуются 12 образовательных программ: 8 предпрофессиональных и 3 общеразвивающие.
В школе работают 67 преподавателей и концертмейстеров, из них:
-  3 заслуженных  работника культуры Российской Федерации;
-  1 кандидат искусствоведения;
- 2 победителя Общероссийского конкурса  «Лучший преподаватель детской школы искусств» 2018 года и 2022 года.
-  1 лауреат премии города Нижнего Новгорода;
- 16 лауреатов международных и всероссийских конкурсов;
-  71% имеют  высшую и первую квалификационные категории.
Учащиеся школы занимаются коллективным творчеством в 12 творческих коллективах. Из них два коллектива носят звание «Образцовый (народный) коллектив самодеятельного творчества» ( Концертный хор хорового отделения и   театральный коллектив «FORTE»), оркестр русских народных инструментов получил звание «Заслуженный коллектив народного творчества».
Коллектив школы, понимая свою высокую миссию сохранения лучших традиций музыкальной педагогики, постоянно работает  над повышением качества образования. Вектор развития школы всегда направлен на профессиональное, академическое, а не развлекательное направление. Сегодня школа – центр методической и инновационной деятельности.
Школа является инициатором и организатором двух исполнительских конкурсов, теоретической конференции.	На базе школы создан и успешно функционирует Культурно-образовательный центр имени А.Д.Улыбышева. Программы центра рассчитаны  на аудиторию от 5 лет без ограничения возраста. Основная цель центра – просвещение, знакомство с историей и культурой Нижегородского края,  с судьбами хорошо известных и забытых соотечественников.
Ежегодно преподавателями и учащимися проводится более 100 концертов для жителей города  и  области.
Достижения школы:
Почётный  штандарт Губернатора Нижегородской области,  Благодарственное письмо  Правительства Нижегородской области,
Диплом Министерства культуры Российской Федерации «Победителю  Общероссийского конкурса «50 лучших детских школ искусств»,  Диплом Министерства культуры Российской Федерации «Победитель Всероссийского конкурса «Детские школы искусств достояние Российского государства",6,,43.997776,56.319919,10.0,ARCHITECTURE
253,Библиотека — филиал № 8 им. А.И. Люкина,"Чаадаева улица, 15","Библиотека была создана в 1932 году при профсоюзном комитете Авиационного завода им.С.Орджоникидзе. Библиотека создавалась постепенно из книг, подаренных специалистами завода. Вероятно, вначале на заводе была одна библиотека, которая положила начало трем заводским библиотекам: библиотеке профкома, научно-технической библиотеке при БТИ и библиотеке парткома при партийном комитете Авиационного завода.
Во время Великой Отечественной войны в фонд библиотеки поступили книги из личных собраний, вывезенные из блокадного Ленинграда; среди них редчайшие российские издания 19 — нач. 20 в.
Ведущее направление работы: «В помощь местному самоуправлению»
Самых активных читателей библиотеки объединяет клуб «Книгочей».
Структура библиотеки: абонемент, читальный зал, музей редких книг, музей А.И. Люкина.
Дополнительные услуги для читателей: ксерокопирование, распечатка с электронных носителей.",6,,43.846769,56.33062,10.0,LIBRARIES
254,"МБУ ДО ""Детская художественная школа №1""","Нижневолжская набережная, 14","""Детская художественная школа №1"" ведет свое начало от «Бесплатных воскресных рисовальных классов», открытых Нижегородским Обществом любителей художеств 25 октября ( по старому стилю) 1902года.
На всем своем долгом пути она никогда не прерывала своей деятельности.
Все эти годы она готовила будущих художников, архитекторов,
скульпторов и дизайнеров. Школа никогда не изменяла своему главному принципу, определяя своей целью профессиональное образование в
области изобразительного искусства. Большое количество наших выпускников продолжили свое образование в лучших учебных заведениях России. В школе обучается 250 учеников на бюджетном отделении и 220 на основе самоокупаемости. В школе учатся не только дети в возрасте от 6 до 17 лет, но и взрослое население города.
Школа располагается в здании памятнике культуры регионального значения ""Дом Бугрова"".",6,,43.990662,56.32995,10.0,ARCHITECTURE
255,Библиотека — филиал №4 им. А. Н. Толстого,"Березовская улица, 10","Библиотека создана путем слияния Юношеской библиотеки и библиотеки им. А.Н.Толстого в помещение бывшей центральной библиотеки им. А.С.Пушкина в 1988 году.
В библиотеке работает клуб «Открытая книга».  Основное направление деятельности: продвижение литературы и организация досуга.
Основные  цели и задачи —   способствовать раскрытию творческого потенциала, предоставление  возможности неформального общения и обмена опытом, а также поддерживать читательскую культуру и формировать у членов клуба интерес к лучшим образцам отечественной и зарубежной литературы.
Проводимые мероприятия разнообразны по тематике: ЗОЖ, противодействие наркомании, алкоголизма и табакокурения, патриотическое  воспитанию, мастер–классы.
Структура библиотеки: абонемент, читальный зал.
Дополнительные услуги для читателей: ксерокопирование, распечатка с электронных носителей.",6,,43.884867,56.317288,10.0,LIBRARIES
256,Библиотека — филиал №3 им. Н.К. Крупской,"Героя Давыдова улица, 15","Библиотека основана в 1950 году.
Библиотека им. Н.К.Крупской — одна из наиболее стабильно работающих в Централизованной библиотечной системе Московского района города Нижнего Новгорода. Высокопрофессиональный коллектив трудится в одной библиотеке на протяжении многих лет. Неоднократно работа библиотеки представлялась на городские конкурсы, сотрудники библиотеки выступали с обменом опытом на различных методических мероприятиях.
Библиотека является Районным центром краеведческой информации. В центре собрана полная (в том числе на электронных носителях) информация о Московском районе. Библиотека располагает уникальным фондом литературы о районах Нижегородской области. Выпускает информационно-библиографические пособия.
Структура библиотеки: абонемент, читальный зал
Дополнительные услуги для читателей: ксерокопирование, сканирование, распечатка с электронных носителей.",6,,43.86858,56.324706,10.0,LIBRARIES
257,Библиотека — филиал №2 им. П. А. Заломова,"Мечникова улица, 73А","Библиотека основана в 1955 году.
На самых старых книгах библиотеки им. П.А. Заломова можно найти два вида штампов: «Кооперативная библиотека» или «Библиотека Кооперативного поселка». Этот поселок находился на границе Московского и Сормовского районов. А на одной из раритетных книг стоит штамп «Эвакуационный госпиталь №2811». Во время Великой Отечественной войны госпиталь размещался в помещении школы №93.
В 1977 году для библиотеки было выделено помещение в пристрое к дому №73 по ул. Мечникова, где она находится и сейчас.
Структура библиотеки: абонемент, читальный зал.
Дополнительные услуги для читателей: ксерокопирование, распечатка с электронных носителей.",6,,43.833052,56.336962,10.0,LIBRARIES
258,"МБУ ДО ""ДШИ № 4""","улица Космонавта Комарова, 4","Детская школа искусств № 4 — это мир музыки, искусства, длиною более 70 лет. Свои двери школа распахнула в 1947 году. За эти годы она прошла большой путь — от музыкального кружка Дома художественного воспитания детей города Горького до школы искусств, стала одним из центров музыкального и эстетического образования Ленинского района города Нижнего Новгорода. Директорами школы в разные годы были А.А. Трифонова, А.П. Карпов, А.П. Батуков, В.А. Савинов, В.Т. Изюмов, П.А. Паламодов, И.Е. Королева, Н.Л. Ильина. В настоящее время школой руководит заслуженный работник культуры РФ Т.Е. Форшток.
Обучение ведется на отделениях: фортепианном, струнно-смычковом, народных и духовых инструментов, вокальном, хоровом, хореографическом и общеэстетическом. Гордостью школы является образцовый ансамбль русских народных инструментов «Тальянка». Лауреатами и участниками многочисленных фестивалей, концертов на протяжении многих лет являются Оркестр русских народных инструментов, ансамбль гитаристов, старший и младший хоры.
Педагогический коллектив школы всегда отличал высокий профессионализм, бережное отношение к традициям музыкального образования. Особая благодарность выражается преподавателям прошлых лет. Безграничная преданность своему делу, любовь к детям создали ту особую атмосферу творчества и доброжелательности, которую сохраняет нынешнее поколение педагогов.",6,,43.932989,56.279532,10.0,ARCHITECTURE
259,"МБУ ДО ""Детская школа искусств им. Д.Д. Шостаковича""","ул. Заломова, д.20","""Детская школа искусств им. Д.Д. Шостаковича"" - одна из ведущих школ искусств в г. Нижнем Новгороде. Здесь работают высококвалифицированные, преданные своему делу преподаватели, люди неравнодушные и заинтересованные, представляющие единый творческий коллектив.
Школа реализует дополнительные предпрофессиональные программы в области музыкального искусства «Фортепиано», «Струнные инструменты», «Народные инструменты», «Духовые и ударные инструменты», «Хоровое пение», соответствующие Федеральным государственным требованиям к минимуму содержания, структуре и условиям реализации дополнительных предпрофессиональных общеобразовательных программ в области музыкального искусства, а также общеразвивающие программы.

Учащиеся МБУ ДО «ДШИ им. Д.Д. Шостаковича» ежегодно становятся лауреатами и дипломантами областных, региональных, всероссийских и международных музыкальных фестивалей, конкурсов и олимпиад. Многие наши выпускники продолжают свое обучение в лучших отечественных и мировых средних и высших профессиональных учебных заведениях. Творческий подход преподавателей, преемственность педагогических традиций определяют качество музыкального образования в Детской школе искусств им. Д.Д. Шостаковича г. Нижнего Новгорода.",6,,43.981460571,56.321300507,10.0,ARCHITECTURE
260,Библиотека — филиал № 1 им. А.И. Герцена,"Куйбышева улица, 11","Библиотека им. А.И. Герцена создана летом 1949 года в поселке Бурнаковка. Изначально библиотека размещалась в одноэтажном деревянном бараке с печным отоплением и занимала площадь 114 кв.м. В 1960 году библиотека переехала в новое здание по ул. Куйбышева д.11, где и находится в настоящее время. В 1973 г. прошла централизация библиотек Сормовского района. В 1977 году микрорайон 17-го квартала был передан Московскому району и библиотека стала крупнейшим филиалом ЦБС Московского района.
Библиотека им. А.И. Герцена давно и плодотворно сотрудничает со школами №149 и №21. Учащиеся и педагоги этих школ — постоянные участники библиотечных мероприятий. Здесь часто проводятся встречи с литераторами и поэтами, ветеранами Великой Отечественной войны.
Структура библиотеки: абонемент, читальный зал, музей культуры и быта русского народа.
В ноябре 2019 года состоялось открытие музейной экспозиции «О жизни поэтической строкой», посвященной нижегородскому поэту, лауреату премии Нижнего Новгорода, заслуженному учителю России, члену Союза журналистов России Борису Николаевичу Жукову.
Ведущая тема: «Путь к себе: возрождение русской духовности»
При библиотеке работают клубы «Русские Веды», «Книгочей», «Оптимист» и литературное объединение «Среда поэта».
Дополнительные услуги для читателей: ксерокопирование, сканирование, поиск Информации в сети Интернет, распечатка с электронных носителей.",6,,43.912535,56.326962,10.0,LIBRARIES
261,Библиотека им. Б. Корнилова,"улица Адмирала Васюнина, дом 1, корпус 1","Библиотека начала комплектоваться 2 декабря 1968 года, в помещении бывшей школы № 24 (ул. Агрономическая). В 1969 году библиотека получила помещение по ул. Васюнина, 1/1 и приняла первых читателей, а имя поэта Бориса Петровича Корнилова было присвоено ей 1 сентября 1969 года.",6,,44.036466,56.297418,10.0,LIBRARIES
263,Центральная районная библиотека им. Бориса Панина,"Академика Б.А. Королёва бульвар, 10","В 1970 году, на основании приказа №185 по городскому Управлению культуры, по ул. Нартова, д. 1 выделено помещение для юношеской библиотеки Советского района. Зав. библиотекой назначена Ипполитова Елена Фёдоровна. 4 июля 1970 года юношеской городской библиотеке было присвоено имя Героя Советского Союза, лётчика - нижегородца Бориса Владимировича Панина. 25 августа 1970 года библиотека была торжественно открыта матерью героя - Серафимой Андреевной Паниной. 26 сентября 1975 года был издан приказ Городского управления культуры об организации опорной библиотеки Советского района им. Б. Панина. В 1978 году произошла централизация библиотек Советского района. Библиотека им. Б. Панина стала Центральной районной библиотекой. В 2000 году ЦРБ им. Б. Панина переместилась на ул. Ломоносова, 15. В 2017 году здание по ул. Ломоносова, 15 было признано аварийным и библиотека получила помещение по адресу: бульвар Академика Королева Б.А.,10.",6,,44.031777,56.2828,10.0,LIBRARIES
264,"МАУК ""Дирекция парков и скверов г. Нижнего Новгорода""","улица Адмирала Нахимова, 1Б","В деятельность дирекции входят вопросы содержания и благоустройства городских парков, закрепленных за учреждением. Кроме того, дирекция проводит культурно-массовые мероприятия (государственные праздники, фестивали, ярмарки, концерты, квесты, кинопоказы, спортивные занятия), а также развивает предпринимательскую деятельность и активно сотрудничает с бизнесом (размещение нестационарных торговых объектов и аттракционов, предоставление в аренду площадок, проведение промо-акций, организация мероприятий на партнёрских условиях).

Список территорий, находящихся в управлении учреждения:

- парк ""Светлоярский"";
- зона отдыха ""Щелоковский хутор"";
- парк ""Дубки"";
- парк Станкозавода;
- парк им. Я.М. Свердлова;
- Автозаводский парк;
- парк им. 777-летия Нижнего Новгорода;
- первое парковое озеро (Земснаряд-1);
- второе парковое озеро (Земснаряд-2).

В своей работе дирекция всегда открыта диалогу с жителями города. Планируя развитие, учреждение опирается на принципы сохранения и улучшения социальной, культурной и экологической обстановки в нашем городе. Парковые пространства — это зоны особого внимания жителей города, поэтому коллектив прикладывает все усилия для улучшения репутационного образа парков в глазах посетителей.",6,,43.922183,56.269171,10.0,ARCHITECTURE
265,Центральная районная библиотека им. Д.А. Фурманова,"г. Нижний Новгород, пр. Ленина, 14","Центральная районная библиотека им. Д. А. Фурманова была основана в ноябре 1951 года. Ежегодно около 7,5 тысяч жителей Ленинского района становятся ее читателями. Фонд библиотеки составляет свыше 49 тыс. экземпляров книг, журналов и газет.

К услугам читателей: интернет, СПС «Консультант Плюс», выдача электронных и аудиокниг, электронная библиотека «ЛитРес».

Ведущим направлением работы является нравственно-эстетическое, духовное просвещение, приобщение читателей к великому миру искусства. В ЦРБ им Фурманова для школьников и молодежи действуют клуб «Школьные годы» и лекторий «В мире прекрасного».

С 1986 года в библиотеке действует Общественный совет творческой интеллигенции и литературно-музыкальная гостиная «Светёлка», на заседании которой собираются поэты, писатели, художники, музыканты.

Не забыты и пожилые люди. Для них совместно с районным Советом ветеранов войны и труда был организован клуб «Литературный огонек» для общения и отдыха пожилых людей.

В рамках районной программы «Я – гражданин своего государства» при участии территориальной избирательной комиссии Ленинского района в 2008 году был создан клуб «Молодой избиратель».",6,,43.93588,56.29496,10.0,LIBRARIES
146,Керамическое панно «Юность»,"г. Нижний Новгород, станция метро «Заречная»",Авторы мозаики — Татьяна и Валерий Гришины. Была создана в 1985 году. Входит в реестр произведений советского монументально-декоративного искусства Нижегородской области,10,,43.927694,56.284257,5.0,URBAN_ART
